title,description,length
The 1300s,"The fourteenth century found Europe struggling against famine, plague and the Hundred Years' War between France and England. Japan experienced political infighting and the Aztecs developed a sophisticated civilization that spread throughout Central America. Chapters also examine the rise of the Ottomans, the Mali Empire, the Great Schism and Geoffrey Chaucer's poetry.",370
"Fumbling: A Pilgrimage Tale of Love, Grief, and Spiritual Renewal on the Camino de Santiago","Kerry Egan set off to hike the Camino de Santiago less than a year after her father died, with her boyfriend Alex in tow. Ready to ""be done with this grief thing,"" Egan instead discovers that grief, love, faith, and joy follow as they walk through the wheat fields, olive tree orchards, and little towns of northern Spain. Both a spiritual memoir and travel story, Fumbling explores faith in the face of grief and love.",419
"Impeding Justice  (A Lorne Simpkins Thriller, #2)","Detective Inspector Lorne Simpkins comes up against her long-time nemesis, The Unicorn. After leading Simpkins and her partner into a trap, in which Pete is killed, Lorne comes to the conclusion the criminal is obtaining insider information, enabling him to stay one step ahead of them.
Can Lorne uncover who the mole is before The Unicorn harms her daughter?",359
My Very  First Signs,"Spend a day with twins Josie and Josh as they wake up, eat breakfast, visit their grandparents, take a bath, and go to sleep, lifting the flaps to learn sign language along the way! Studies have shown that babies can communicate using sign language long before they can speak. Our new Little Signs series teaches basic American Sign Language (ASL) signs in a fun, lift-the-flap format!",385
Dangerous Diplomacy: How the State Department Threatens America's Security,"In Dangerous Diplomacy, investigative reporter Joel Mowbray exposes the hidden agendas, mixed allegiances, and outright anti-Americanism that has infected the U.S. State Department. Relying on exhaustive interviews with State Department personnel and extensive research into State's publications, procedures, and recent history, Mowbray reveals an astounding pattern of shortsighted and misguided policies, compounded by an ingrained and self-criticism and correction.",468
Finding Frances,"Finding Frances is a powerful exploration of medical ethics and family loyalties in the 21st century. Fiction based on true events. ""How does each person want to live? How would they want to die? Van Dyck brings these questions smoothly to the surface without ever pushing an agenda or setting up arguments."" (The Washington Times)",331
"Marking Time (Cazalet Chronicles, #2)","The wonderful sequel to The Light Years returns readers to Britain in September, 1939, as war breaks out. Sheltered Louise, now 16, goes from cooking school to London parties. For 14-year-old Polly, the terrors of war cannot forestall the pangs of adolescence. And though Clary's father has been reported missing since Dunkirk, she holds to the belief that he's alive.",368
Come the Shadows,"Officer Will Harmon lives a comfortable life in Campbell Creek, North Carolina, where there hasn't been a murder in seventeen years. When bones are discovered in the old bread factory his life is disrupted but the body only the beginning. Challenges, threats, and surprising mysteries are coming and he will do whatever it takes to protect the life he loves...",360
Karma's a Bitch: A Short Story,"Karen Sheppard is found dead in her car at the Paris Club. Her husband is a self-absorbed sociopath, but is he a killer? The initial evidence points towards Karen's husband, but DNA results exonerates him and points towards a convicted sex offender. Who really killed her? This short story is full of twists and turns with an end that will surprise you.",353
"Prom Night in Purgatory (Purgatory, #2)","Where does before end and after begin?
By some miracle and against all odds, Johnny and Maggie are given a second chance. But Johnny is freed from Purgatory only to find himself in a totally different time and place, in a world full of strangers. 'Prom Night in Purgatory' is the sequel to the love story that is unlike any other, where time is shifting and everything can change, and Maggie must fight for Johnny all over again.",429
The Immortal's Guide,"When the Great Vampire falls, his dark secrets rise.
As a new breed of creature consumes all, Xavier Delacroix is thrown into the fray of The Dark World, while Christian Delacroix is kept maddeningly close to the mysterious Alexandria Stone.
The Immortal's Guide, the powerful book every creature wants to get their hands on, is lost. Xavier Delacroix is in a race to find it--and keep it from the clutches of a surprising new creature that is as familiar as she is deadly.",473
Hats Off to You!,"Let's all go to Chez Chapeaux!
Hats and more piled high.
Which hats do we want to try? 
There are hats with flowers, stripes, and bells. And hats with feathers, stars, and shells. But which ones will they choose to buy?
Pink or purple, red or white?
We think these will be just right
The girls invite you to dress up, too! Put on your favorite hat and join in the rhyming fun as they unveil a very special mother-daughter surprise.",431
Confessions of a Teenage Body Snatcher,"Here's the thing about body snatching. You just can't think about what you're doing. You can't feel sorry for the person, or think they look like your mother, your brother or your sister. You can't feel bad. In fact, you can't feel anything. That's the key. Because the minute you start feeling something, it's over. You're dead - pennies on the eyes, dirt on the face dead. It's no way to live, but for some, it's the only way. Until they come for you . . .",458
Jefferson the Virginian,"Dumas Malone's classic six-volume biography Jefferson and His Time was awarded the Pulitzer Prize in history and became the standard work on Jefferson's life.
Volume 1. Jefferson the VirginianThis first volume explores the early phases of Jefferson's life, from his youth, education, legal career, and marriage, to the building of Monticello, writing of the Declaration of Independence and his highly contentious governorship.",426
Horus Rising,"After thousands of years of expansion and conquest, the imperium of man is at its height. His dream for humanity nearly accomplished, the emperor hands over the reins of power to his warmaster, Horus, and heads back to Terra. But is Horus strong enough to control his fellow commanders and continue the emperor's grand design?",326
Karma: First Edition,"It is 1984, and fifteen-year-old Maya is on her way to India with her father. She carries with her the ashes of her mother, who recently committed suicide, and arrives in Delhi on the eve of Prime Minister Indira Gandhi's assassination.
Maya is separated from her father and must rely upon the mysterious, kindhearted Sandeep to safely reunite them. As her love for Sandeep begins to blossom, Maya must face the truth about her painful adolescence...if she's ever to imagine her future.",486
Orlean Puckett: The Life of a Mountain Midwife,"Orlean Puckett was a midwife who lived from 1844 to 1939 in Carroll County, Virginia. Aunt Orlean delivered thousands of babies in the mountain region of Virginia. She herself, however, lost 24 children of her own. She is commemorated on the Blue Ridge Parkway by a marker which was put up the National Park Service.",316
Sharpe's Gold (Sharpe Series #9),"In this novel, the third in a series that will take the magnetic Sharpe all the way from Talavera to the glory of Waterloo, Bernard Cornwell tells the gripping story of Sharpe's secret mission, an adventure unlike any form of warfare Sharpe has known in his long and embattled career as a soldier fighting his way up through the ranks.Unabridged Audiobook read by Frederick Davidson.",383
Nightworld Vol. 1,"It's fast and furious Faustian action as a trio of demons-- the noble Plenilunio, the hell-raising Hotspot and the haughty Hellena-- battle the evil Empyre and each other over mythic artifacts to lift their curse! Meanwhile Plenilunio's spellbound lover Lidia sleepwalks his castle and haunts his heart. B-movie psychodrama at its best! Collects NIGHTWORLD #1-4.",362
"The Indochina Chronicles: Travels in Laos, Cambodia and Vietnam","From old Viet Cong guerrillas to the new tycoons of Saigon, from hookers and highwaymen to bartenders and ambassadors, Phil Karber has met them all--and had a drink with most. Nobody knows the red states of Indochina better than Phil Karber. This book is sweeping, provocative, and poignant.--Mark McDonald, Foreign correspondent, Knight Rider",343
An Ocean Apart: The Gold Mountain Diary of Chin Mei-Ling,"Mei-ling lives with her father in Vancouver, but her mother and baby brother are still in China. Mei-ling works after school, and her father holds down several jobs, in a frantic effort to come up with the head tax that will allow her mother and brother to come to Canada. They must have that money before the Exclusion Act bars any more Chinese from immigrating. Mei-ling cannot stop thinking about what will happen if they are unable to come up with the money to reunite their family?",486
Feels Like Forever,"A girl who is afraid to really live because of the pain of the past.
A guy who is trying to really live despite the pain of the present.
A cute kid who will lend them everything from laughter and love to her own special kind of bravery.
And the future they all deserve.
*This story deals with sensitive themes, includes brief recollections of traumatic events, and contains mature content.*",390
No Bones,"SHORTLISTED FOR THE ORANGE PRIZE FOR FICTION 2002 - a stunning debut novel about a little girl growing up in the Ardoyne area of Belfast.
Every single night and every single day Amelia goes upstairs to look at her treasure: a miniature plastic sheep, a Black Queen chess piece, a penny prayer for serenity, a tube of glitter - and thirty-seven black rubber bullets she's collected ever since the British Army started firing them...",431
The old Contemptibles,"18 vignettes describing personalized incidents in the British Expeditionary Force in 1914. The small but highly experienced Force was described by Kaiser Wilhelm as ""A Contemptible Little Army"". After inflicting some notable losses on the invading German army, they were overwhelmed and all but destroyed by the vastly superior numbers of the invaders. This book brings out the humour and professionalism of the British army in the face of overwhelming odds in 1914.",466
Borrowed Baby,"No woman can resist a single dad with a toddler in tow. At least, that's what journalist Nick Hansen is setting out to prove for his article on dating. So in the name of research, the confirmed bachelor borrows his two-year-old nephew and becomes an instant daddy. But Nick hadn't counted on meeting someone like beautiful Shannon McEvoy. Now, how can he ever convince Shannon that his feelings for her are real when everything else she knows about him is anything but?",469
He Took a Cab,"Mather Schneider's second full-length collection of poems, HE TOOK A CAB, takes the reader on an unforgettable ride of a lifetime. With each poem, Schneider propels the reader into a mindset of having just hailed a cab in a David Lynch movie--one where seemingly simple stories resonate deeper and deeper within the reader every time the book is read.",351
Fates and Furies,"Every story has two sides.
Every relationship has two perspectives.
And sometimes, it turns out, the key to a great marriage is not its truths but its secrets.
At age twenty-two, Lotto and Mathilde are tall, glamorous, madly in love and destined for greatness. A decade later, their marriage is still the envy of their friends, but behind closed doors, things are even more complicated and remarkable than they have seemed.",423
Buckaroo Banzai,"WHAT ON EARTH?
LECTROIDS FROM PLANET 10!
The latest frenzied adventure torn from the lives of Buckaroo Banzai and The Hong Kong Cavaliers! Join Team Banzai in this action-packed escapade as an interplanetary crossfire threatens to destroy the planet Earth!
BUCKAROO BANZAI---a bold, titillating mix of particle physics, rock 'n' roll, super-sonic speed machines, handsome men, beautiful women, and villains beyond redemption. BUCKAROO BANZAI. If he's not one thing, he's another.",479
Manhattan In Reverse,"A collection of short stories from the master of space opera. Peter F Hamilton takes us on a journey from a murder mystery in an alternative Oxford in the 1800s to a brand new story featuring Paula Mayo, deputy director of the Intersolar Commonwealth's Serious Crimes Directorate. Dealing with intricate themes and topical subjects, this top-10 best-selling author is at the top of his game.",391
No Reason To Stay,"Alexandra Wainwright was unaware that the universe had important lessons to teach her. Now, at the age of forty-nine, as she gradually succumbs to illness, Alexandra retraces her steps through the decades of a life well lived. Set in the unspoiled mountains of the West Kootenays, this tender exploration brims with love and culminates with an illuminating discovery.",367
How the World Works: A Brief Survey of International Relations,"How the World Works builds on students instincts about current world events and develops them into a more systematic and enduring understanding. This brief text introduces each of the field s major theories and demonstrates how different conceptual tools are used to interpret patterns in international relations. How the World Works not only grounds students in the essentials of international relations but also helps students use them to see past the headlines.""",465
"I, The Divine: A Novel in First Chapters","Raised in a hybrid family shaped by divorce and remarriage, and by Beirut in wartime, Sarah finds a fragile peace in self-imposed exile in the United States. Her extraordinary dignity is supported by a best friend, a grown-up son, occasional sensual pleasures, and her determination to tell her own story.",305
In the Shadow of Sherlock Holmes,"In the Shadow of Sherlock Holmes features 21 stories published during the earliest days of detective literature, 1862 to 1910. These stories are stand-outs in the field, and though not well-known today, they easily match or beat Arthur Conan Doyle's master detective in whose shadow they have been relegated. IDW corrects that literary oversight in this ""best of the best"" collection.",384
"Old Boy, Vol. 8","Imprisoned without explanation for a decade by a wealthy former schoolmate, Goto now comes to the endgame against his tormentor. If Goto cannot uncover the secret behind the schoolyard grudge, he'll earn his death and the death of the girl he loves - just as his adversary will accept death if Goto can unlock his memories and the meaning behind them. But there's more to the game locked away in memories, and even the end of the game may not mean the end to the war!",467
French Toast,"Phoebe, the daughter of a white French-Canadian mother and a Jamaican English-speaking father, dislikes her school nickname of French Toast. Gently prompted by her blind grandmother, she uses descriptions of familiar foods from both cultures to explain the family's varied skin colors and realizes she can take ownership of the nickname proudly.",345
Winterflight,"Set in the not-so-distant future, this chilling tale challenges readers to consider how America's apathy and inaction may soon lead to a society of legal terminations and genetically perfect populations. A suspenseful look at what tomorrow could bring, this novel inspires Christians to respond to the issues of their day with conviction, courage, and truth.",358
When You Promise the Dead,"Detective Bailey Jacobs and her father have never been close, but when he disappears, she's ready to give up everything to find him. In the midst of what seems to be a futile investigation, a childhood ghost returns to haunt her. Torn between personal obligations and professional priorities, will she have to stop the search for her father to catch a serial killer?",366
The Story of Time and Clocks,"The Signs of the Times series presents the history of basic systems of communication and calculation for children aged eight to ten. Organized chronologically from ancient history to the present, the volumes in the series are illustrated throughout with colorful photographs and drawings of artifacts and objects. Along with boxes which highlight inventions, personalities, and amazing facts, each of the titles supplies the reader with a timeline, a glossary and an index.",473
Praying with Saint Mark's Gospel,"A clear-cut and effective way to meditate daily on Saint Mark's Gospel. Read the entire Gospel within one year!
An entry for each day of the calendar year which included a short quotation from Saint Mark's Gospel, an original reflection composed by one of the book's twenty-three authors (including Anthony Esolen, Fr. Vincent Nagle, Fr. George Rutler, and Fr. Joseph Lienhard, S.J.), a thought-provoking final prayer.",418
Angela: Queen of Hel #5,"The ferocious finale of the conquest of Hel as Angela and Sera clash at last with the tyrannical Queen Hela in all her glory! Holy crow, are we glad comics don't have special effects budgets. (Marguerite owes Kim, Stephanie and Israel so many drinks.) And the splash page you've all been waiting for...",302
Centaurs,"Weird, creepy, and mysterious creatures from real life, movies, and mythology run amok in the Monsters series. Each monster's menacing characteristics, origins, and lasting appeal in popular culture are covered. Some of the books feature riveting first-person accounts of sightings, while others describe the amazing techniques used to create realistic-looking monsters. Full-color photographs, a glossary, annotated bibliography, and index enhance each book.",459
"Abby,","Abigail Van Buren Masterson chronicles her seventh grade year by writing to the famous advice columnist of the same name. From the beginning to the end of her school year, Abigail discovers a family she didn't know existed, learns about Multiple Sclerosis first hand, is accepted as the ""new kid"" but bullied by the school Drama Queen, gets her first boyfriend, and is taught beginner French by an Italian, all while researching Abigail Van Buren for an English assignment.",473
House of Denizens,"An auction's dealer travels to a country house hoping to acquire a rare piano, but instead gets himself locked inside. House of Denizens is the story of the strange, and at times unsettling occupants of the house to whom he is introduced, and the progressive realization that the house is a place of consequences from which there may be no escape.
http://www.storyboxcreations.com/",381
Pretty When You Sleep: A Creepy Little Bedtime Story,"In this ""creepy little bedtime story"" by William F. Aicher, we wake up with a young woman in the middle of the night. It seems poor Thalia can't sleep, so she does what any other twenty-something would do - she checks her phone. Only then does she realize, she's not alone.
A quick little tale of suspense - another vignette of nighttime terror. Sure to thrill anyone who's ever had to spend the night alone in the dark. That means you.",436
Spanish Settlement in North America: 1822-1898,"Sets the scene for one of America's most exciting historical periods, and explores such developments as the newly won independence of Mexico and the countries in South America, the emergence of missions and farming in California, the concept of manifest destiny, the Alamo, the gold rush, the Civil War, vaqueros, and Mexican songs and folklore.",345
Time Zones,"What are time zones and why do they exist? When it's noon where you live, why is it midnight halfway around the world? This entertaining book explains why time zones exist and includes little-known facts and historical lore, an explanation of Daylight Savings Time, and a hands-on activity that can be performed at home or in the classroom.",340
Four Major Plays 1,"A Doll House, The Wild Duck, Hedda Gabbler, The Master Builder. These four plays project Ibsen's revealing criticism of society & his almost uncanny perception of the intricacies of human motivations & relationships. Exposed are the demonic forces of greed, fear, sexual hostility & willful destructiveness, rising to shatter the prosaic surface of middle-class life.",367
Pioneer Life in the American West,"Focusing on a key topic in American history curriculum, America's Westward Expansion explores the people, places, and events that not only changed the size but shaped the character of the United States in the 19th century. Clear text explains the factors that drew people west, while archival photographs, illustrations, maps, and primary source documents describe their journeys and bring the exploration and settlement of our expanding nation to life.",453
"The Naughtiest Girl Helps a Friend (The Naughtiest Girl, #6)","How can the naughtiest girl be good at camp with horrible Arabella in the very same tent? Especially when she's busy stirring up trouble for Elizabeth's best friend, Joan ...
Bonus material in these new editions include:
A rare, complete serial story about a ""very"" special school.
An interview with Enid Blyton about her school days.
Enid Blyton's experiences as a teacher.
A timeline of the author's life.
Photos from Enid Blyton's younger days.",447
"Break Me (Obsession, #2)","Would you kill for the one you love?
I crashed into his life, ripped apart the walls he had so carefully erected...fueled a passion that he never knew could exist, but his troubled past has come back to haunt us.
I yearn to know his secrets, yearn for him to surrender to me as I have surrendered to him.
Whatever it takes, he says he will protect me... but he will never let me in.",382
Hooked on Antifreeze,"In this collection of stories, poems, and photographs, Nancy Wilbur Woods reveals her life-long affection for Alaska.
Those who know, love or miss Alaska will enjoy these stories.
Nancy Woods was born and raised in Fairbanks, Alaska. She now lives in Portland, Oregon, where she divides her time between working as the editor of a community newspaper and missing Alaska.",370
Look and Be Grateful,"In this meditative and joyful book, a young boy awakens with the dawn, opens his eyes and looks closely at his world. He admires all that surrounds him, large and small, from the radiant sun to a tiny, but exquisite, lady bug.
""Today is today, and it is a gift,"" writes Tomie dePaola. Simply told, penned in graceful hand-lettering and illustrated with jewel-like paintings, this inspiring picture book encourages each one of us to be thankful.",444
On the Edge of Nowhere,"His father is a white trapper, his mother an Athabascan Indian who walks a thousand miles in winter to reunite with her family. Thus, Jimmy Huntington learns early how to survive on the land. Huntington is only seven when his mother dies, and he must care for his younger siblings. A courageous and inspiring man, Huntington hunts wolves, fights bears, survives close calls too numerous to mention, and becomes a championship sled-dog racer.",441
Ever Clever Eva,"When Eva's uncle refuses to give her the cow he promised, she is not about to back down. The argument is taken before the judge, who sets three riddles. When the judge hears about Eva, the clever girl who can solve the riddles, he asks her to marry him. But he soon discovers there's more to having a clever wife than he bargained for.",335
Gerry the Giraffe and His Super Awesome But Sometimes Icky Tracheostomy,"This is Gerry the Giraffe, and he has a tracheostomy. He also has a book written with the aim to provide an easier transition for children with medical needs, to offer an easier way for parents to talk with their children about new tracheostomies, or just to increase any kid's knowledge regarding them or the amazing people who have them. Journey with Gerry through Halloozaballoo, where he will encourage children to understand and grow with each other.",455
"A Series of Murders (Charles Paris, #13)","Charles Paris is thrilled - he's landed a nice juicy part playing Sergeant Collins in the TV detective series, 'The Stanislaus Braid Mysteries', and his estranged wife Frances seems to be on the brink of taking him back.
But filming turns out to be a tortuous process, with star Russell Bentley demanding numerous retakes.",322
The Sword of Io (The Night Stalkers #7.3),"a Night Stalkers 2352 A.D. romance story Captain Christine Merrill ranks as the toughest and best pilot in the Army's Night Stalker fighter regiment. She also hides one of the darkest secrets in the solar system. Sergeant Phil Parello keeps a secret of his own beyond his growing attraction to Captain Christine the Fighting Machine. Crashed on Io's lethal surface, the only way to survive is together. They must share their hearts and their secrets to survive The Sword of Io.",477
"Horse Play (Saddle Club, #7)","THE SADDLE CLUB would do anything to help a friend in need. So when Stevie overhears Max on the phone mysteriously pleading for more time and more money, she, Lisa, and Carole, know what they need to do. Pine Hollow is clearly in trouble and it's up to the Saddle Club to save the day. But while the girls are plotting good deeds, someone is pulling pranks on them! Could it be the same person who wants to see Pine Hollow sold to the highest bidder?",450
"Scout's Progress (Liaden Universe, #6)","In the second novel of the Liaden Universe, Aelliana Caylon is a brilliant mathematician, but is convinced by her brother she has no worth beyond what value she might have in an arranged marriage. Then on a dare, she plays a game of chance and wins a starship. Now she must learn to fly if she is to escape her dastardly brother. Appeared in the omnibus ""Pilot's Choice.""",371
Next Stop the Stars,"Voyagers of Time
One man with the chance to save a dark future of warring tribes, dead cities, mutants, and killer robots, all under the heels of invading giants.
One man with the chance to destroy a gentle future of childlike singers.
One man with the chance to use the past to save - or destroy - a desperate present.
Voyagers of Space
One man whose talents may make hime a psychic victim.
One man whose faults may make him a space hero.
NEXT STOP
THE STARS",459
"In Defence Of Atheism: The Case Against Christianity, Judaism And Islam","In the 21st century, religion is making a comeback, bringing in its wake extremism of all kinds, from Christian anti-abortion campaigns to suicide bombers claiming the righteousness of Islam. Michel Onfray's response to the threat of a post-modern theocracy is to lay down the principles of an authentic atheism.",312
Thirteen Moons on Turtles Back,"The 13 scales on Turtle's shell stand for the 13 cycles of the moon, each with its own name and a story that relates to the changing seasons. Joseph Bruchac and Jonathan London collaborate to reveal the beauty of the natural world around us, while Thomas Locker's illustrations honor both Native American legends and the varied American landscape. Full color.",359
My Soldier,"7 Full length novels by International and USA today best selling authors. Hot, steamy, sexy, military romances with an edge! Romance, suspense, drama...you will love our My Soldier collection!
Special Forces, Navy Seals, US Marines, we got it all...
Honor by J.L. Drake
Saved By A Soldier by Alison Mello
The Ocean Between Us by Delisa Lynn
Till Death Us Do Part by Cristina Slough
Absolution by Penelope Marshall
Her Soldier by H.J. Bellus
Love Him Back by Kris Nacole",469
Mystery Cruise Murders (A Jim Richards Murder Mystery #9),"A woman comes into Jim's office from a mystery writers organization requesting Jim to join on a luxury cruise of the Pacific Ocean to give a speech about his book, and being a P.I. but once Jim and Penny have sailed, people are turning up dead. The Captain asks Jim to hunt for the killer before the cruise goes south. Jim tries to solve the crime in this 9th book of the Jim Richards murder novels.",399
Snow White Lies,"""Evil poisons everyone. Period. Our mouths water when we sink our teeth into what we have always craved. Surrendering to our desires by biting off delectable piece of the forbidden fruit is nothing more than a meager confession: Poison tastes sinfully sweet,""--Confessions of the Big Apple Debutante, by blogger Miss Snow White.",328
The Very Hungry Caterpillar's Christmas 123,"Join the Very Hungry Caterpillar for some Christmas counting fun in this delightfully festive board book. The pages are filled with Eric Carle's distinctive artwork, from 1 jolly Santa Claus to 10 beautifully wrapped presents. And children will love to spot the Very Hungry Caterpillar making an appearance with every number in this perfect Christmas gift!",356
The Life That Alberto Began,"The journey of one man's life, told in a whimsical poetic style. Alberto grows sugar cane and produces cachaca; he marries and has children, grandchildren, and great grandchildren. Albert and his wife are filled with love and joy and as their family increases in size, their love flows over to include people of many nationalities. This is a true story of the life of one remarkable man.",387
The Scorpion - Tome 6 - The Angel's Shadow,"The iron fist of Trebaldi's monks is still strangling Rome, but such an army is expensive. To pay his men before their loyalty begins to slip, the Pope must rely on the financial assistance of European monarchs--and a large sum in gold is coming to Rome. But such a convoy is tempting to many! Trebaldi, the Nine Families, thieves and conspirators... And all figure they can use the Scorpion against each other to obtain what they want.",436
Movement And Silence,"This volume collects important recent articles by Richard Kayne, one of the top formal linguists in the world. Although the articles range widely in topic and theme, they hang together in that they illustrate the power of the comparative approach, and that they reinforce Kayne's view that syntax is generally more complex than it first appears. As with other volumes in this series, the audience for the volume will be formal linguists and syntacticians around the world.",472
"Paddy Plays in Dead Mule Swamp (Anastasia Raven, #3)","When Anastasia Raven agrees to keep Paddy, her cousin's Irish Setter, for the summer, she doesn't understand the mischievous nature of a large puppy. As a volunteer with Family Friends, she meets Corliss Leonard, and his granddaughters Star and Sunny, whose mother disappeared seven years ago. The girls fall in love with Paddy, but can the dog solve their problems?",366
Seducing Cupid,"Aphrodite Albright is very good at what she does. So when Rusty Arrow comes to her catering business to plan the perfect engagement party, she has no idea what she's getting into. Until she discovers the truth and turns the tables on the man determined to seduce her into his future. Will Cupid's Arrow hit its mark?",316
"Wrecked (Iron Seas, #3.4)","Elizabeth has spent the past five years running from her father; her father's huntsman, Caius, has spent the past five years pursuing her. But when he finally catches up to her on an airship flying above Europe's zombie-infested cities, Elizabeth discovers that Caius isn't the only danger she has to fear--and now that he's found her, Caius doesn't intend to let her go...
Originally published in the anthology .",414
"Nellie's Quest (Our Australian Girl - Nellie, #3)","It's 1850 and Nellie's best friend, Mary, is gravely ill. To provide Mary with the care she needs, Nellie must break a promise and go on a quest to find the Thompson family. But will they be able to help? And who will Nellie turn to when her own life is in danger?
Follow Nellie on her adventure in the third of four exciting stories about an Irish girl with a big heart, in search of the freedom to be herself",410
Epitaph of a Small Winner,"In these memoirs, Braz Cubas, a wealthy nineteenth-century Brazilian, examines (from beyond the grave) his rather undistinguished life in 160 short chapters that are filled with philosophical digressions and exuberant insights. A clear forerunner of Gabriel Garcia Marquez and Jorge Luis Borges, Epitaph for a Small Winner, first published in 1880, is one of the wittiest self-portraits in literary history as well as ""one of the masterpieces of Brazilian literature"" (Salman Rushdie).",485
James (Teumessian Trilogy #2),"As the lone survivor of the destruction brought on by Marie, James is left to question: Who am I? However, dark force have begun to arise that will try to answer that question for him and shape his destiny. As secrets are revealed, James' fight not only for survival but to discover his true identity will lead him down a path he can never come back from.
Will he truly become Marie's son?",389
What Ho!: The Best of Wodehouse,"Selected by P.G. Wodehouse Societies to mark the 25th anniversary of PG Wodehouse's death, the anthology has comic stories, extracts, drafts, articles, letters, poems, and 13-pg notes afterwards. Stephen Fry introduces: ""What a very, very lucky person you are. Spread out before you are the finest and funniest words from the finest and funniest writer this century""",366
Parrots and Popcorn,"For her birthday, Kara wants a ton of popcorn, a real magic show, and a puppy of her very own. That isn't what Kara is getting. Her brother is going to do some silly tricks in front of her friends, then pull some silly presents out of his magic hat.
The night before her party, Kara finds her brother's magic hat and tries a few tricks of her own. Will she ever learn how to do magic properly? And will she be able to clean up the mess she makes while she's trying to learn?",474
Meow Monday,"Fans of TURNOVER TUESDAY and ONE WINDY WEDNESDAY will be overjoyed to see Bonnie Bumble in action again. In MEOW MONDAY, the young farmer's pussy willows have burst into bloom, and they're raising quite a ruckus! How will Bonnie stop all the meowing?
Once again author Phyllis Root and illustrator Helen Craig reap giggles in a very spirited story about a very funny farm.",372
"The Reluctant Godfather (The Tales of Ambia, #1)","Burndee is a young and cantankerous fairy godfather, who would rather bake cakes than help humans. A disgrace to the fairy order, Burndee has only two wards entrusted to his care...a cinder girl and a charming prince.
A royal ball presents Burndee with the brilliant solution of how to make his wards happy with the least amount of effort. He'll arrange a meeting and hope the two fall in love.
A humorous and magical re-telling of Cinderella from a unique perspective.",469
Songs for I Love You Rituals,"Twenty-nine of Dr. Bailey's ""I Love You Rituals"" have been set to music. By combining touch and music in an atmosphere of love, optimal brain development is supported. The combination of fun, touch, and music, embedded in a message of hope and love, make this tape more valuable than anyone can measure or imagine.",314
"Real Life on Cannery Row: Real People, Places and Events That Inspired John Steinbeck","A timeless tour through John Steinbeck's world, ""Real Life on Cannery Row: People, Places, and Events that Inspired John Steinbeck"" highlights the unique individuals and memorable moments that influenced Steinbeck's iconic novel. Perfect for both Steinbeck scholars and casual readers, the book offers essential insight into Cannery Row and is a helpful companion piece for Steinbeck students and fans of all ages. Plus, it's a great read on its own.",450
"The Fury (The Vampire Diaries, #3)","Love can kill
Elena: with Damon at her side, and wild with her craving for blood, the changed Elena struggles to control her desires.
Damon: his hunger for the golden girl wars with his hunger for revenge against Stefan.
Stefan: tormented after losing Elena, he will do anything to get her back. Even if it means becoming what he once despised. . . .
Getting what they want may come at a deadly cost.
Length 06:03:23",416
Making and Keeping Creative Journals,"""Through extensive line-art illustration and full-color photographs of custom journals, it encourages the artist and record-keeper within you.""--RubberStampMadness. ""Imaginative crafters...will find projects here for 15 journals constructed from a variety of materials. Public libraries will welcome this to their crafts collections.""--Library Journal. ""A mouthwatering menu of intriguing one-of-a-kind journals, whimsical to historical.""--Tabellae Ansatae.",457
Public Executions,"Although public executions were outlawed in Britain in 1868 and in the United States in 1936, there are still a great many countries around the world where this practice is common. From the arenos of Ancient Rome through London's notorious Tyburn tree it cannot be denied that public executions once provided a perverse form of entertainment for a great many people. This fascinating and revealing book examines the social history behind this barbarism.",453
Anne Frank's Story,"Millions of people throughout the world have read Anne Frank's unforgettable diary. But most readers don't know much about Anne's life before she went into hiding. This remarkable biography, written especially for young readers, chronicles Anne's life from her earliest days. The book includes remembrances from Anne's family and friends and features rare photos of Anne from infancy to adolescence. A powerful, moving tribute to an ordinary girl whose life has inspired millions.",480
The Great Path of Awakening: A Commentary on the Mahayana Teraching of the Seven Points of Mind Training,"Written by the nineteenth-century Tibetan scholar Jamgon Kongtrul, this book provides clear and concise instructions for working with fifty-nine traditional Buddhist maxims or slogans. This practice--made popular in such books as Start Where You Are by Pema Chodron and Training the Mind by Chogyam Trungpa--is designed to awaken the heart and cultivate love and kindness toward oneself and others.",398
American Idle,"After being knocked unconscious with a frying pan by her celebrity chef boss, Jules decides to turn her life around by taking a job as a production coordinator for a new reality TV show, but she soon finds herself dealing with murderous coworkers, insane fans, and a handsome guy who believes her to be an alcoholic. Reprint.",325
"Tri Me (Primrose, Minnesota, #4)","What happens at Girls Night Out, stays at Girls Night Out-unless someone is murdered. Defense attorney Alex Jennings intends to follow the code until her life is threatened by an anonymous caller. Former Detective Jackson Stewart knows it is in his best interest not to interfere with Ladies Night, but when Alex seeks his help, he has no choice but to man-up and take one for the team.",386
Onani Master Kurosawa 3,"""Onani"" means masturbation. And that's what this guy is good at. Every day after school, he sneaks into the mostly unused girls bathroom on the 3rd floor, and masturbates. Until one day when he's caught...
This is a story of mistakes, redemption, and the choices made in between. It contains the very worst and best of the human condition.",339
"Last Wish (Highland Magic, #4)","It's not easy pretending to be dead - especially when it feels as if you have the weight of the world on your shoulders. Between an unfulfilled prophecy, the demon-occupied Lowlands, the continuing power of murderous Aifric Moncrieffe - not to mention her constant yearnings for Byron - Integrity Adair has a lot to worry about.
Still, how hard can it really be to save Scotland, maintain her morals, get the guy and keep her sense of humour?",442
The Inferno of Dante,"With the poet Virgil as his guide, Dante travels through the nine circles of Hell, listening to voices of the condemned. Poet, essayist, and translator Robert Pinsky has captured the intensity and passion of The Inferno in an unsurpassed contemporary translation. Winner of the Los Angeles Times Book Prize.",307
Arte Povera,"Arte Povera is Italy's most important and influential post-war art movement. Originally championed by the leading art critic Germano Celant, it included internationally recognized artists. Edited by one of the world's foremost authorities on the subject, Arte Povera is a complete overview of this movement.",307
"Great Kings of the Bible: How Jesus Is Greater Than Saul, David and Solomon","The three greatest kings of Israel were Saul, David, and Solomon. However, many years later a different king would come. This king was born in a stable, not a palace. He served the sick, the poor and the needy and was without any sin. This king is Jesus, God's Son. He is a very different king. His greatest victory was his death on the cross and because of that God made him, the greatest of all kings; the King of Kings.",422
"Star Wars: Dawn of the Jedi, Volume 2: Prisoner of Bogan","Xesh, a mysterious alien warrior, is enthralled with the madman Daegen Lok and his obsession with conquering known space. Hunter teams are dispatched by the Je'daii to stop Lok and save the misguided Xesh, but they're not alone. Xesh's former masters have sent their own hunter--with orders to kill! Collects Dawn of the Jedi: Prisoner of Bogan #1-#5.",351
"Widow to Widow: Thoughtful, Practical Ideas for Rebuilding Your Life","In this remarkably useful guide, widow, author, and therapist Genevieve Davis Ginsburg offers fellow widows-as well as their family and friends-sage advice for coping with the loss of a husband. From learning to travel and eat alone to creating new routines to surviving the holidays and anniversaries that reopen emotional wounds, Widow to Widowwalks readers through the challenges of widowhood and encourages them on their path to building a new life.",453
Work Lights,"David Young is the author of several collections of poetry, including Field of Light and Shadow(Knopf, 2010); Black Lab (2006); At the White Window (2000); Night Thoughts and Henry Vaughan(1994), which won the Ohio State University Press/The Journal Award in Poetry; The Planet on the Desk: Selected and New Poems 1960-1990 (1991); Foraging (1986); Earthshine (1988); The Names of a Hare in English (1979); Work Lights: Thirty-Two Prose Poems (1977); and Boxcars (1972).",470
A Life of the Twentieth Century,"A Life of the Twentieth Century is a fictionalized biography depicting the life of Aya, which started in a small village in the Carpathian Mountains. From there, she went to Budapest where she survived the Nazi occupation. After the war, she went to Palestine and experienced life in a Kibutz. Later, she immigrated to Canada where she graduated with a B.A. and a teacher's diploma from McGill University. Ava spent the rest of her life teaching.",446
JLA Presents: Aztek: The Ultimate Man,"From writers Grant Morrison (52, Batman) and Mark Millar (Ultimates, Civil War) comes Aztek, the visionary hero from the 1990s!
In these stories from Aztek: The Ultimate ManAztek fights the forces of evil in Vanity City, where he meets costumed characters including Green Lantern and The Joker!
Collecting: Aztek: The Ultimate Man1-10
Drew Geraci",346
Ivy League Cowboy,"Dusty doesn't fear the feisty bull...but his owner's another story.
Dusty O'Donovan, an accomplished bull rider, isn't afraid to ride El Diablo, a feisty stud whose owner, Zach McCray, is offering $500,000 to anyone who can stay on him for a full eight seconds. Though Zach refuses to let a woman ride his bull, he's intrigued by the headstrong Dusty, who he last saw when he was thirteen and she was six. Sparks fly when they're together, but will Dusty's secrets tear them apart?",481
"Orbital Mechanics (Descender, #4)","Tim-21, Telsa and Quon finally escape the Machine Moon and head out on a quest to find the ancient robot who may hold the key to the Harvesters. Meanwhile Andy and his rag-tag team close in on Tim, but their fragile alliance is shattered by Driller's revealtions.
A new chapter of the heartfelt Sci Fi epic begins here by superstar creators JEFF LEMIRE and DUSTIN NGUYEN
Collects issues 17 through 21.",401
Landscape Painting for Beginners,"Painting a landscape is something that many people would love to do, but too often they are discouraged because they feel they have no natural talent. Joanna Carrington believes that enthusiasm and courage to start are more important than talent; and that a contained enthusiasm is the essence of a good painting, whether or not the artist has any experience.",359
"Charlotte Bronte, You Ruined My Life","Poetry. Jewish Studies. Ungar's diabolical book is both devilishly funny and devastatingly open about love, sex, marriage, and divorce. Selected for the Hilary Tham Capital Collection by Judge Denise Duhamel, who says, ""Formally inventive, punch-in-the-guts honest, these poems are for romantics, cynics, and every kind of reader in between.""",342
"The Return (Dogs of the Drowned City, #3)","Shep and his pack have survived a terrible storm and fought off a pack of vicious wild dogs. Now the dog pack must face their greatest challenge yet: finding their way back to their families.
Now that the humans have returned to the city, Shep knows he wants to find his boy. But there are so many other dogs to help, and so many dangers along the way. Worst of all is Shep's fear -- now that he's learned to live Outside, will he be able to find happiness again as a pet?",472
Back to the Future #3,"WEDDING BELLS AND CROSSED TIMELINES! Marty McFly's parents were destined to marry--whether he went back in time or not--but without his intervention, did the wedding cake taste as sweet? Plus, Doc and Marty weren't the only pilots the DeLorean ever had. Biff Tannen took a trip, too--and 1955 wasn't his only destination!",321
Humane Society,"How do nonprofits and charities work? What problems do they need to solve? In Humane Society, readers will discover the ways this organization contributes positively to the world. Sidebars and backmatter ask questions for text-dependent analysis. Photos, a glossary, and additional resources are included.",305
The Doctor's Deceit: Sapphire Brigade Book 2,"ALTERNATIVE HISTORY:
Vanguard or villain? Who is the real Owen Vargas?
SARGENT, 1898 -- The Doctor has a secret, a secret he never revealed to his departed wife, a secret he kept from his childhood friend. Is he afraid that the Brigade will find out? Does he fear Retribution? Or does he have another reason for his mysterious behavior?
Discover the truth about the Doctor and the vigilante group known as the ""Sapphire Brigade"".",429
Hansel and Gretel Are Dead (Zombie Fairy Tales #2),"After being infected by the zombie pestilence, Hansel and Gretel are left to die in the woods. Sick and hungry, they find their way to the home of a lonely old woman who happens to be a cannibal. But when Hansel and Gretel refuse to stay dead, the old hag finds she may have bitten off more than she can chew.",309
The Submerged Cathedral,"'Set me as a seal on your heart, for love is stronger than death.'
Spanning many years, travelling across Australia's vast continent and through some of Europe's great cities, The Submerged Cathedralis a beguiling, heartbreaking story of paradise and the fall; of faith, sacrifice and atonement; and of sisterly love and rivalry. Most of all, however, it is about an enduring and sacred love--a love stronger than death--and the journeys undertaken in its name.",461
Shade of Honor: From the Federal Witch Series (Standard of Honor Series Book 1),"Bereft of their elders in magic, hired out to strangers to feed their families. Survival was a constant battle for the Russian Witches. Despised by other witches for their rigid focus on contracts, they were without a moral compass, honorless. That was not good enough for some. For the young witch, Zhanna, life was not worth living without honor - or her magic. Could she find both in her homeland? Would her desire and drive be enough to locate her shade of honor?",467
"Now Go Home: Wilderness, Belonging, and the Crosscut Saw","How did a quintessential California girl end up earning her living in the Pacific Northwest with a crosscut saw? In Now Go Home,Spagna reflects on the journey that took her from a childhood in the suburbs of LA to a trail crew in Washington's North Cascades, where she falls in love with a place and, unexpectedly, with a woman.",328
In at the Deep End: Cooking Fish Venice to Tokyo,"Travelling from Venice to Tokyo, New York to Sweden and Aberdeen to Sydney, Jake chronicles his journey. Whether cooking and eating Venetian bigoli with clams or New York crab cakes, Swedish soused herrings or Japanese sushi and sashimi, he effortlessly conjures up the worlds in which these dishes originated.",310
Damage Control: How to Stop Making Jesus Look Bad,"People don't like Christians. It's a sad fact, but it's true. Instead of being seen as representatives of a loving God, Christians are often seen as narrow-minded, exclusionary, or pushy. This book look at what Christians can do to stop making Jesus look bad including how to engage in spiritual disciplines, peaceful practices, and evangelism.",344
Timeless Moments,"Jack Vines has the Victorian home of his dreams-or so it seems until he discovers an intriguing beauty lurking in the shadows. Stunned, he finds they share the house but live a century apart. The realization leads him to questions so disturbing it changes both their lives forever. She is a prisoner of the past, shrouded in a world of dark mysteries. He holds the keys that will protect their future. But first, he must solve the mystery concealed for nearly a hundred years.",476
Westward Wild (Montana Mail Order Brides #21),"A clean historical western cowboy romance novel about a mail order bride.
Montana Mail Order Brides - Westward Series Book 21
When refined, handsome Tom Sebastian and wild child Ivy Danvers meet, their attraction is immediate. They don't care about social class, but others do. Can they battle outside influences or will lack of faith doom their love?",351
Lasting Kind Of Love,"Five years ago, Luca left Ashton with a broken heart and Olisa stayed behind determined to not regret her decision.
Now the mother of a four-year-old boy and working as a neonatal nurse practitioner, Olisa wasn't looking for love. She had a good life.
When Luca returns to care for his dying father, the two reconnect. The bond between the two hasn't faded.
Both wiser and older, they discover whether they had a lasting kind of love.",434
Guide To Investing in Gold & Silver: Protect Your Financial Future,"Michael Maloney is widely recognized as a leading expert on monetary history, economics, economic cycles investing, and precious metals. He is CEO and founder of GoldSilver.com, one of the world's largest gold and silver bullion dealers, CEO and founder of WealthCycles.com, an educational website, and host of the most popular video series on the topics of monetary history, economics and economic cycles,The Hidden Secrets of Money.",434
"Full-Bodied, a short story","A sweet and short new adult romance.
Is a second chance still possible if the person you once loved is no longer the person you once knew?
Jill Hastings gets a huge shock when her former flame Ken Kimura shows up at her farm-to-table lunch. He's intent on picking up where they left off, but is the new Jill ready for a shot with an old love?",342
Just Another Paranormal Halloween,"On the Darkest Knight of a Pixie's Holiday, you'll feel an A-mazing Grace, but beware of Love, Lies and Zombie Cries, for Samhain's Visitor and His Girl will arrive at the Tiger's Masquerade, followed by the Man in the Long Black Coat. It's Just Another ParaNormal Halloween at the Castle... Mojocastle.",303
Liar's Paradise,"Reformed criminal, Lex Tennessee, lived a quiet law-abiding life--until a reckless ""superhero"" killed his wife. After the town's local hero, ""The Cadet,"" vanquished all of the most dangerous villains, he grew bored. He was careless and lost the desire to protect innocent people. There was no one to put him in check until the day he killed Lex Tennessee's wife. Drunk with vengeance, Lex vowed to end The Cadet's career and avenge his wife's death.",449
Erotic Fairy Tales Volumes 6-9,"A collection of Leila Bryce Sin's Erotic Fairy Tales, including Sleeping Beauty, Snow White and Rose Red, Cinderella and the Masquerade Ball and Hansel and Gretel on their lust filled adventures!
Four fairy tales for the price of three!
Also included: The first chapter of the Taryn Malloy Fantasies - Elfbitten!",312
Satisfying Clicking Sound,"In his third collection, Jason Guriel gives us a quick-thinking colloquial style that segues deftly from deadpan wit to deep emotion. Like the hard-to-master knuckleball he celebrates as ""less spun / than blown / out onto the air, / its course unknown,"" Guriel's poetry is equal parts art, talent, luck, and mystery. Consistently rewarding, Satisfying Clicking Soundis a quicksilver performance from one of Canadian poetry's most distinctive new voices.",453
The Snowman's Revenge,"If you were left out in the cold snow all by yourself, would you be mad? Of course you would! Well, this snowman is out for revenge, especially after he sees those kids in the nice warm house, eating cookies and drinking hot chocolate! So, let's see what happens in this delightful story, nicely flowing with rhymed verse, beautifully illustrated and quite humorous indeed. So loveable, it's sure to be an instant favorite and a timeless classic with ""kids"" of all ages.",470
Tumble Turn,"Winning isn't everything...except when everything rides on being first.
Ben Edwards is the rising star of British Paralympic swimming, with a medal at London 2012 firmly in his sights. Love isn't going to be allowed to get in the way -- until he meets Nick, who proves to be a big distraction from training. With his times sliding, and a family illness, to worry him, it looks like Ben's Olympic dreams are in tatters. Until Nick comes up with the most outrageous incentive for winning.",486
Breaking the Habit of Being Yourself: How to Lose Your Mind and Create a New One,"You are not doomed by your genes and hardwired to be a certain way for the rest of your life. A new science is emerging that empowers all human beings to create the reality they choose. This book combines the fields of quantum physics, neuroscience, brain chemistry, biology and genetics to show you what is truly possible.",323
What Our Mamas Taught Us,"Did you ever wish you'd written down the words of wisdom from your mother? Do you sometimes hear those words in your head when you're facing a problem, working on a relationship, or making an important decision?
Gathered here are just such phrases and sayings - some of them polished nuggets of gold, some of them diamonds in the rough.
However they strike you, discover these jewels of wisdom in the homey, comforting voices of What Our Mamas Taught Us.",454
Harrow County #5,"After uncovering Harrow County's twisted history and her own bizarre connection to the populace, Emmy forges a new and profound connection to the land and its creatures--but a familiar and sinister presence lurks just over the county lines . . .
""Harrow County is worth checking out if you're a horror-comic fan!""--Clive Barker
His family will be his death!",357
Library Management 101: A Practical Guide,"Knowing the principles of management is necessary for LIS students, but it's no less important to learn management techniques specific to the world of libraries. Created to fill an educational void, this volume focuses on best practices from library management experts teaching in LIS programmes across the country.",315
S.O.P.H.I.A.,"A love story of the Malayan jungle. S.O.P.H.I.A. stood for the enormous French company which owned the remote rubber plantation in the Malayan jungle, where a score of lonely Europeans lived their isolated lives. The men had work, whiskey and the girls of Kuala Ge tah. The women were condemned to idleness.",307
On Religion,"Introduction--Wollheim
The natural history of religion
Dialogues concerning natural religion
Of miracles, section x
An enquiry concerning human understanding
Of a particular providence & of a future state, section xi
An enquiry concerning human understanding
Of superstition & enthusiasm
On suicide
On the immortality of the soul
My own life
Bibliography
Index",360
Eli & Gage: Something About Him,"Eli & Gage: Something About Him
*A Valentine's Day Short Story*
Gage hates Valentine's Day. Eli isn't crazy about the day either. An unplanned date between two strangers may be just the thing to change their minds about the day of love.
**A male/male romance short story meant for ages 18+.**
Available on instafreebie for now: https://instafreebie.com/free/9QKsn",363
Zacktastic,"Upon the occasion of his tenth birthday, Zack learns from his uncle that Zack is descended from a line of genies. Before his uncle has time to fully explain the genie world, Zack is whisked through a bottle portal and sent on his first genie assignment. But he doesn't have a clue as to what he is supposed to do or what his powers might entail.",345
Key West Tales,"Alternating a tale of the past that has become a part of Key West legend with a contemporary story that reflects the pulse of life there today, Hersey weaves in these stories a brilliant human tapestry of the place that means a great deal to him. From the author of A Bell For Adano and Hiroshima comes this final collections of stories.",337
"Captain Paiute: Indigenous Defender of the Southwest (Captain Paiute, #1)","Here at last: Captain Paiute! Indigenous Defender of the Southwest!
Captain Paiute #1 follows the origin of Captain Paiute from a mild mannered college student to an Indigenous Superhero! From his mysterious childhood to his fight for justice, Native Realities Press gives you twelve whole pages of this limited edition first issue!",332
The Extinction Trials (The Extinction Trials #1),"Betrayal. Sacrifice. Survival.
Welcome to the Extinction Trials.
In Stormchaser and Lincoln's ruined world, the only way to survive is to risk everything. To face a contest more dangerous than anyone can imagine. And they will do anything to win.
But in a land full of monsters - human and reptilian - they can't afford to trust anyone. Perhaps not even each other...",367
Running The Train And Other Stories,"Meet P.I. and part-time bondsman Ben Miles. He's not the best investigator, or the toughest, or even the most competent. But somehow he manages to get the job done, even when he's in way over his head. ""Running The Train...and Other Stories"" is an all-new collection of the Ben Miles Stories ""Mob,"" ""Old Dogs,"" ""Fireflies,"" ""Cul de Sac,"" and ""Running The Train.""",362
"Fox Dish (The Madison Wolves, #6)","While pack shows its delight with the arrival of Lara and Michaela's babies, MIchaela vows to keep Celeste and Rebecca safe from all directions. This includes dealing with old enemies.
Michaela's actions have unexpected results, landing Michaela in a fight for her very existence, squared off against everyone she once thought was a friend.
This 75,000 word novel is the sixth in the Madison Wolves series. It completes the story arc begun in Fox Revenge.",455
The Facts of Winter,"The Facts of Winter is a series of dreams, all dreamed by people in and around Paris during the winter of 1881. It is historical fiction once removed: an account of events that were imaginary even from the point of view of an invented past -- although Poissel claimed (in a letter to his friend Bartholomeo Facil, August, 1905) that ""the characters in this book are all true -- all persons who really lived and slept that winter.""",430
The Portraits of the Greeks,"G. M. A. Richter's monumental three volume work, The Portraits of the Greeks, was published in 1965 and quickly became the standard reference in the field. Shortly before her death, Richter prepared a one-volume edition of that classic work, which has now been revised and updated by the Oxford scholar R. R. R. Smith.",318
A Novel Journal: Little Women,"Like the March girls, everyone imagines what their lives could become, and this Novel Journal provides plenty of space for recording all your dreams. The entire text of Little Womenby Louisa May Alcott composes the lines on each page in teeny, tiny print. Key quotes highlighted in a contrasting color inspire the flow of ideas in your own writing. The bright cover and upbeat quote from the novel also make this a fantastic gift for any aspiring author in your life!",467
Peter Pan (Limited Edition): A Classic Collectible Pop-Up,"In this extraordinary collectors' edition, readers will delight in this three dimensional retelling of the classic tale of Peter Pan. Specially packaged with an additional pop-up embedded in the cloth cover, each of the 250 available copies is signed and numbered by pop-up extraordinaire, Robert Sabuda.",304
Dr Knowledge Presents: Strange & Fascinating Facts About Famous Brands,"Heinz 57. Brawny. Brillo. Charlie the Tuna. Morris the Cat. How did our beloved brands--their names, logos, looks--come to be? The facts behind the foods and wares are often amazing and always interesting. This little book explores the unknowns behind well-known pop-culture icons through lively anecdotes written and illustrated in a fun, page-turning style. And though the facts are often outlandish, each one is well-researched and aimed to impart real knowledge along with entertainment.",491
"Home for the Weekend (Chaste Meridian, #2)","This story is intended for mature readers only. 18+
Chastity's story continues in this adaptation of my short story Home for the Holidays. It opens immediately following Chastity's return to LA and follows her to the shoot that Jerry scheduled her for... little does she know that she will meet someone who could very well change her life forever.
This story follows Chastity's continuing struggle with Ian, and the budding romance between her and a new man in her life.",470
"Mystery Men (& Women), Volume 1","Here are four brand new pulp yarns starring brand new avengers cast in the mold of the classic heroes of the 1930s. B.C. Bell's The Bagman, Aaron Smith's Red Veil, David Boop's Gridiron and Barry Reese's Dusk. Features a cover by the amazing Ingrid Hardy, with interior illustrations and design by Rob Davis and edited by Ron Fortier. Pulp thrills and spills as only Airship 27 can deliver. The first of an on-going series.",423
Scarecrow's Panic Plot,"The Scarecrow is on the loose in this exciting comics and chapter book hybrid! Now the Scarecrow has fitted the Dark Knight with a helmet that slowly gives him fear gas as part of a twisted experiment. Batman has no choice but to play along - the mask is tamper-proof and if he tries to remove it, he'll get a toxic dose of the nightmare-inducing fumes! Will Batman outsmart the crazed villain, or will he be driven bat-bonkers?",428
Bad Teacher's Equation Volume 5,"Graduation is looming for Atsushi, and Masami is having second thoughts about the deal he's made and the kiss that's the reward. Is he reluctant to kiss him because he truly wants to reject Atsushi, or is he afraid to concede other feelings towards Atsushi, given that after graduation there will be no barrier between them entering a romantic relationship? It's going to be all or nothing in the final not-to-be-missed volume of Kodaka Kazuma's classic Boy's Love story!",471
The Power of the Mind,"The blurb states:
Where does Uri Geller find the power to bend metal paranormally? How useful are psychics in the fight against crime? Can the future be foretold? This volume explores some of the stranger reaches of the human mind. It includes chapters on:
ESP, Mind over Matter, Crime and Psi, Science and Psi, The Mind and the Future etc, and discusses among other things apparitions, levitation, Freud, Jung, and Remote Viewing.",431
Livig a Life That Matters: 7 Keys for Purposeful Living,"Feel healthier and stay happier with this comprehensive guide to living a balanced life. Whether you need to manage your time, increase your physical activity, enjoy your job, serve your community better, become a lifelong learner, or find spiritual harmony - this book will teach you to create a better life, starting today!",325
Belfast Confidential,"They say moving house is one of the most stressful things you can do. Well, as far as Dan Starkey's concerned, 'they'can stick it where the sun don't shine because right now helping his wife with the unpacking is the least of his worries...
No sooner than Dan has moved into his new Belfast home, his best mate, Mouse, is murdered - leaving him to catch a killer, become Editor of the obscenely successful scandal magazine, Belfast Confidential, and compile the much-coveted Power List",485
The Legend of the Cave (AntiChrist's Birth; The Solomon Island Mystery #2),"UFOs, giants, government conspiracies:
Welcome to Terra Verde once again. Follow the next generation of heroes as they battle antiChrist's forces. Return of okd characters from the first novel.
The second generation of Christian warriors has arrived to battle antiChrist's regime on its own territory.
Sequel to ""AntiChrist's Birth; The Solomon Island Mystery.""",361
Angelfall (Penryn & The End of Days #1),"The incredible internet phenomenon that already has over 8,000 different five star reviews. (And counting.) It's been six weeks since the angels of the apocalypse destroyed the world as we know it. Only pockets of humanity remain. Savage street gangs rule the day while fear and superstition rule the night. When angels fly away with a helpless girl, her seventeen-year-old sister Penryn will do anything to get her back. Including making a deal with the enemy.",461
Night Head Genesis 2,"THE FATE OF THE WORLD
Brothers who possess extraordinary psychic abilities, Naoto and Naoya were as children imprisoned in a paranormal research center. Though now free, they cannot escape their past. Mikuriya, the center's head scientist, has tracked the siblings down, forcing them to confront their destiny: Will they use their powers for their own benefit, or will they be the saviors of mankind?",400
Sky High,"Two seasoned business travelers... A pair of feuding ex-friends... A world-weary journalist and a girl looking for a new start--all traveling to Mexico on the same flight. A misbehaving volcano disrupts their plans...and their lives. Love can bloom in the most unexpected places, even sky high.
Three stand-alone novellas.",322
Rain Of Iron And Ice: The Very Real Threat Of Comet And Asteroid Bombardment,"Rain of Iron and Iceshows us the unmistakable evidence--from spaceprobe flybys of the planets to the scars on our own Earth--of cataclysmic comet and asteroid impacts. By comparing what we know about the earth's geology and paleontology with the ages of the other planets and moons in our solar system, Lewis makes the strongest case yet for sudden, dramatic extinctions and assesses the risks to planet Earth.",410
The Penguin Book of Australian Bush Writing,"An anthology of classic prose writing (essays, sketches) from the Australian bush. They range from the humorous to the inspirational to the sardonic. ""As Australians,"" writes the editor, ""we carry a certain vague longing for the bush, a feeling often inculcated by story and song rather than deep experience.""",309
Children of Destruction,"What's the last man on Earth supposed to do with 4 attractive women and a boy? What is so special about them? Why did they survive when everyone else was suddenly and mysteriously destroyed? What caused this catastrophe?
The answers are revealed in a story of survival that spans over 200 years.
From their adopted farm in Washington to inter-species conflicts among the stars, you'll meet the most unusual family of survivors ever contrived by circumstance and necessity.
Rated ""R""",482
Sepulchres,"The most significant and adored works from the popular Italian poet Ugo Foscolo are collected in this lucid verse translation. Expressing the author's political, civic, and sentimental concerns, these poems captivate with their immediacy and intimacy. Each work reveals the inner recesses of a passionate, restless, and surprisingly modern mind.",345
The Unaustralians,"Maxine is mad. Her best friend is dead and she blames Australia. That's right - the whole country! She grabs her boyfriend Henry and hits the road, looking for meaning, kicks and vengeance. Their quest leads them into a frightening world of activists, breatharians, eclipse-chasers and techno freaks. They trip through Nimbin, Canberra and Sydney. But they won't give up. They are the UNAUSTRALIANS.",399
"Jaguar Pride (Heart of the Jaguar, #4)","JAG Special Forces operatives like Golden Claw agent Melissa Overton and her partner, Huntley Anderson, are trained for the most dangerous missions in the harshest environments. These hardened jaguar shifters can handle any variable, even . . . babies?
When Huntley and Melissa find two jaguar shifter cubs snoozing in their jungle hut while on assignment, they have to keep the cubs and each other safe from ruthless poachers, bringing these partners closer in ways they never expected...",489
Dolphins and Porpoises,"Offering a fresh introduction to the world of dolphins and porpoises, this appealing title in QEB's Animal Lives series takes an up-close, sometimes too close, look at these mammals while discussing their lifecycles, habitat, and their routines for learning the skills that help them survive and thrive. Includes world maps, glossary and Fun Facts.",348
Homicide at Blue Heron Lake,"Emily Grant returns to the lakeside community of Baxter, Maine, expecting a peaceful week in her family's island cottage. Instead, she and her high school crush, Nate Holman, discover the body of Henry Derbin, an elderly island resident. Later, Emily finds another body, buried more than a decade earlier, on Mr. Derbin's land. Can Emily and Nate overcome past hindrances to their romance long enough to dig up clues that will help solve both murders?",451
Operation Werwolf,"At the end of World War 2 Winston Churchill dispatches an SOE team into Austria to search for German military secrets.
What they find leaves them with less than forty-eight hours to save London from becoming a nuclear wasteland.
Using technology in its infancy, the SOE group must fight their way to the Nazi's Redoubt in order to stop Hitler's victory.",353
A Passenger from the West,"In 1970, Nabile Fares interviewed African-American author James Baldwin for Jeune Afrique magazine. What begins in this book as an interview with Baldwin confronting the history of Black America leads Fares into a journey through his own past. Vivid encounters in France and Spain connect with Fares' remembrances of his native Algeria, its war for independence, and the effect it had on his childhood. The original interview with Baldwin is included.",451
Darkness on His Bones: A Vampire Mystery,"War is descending on the world, and James Asher is called to Paris. Why, his wife Lydia has no idea. But when James is found unconscious in the cemetery of the Church of St. Clare with multiple puncture-wounds in his throat and arms, there is only one person Lydia can call on for help: their old friend and adversary, the vampire Don Simon Ysidro.",348
I Probably Shouldn't Have Done That,"I Probably Shouldn't Have Done That chronicles the series of vast, at times incomprehensible, mistakes that Jules makes in an attempt to get over her first ""serious"" boyfriend. It follows her through drunken nights, drunker nights, bad dates, worse dates, encounters with her ex, and a very few glistening moments of hope and self-realization.
It is a thoroughly sad break-up story, an occasionally naive love story, and a comical train wreck throughout.",454
Gospel of Buddha,"Welcomed in Budhist countries as well as the western world, this volume on Buddhist philosophy describes Buddhist doctrines and retells the events of Buddha's life. Carus relates ancient beliefs and practices to the living present and to the spiritual needs of our time. A special table of reference traces the chapters and verses of The Gospel of Buddha to their main sources and indicates important parallels with western thought especially in the Christian Gospels.",468
"The Stolen Child (Journey Into the Realm, #3)","Now that she has discovered her true heritage, Ramsey Wilder is ready to end the war between elves and Element fairies. But when King Vortigern finds a way to put restrictions on magical traveling, Ramsey is forced to travel through each Magical Realm before crossing into the Golden Fairy Realm and requesting aid from Queen Titania. Wary but determined, Ramsey and her companions set off on a journey filled with enchanting new experiences.",442
"Lovely, Dark and Deep","Wren Wells is trying to outrun the accident that killed her boyfriend and wrecked her plans to live a normal life. Instead of going to college, she retreats to her father's isolated art studio. There, in the remote northern woods of Maine, she meets Cal Owen, a boy who wears his own hurt like a badge. But when their connection threatens Wren's hardwon isolation, she has to choose: open up her broken heart or join the ghosts who haunt her.",442
God Loves Little Me,"Each page in this adorable first prayer book shows a cute baby animal on a boldly painted background, and is captioned with things that God loves about his creations. Parents and babies are encouraged to mimic the action on the page, wiggling along with the animals. Illustrations by the wonderful Rebecca Elliott make this sturdy little board book a true delight.",364
Sweet Myth-Tery of Life (Myth Adventures #10),"When it reigns, it pours all over well-meaning magician Skeeve. Romance, that is. He's a drowning man, fending off a relentless array of suitors. What to do? Should he hop away with Bunny, his beautiful assistant? Drink all night with Cassandra, the nubile vampire? Or give in and marry Queen Hemlock--the sensible thing that will assure his future, and maybe keep him alive...",377
Monster Munch,"All the monsters are hungry. But they are also picky about what they eat. Can you guess their favorite foods? Triangle monster loves pointy slices of pizza and cheese. Circle monster likes round apples and cookies. This sturdy lift the flap board book is loaded with silly monsters, tasty treats and lots of fun.",312
Heroes Are Extinct: Volume 1,"A hero from a distant star arrives on Earth to pit his strength against Earth's famous superheroes! Only problem is Earth doesn't really have any superheroes. Growing up watching super-hero TV shows from Earth -- think Power Rangersor Ultraman, our fearless hero decides to amass an army on his home planet and invade Earth to pit his strength against them. Only when the invasion starts, no one comes to stop him. What is an alien on Earth supposed to do with entire army and no one to fight?!?",495
Fabulous Me,"FROM THE #1 BEST SELLER AUTHOR OF ""SPARKLY ME""
What would you give to help your child feel FABULOUS about who they are?
Join Emma, who you might know as ""Sparkly Me"", as she shares all the things that make her feel very happy, and so special.
This book will help you and your child feel fabulous every single day.
If you are a parent for a girl age 3-8 ADD THIS BOOK TO YOUR CART NOW",383
Seeds of the Heart,"Kara is old enough to understand the dark secret of her twisted homeland, but she is sure that love will save her. That is, until her family is destroyed and she must run for her life. She has only one question. She knows who betrayed her. Now she must learn why. The unexpected ending will touch your heart.",308
"The Saboteurs (Men at War, #5)","W.E.B. Griffin continues his gripping Men at War series, featuring the legendary OSS.
As the Battle of the Atlantic rages, German U-boats are sinking U.S. vessels at will. Meanwhile, preparations are being made to invade Sicily and Italy. As the war heats up, ""Wild Bill"" Donovan and his secret agents find themselves battling on two fronts at once. And fate is about to deal them a surprise that may doom them all.",415
Jubilee Journey,"In this compelling continuation of the Jefferson family story, thirteen-year-old Emily Rose visits her extended family in Texas for the first time ever. Emily Rose, who grew up in a biracial family in the northeast, is surprised that racial attitudes are so different in the South. But as she grows closer to her great-grandmother, Rose Lee, and learns more about her African American heritage, Emily Rose discovers a new dimension of herself.
Includes a reader's guide.",470
Pirate Treasure,"FROM BACK:
In the seventeenth century ships sailed the seas on their guard against the pirates who were eager to rob them of their cargo. One of the most feared of these pirates was Captain Kidd. Before his execution in London it is thought that he buried thousands of pounds worth of treasure in the West Indies and along the coast of North America. The search for this treasure still goes on today.",400
Saints Row IV Signature Series Strategy Guide,"The Saints are once again thrust into the limelight, only this time they aren't viewed as criminals. The leader of the Saints ran for office and won! Now the President of the United States, he must help stop an alien invasion for ruining the world.
This strategy guide contains all the strategy, tips and hints needed to send the aliens packing to their home planet. You'll find:
*Comprehensive Walkthrough
*Boss Fight Strategy
*All Collectibles Revealed
*Locate Every Important Item",483
Time World: Journey Through the Horrors of History in This Action-Packed Fantasy Adventure,"Can you save the tourists from the attractions at this out-of-control theme park? Test your abilities in Time World, an amazing puzzle book set in an historical theme park gone amok. This fun-filled book includes hours of activities with puzzles to solve and special fold-out flaps with additional factual information about bugs and history, making it perfect for holiday or rainy-day fun.",389
An Infamous Proposal,"The idea of persuading - or seducing - Luke, Lord Kildare, into proposing to her was as absurd as it was undignified! But Ianthe Garland could see no other way to save her family home. Ianthe remembered Luke with fondness from childhood, and it went against the grain to deceive him so. She'd made up her mind to risk losing Northwood when fate stepped in - and Luke's mother found them in compromising circumstances ...",420
The Italian Tycoon and the Nanny,"A new daddy to his orphaned nephew, Massimo needs help. Bringing the baby's beautiful aunt Julie Marchant to Italy as a nanny seems the perfect solution.Plucked from her quiet, suburban existence, Julie is a fish out of water in Massimo's glamorous, wealthy world. But she's thrilled to be part of her nephew's life, even if it means being the hired help! More of a challenge is spending every day with Massimo, trying desperately to ignore her attraction to this brooding tycoon....",483
"The Love of Wicked Men - S01E03 (The Love of Wicked Men, #1.3)","THIS IS SERIALIZED FICTION
IN EPISODE THREE:
Sid Rivers begins his attack on Phillips Marn Law. He has set his associates in motion and pits his wits against one of the greatest legal minds in the South. Jack Brown is still a mystery man, but as his cover begins to unravel, new players come into the game, and they're about to change everything.",346
The Art of Wyland: America's Leading Environmental Marine Life Artist,"THE ART OF WYLAND - Over 300,000 copies sold. Introduction by Robert Bateman. First in a series of Wyland's hardcover coffee-table books. The Art of Wyland shares the artist's earliest beginnings, where he got his break and a glimpse into the life of this extraordinary man. 180 pages, Hardcover 169 photos.",307
Best of America,"Around the table and around the stove America's history, folklore and heritage have been passed on from generation to generation in recipes. These recipes represent a wonderfully diverse culinary tradition which you can explore in Best of America. Over 200 of the best regional recipes are presented in an easy-to-follow step-by-step format, so you can sample the food you love and the food you would like to discover from every part of America right in your own kitchen.",471
Jimmie Barnes,"Ancient ex-slave Jimmie Barnes has lived several lives, all in the pursuit of his 40 acres. He has approached the rich, famous and powerful throughout the decades in his quest for the promised 40 acres reparations. He has one last president to ask. Will President Reagan grant Jimmie Barnes his 40 acres?",304
The Art of Vampire Knight,"The full-color artwork collection of the hit series Vampire Knight!
Reads R to L (Japanese Style), for audiences T+
Cross over into the world of Vampire Knight with the lush, full-color artwork of Matsuri Hino. Includes an extensive gallery with author comments, a how-to tutorial, and an exclusive poster.",306
Sweet Venom (Venin Assassin #1),"My name is Cassis Dark, and I am a Spider Venin. My bite is venomous and can paralyze a man within seconds of exposure, and if I choose, it can kill.
As a teenager, I was sold into slavery by my stepmother. As a newly freed woman, I fight to protect the innocent from a world of pain with which I'm all too familiar.
The evils that stalk the night aren't all human. Good thing for their intended victims...neither am I.",419
Rescued: The Great Escapee Series,"A pool--sink-hole, really--in small town Nebraska.
It's either a blessing or a curse, depending on the heart of the person who explores it.
Ex-con Clarence finds a yellowed newspaper article, stuck in his old law textbook. Germophobic Noell stumbles across journals about pool drownings back in 1937, in her old camper.
Both dive in--or rather, Clarence falls in.
Neither bargain for what they find.",399
Hit-Monkey,"A troubled soul, set upon a path of vengeance he does not understand. An assassin without equal, trained in the most secret of killing techniques. A fl esh-and-blood specter, haunting the killers of the world. A monkey...with a gun. Bear witness as the legend is born! COLLECTING:Hit-Monkey #1-3, Hit-Monkey one-shot",316
Gray Matters: A Novel,"World War III has devastated most of the world, but life is still good for the lucky and rich few hundred persons who had their brains preserved in an automated conservatory. Although they have no bodies to move around with, they are free to mentally visit any of the other residents, and engage in all the emotional, intellectual & pseudo-sexual congress that they desire.",373
The Rustlers of the West Fork,"Long out of print, this adventure from Louis L'Amour features one of the most happily remembered fictional cowboys--Hopalong Cassidy. At the height of the television show's popularity, Louis L'Amour was chosen to continue Cassidy's adventures in print. He did so with this book published under the pen name Tex Burns, now published for the first time under L'Amour's own name.",376
Pride And Prejudice,"This is a beautiful new edition of Jane Austen's ""Pride and Prejudice,"" the beloved novel which has been adapted into a movie starring Keira Knightley and Matthew Macfadyen, and an A&E series starring Colin Firth and Jennifer Ehle. [Complete and unabridged; large format (6""x9""); printed on high quality paper.]",311
Where Is Fred?,"Follow Fred the fluffy white caterpillar as he outwits Gerald the Crow in a scintillating new take on the much-loved hide-and-seek theme
Meet Fred. He's a white caterpillar that loves to hide. Meet Gerald. He's a crow that searches for Fred when he goes into hiding. Read how these two lovable characters interact over and over again as Fred outwits Gerald at every turn of the page.",383
Cornbread,"""They call me 'Cornbread' because that's what my husband was eatin' when I shot him in the face...""
Thus begins the debut story from 24-year-old author Sean Hammer. Told in the odd and unforgettable voice of its protagonist, ""Cornbread"" is the tale of a matricidal Arkansas woman bringing about the final days of her marriage. At turns darkly comical and deeply tragic, it's a story that lingers long after it's finished, like the smell of fresh baked cornbread or discharged gunpowder...",488
Blood Line: Stories of Fathers & Sons,"Blood Line explores the complicated liaisons between fathers and sons. Though using traditional masculine backdrops, the three stories in the collection go beyond a portrayal of physical and emotional endurance to evoke the blending of guilt, rebellion, patricide, and the transcending power of kinship that allow both father and son to place themselves in relationship to each other and in relation to the world.",413
Sex Roles and the School,"Schools reflect the society which surrounds them but they must also be agents of change. The last few decades have seen an explosion of research on gender and education and, in this volume the author examines in a rigorous but highly accessible way, new research findings and new strategies for change, continuing to argue that both sexes lose out from sexist schooling.",370
First Ballet,"The lights, the velvet curtain, the spotlight, the graceful dancers-nothing beats going to the ballet for the very first time. In this beautiful picture book, Deanna Caswell and Elizabeth Matthews conspire to recreate all the joy and wonder of the first theatrical experience, for children to relive again and again.",316
Shameless: An 8-Week Study to Freedom Through God's Redemption,"Each of us carry around a certain amount of shame that prevents us from being used as the vessels God intended. If you and the women you know are carrying around shame, then Shameless will help you overcome your feelings of guilt. This eight-week study looks at three parts of shame: the biblical origins, the lives of eight women who bore shame and yet were used by God for His glory, and the cumulative aspects of shame.",422
Aunt Jenny's favorite recipes,"Cookbook with recipes using Spry, a brand of vegetable shortening that was first introduced in 1936. Lever Brothers gave this book away to home makers. Aunt Jenny uses the Spry recipes in this book to create cookies, cakes, pies and other fried goods for daughter Sylvia, husband Calvin, and various friends, including the postman Fred Cooper. There is not an exact date of publication in any of the books, which were first published in the 1940's.",448
"Cassie Palmer Series (Cassandra Palmer, #1-4)","Clairvoyant Cassandra Palmer's magical powers are a mixed blessing-she may be able to contact spirits but sometimes this can be a whole lot more trouble than it's worth. Battling with vampires, feys and mages who all seek supremacy, Cassie must use her powers wisely in order to save herself - and the world.
The Cassie Palmer Series includes Touch the Dark, Claimed by Shadow, Embrace the Night and Curse the Dawn.",415
Raising Up a Little Girl,"Bringing up girls to have a heart of beauty and a character that shines is a joy for every mother, grandmother, and mentor. This title features paintings of girls caring for baby dolls and serving tea with flair play alongside a treasury of wisdom about how to model honesty, gratitude, faith, hospitality, and more for women, moms, and leaders.",345
Doctor Jack (The Adventures of Viola Stewart #2),"Viola Stewart is a widowed optician with a penchant for detectiving, who stumbles upon a secret Society of Men in Grey. Set in a Victorian steampunk fantasy world, this series has a gaslamp flavour.
Doctor Jack is a novella (36,000 words)
Someone is stalking the women of London. An unexpected encounter puts our heroine in grave peril. Viola is detectiving again, chasing secret societies and nefarious plots.",410
The Seven Deadly Sins: A Visitor's Guide,"Distinguished Notre Dame professor and bestselling author Lawrence Cunningham guides readers on a veritable tour of and personal inquiry into the seven deadly sinstheir roots in the mystic experiences of the desert fathers, their modern manifestations, and how to supplant these invasive, destructive habits with virtue.",320
Father's Touch,"From author Donald D'Haene and his appearance on Oprah. Imagine this: You are four years old, and you're summoned to your father's beside to play The Game. Thus begins a decade of sexual exploitation. You and your siblings suffer the manipulations of an abusive religious zealot whose lust for control robs you of your childhood. ""Father's Touch"" is much more than a somber memoir. This chilling portrayal reveals that sexual abuse, particularly of boys, was and is clumsily handled.",483
Basic Roleplaying: The Chaosium d100 system,"Chaosium's BASIC ROLEPLAYING is a core rulesbook that gathers in one place the rules, modules, and options for one of the original and most influential role playing gaming systems in the world. BASIC ROLEPLAYING is designed to be intuitive and easy to play. While character attributes follow a 3D6 curve, most of the other BASIC ROLEPLAYING mechanics are even simpler. Virtually all rolls determining success or failure of a task are determined via the roll of percentile dice.",477
Latin Rhythm,"Beware of margarita-induced chitchat, or you may find yourself in search of a hot Latin hunk--which is exactly what happened to Laura Kincaid. Divorced, with grown children, she can't quite picture herself dancing the salsa in Miami's trendiest nightclub. But the moment she spots club owner, Marco Valazquez, the heat is on!",325
"The Big Killing (Smith & Wetzon, #1)","Xenia Smith and Leslie Wetzon are the best executive search consultants on Wall Street. Wetzon, the more trusting, naive partner, meets very edgy client Barry Stark for drinks at the Four Seasons--where she later finds him stabbed to death in a phone booth, herself stuck with his briefcase, and soon hopelessly attracted to homicide cop Silvestri, who seems smitten by man-trap Smith. Can the headhunters hunt down a killer?",425
Stories We Keep: A Yoga as Muse Anthology,"Stories We Keep: A Yoga As Muse Anthology is a diverse collection of tales that have a common thread--the practice the authors share to spark their creativity: Yoga As Muse (YAM for short). These are authentic writings of new love, betrayal, and coming of age, brought to the page through movement, meditation, and the breath. And enjoy a few yam recipes thrown into the mix to sweeten things up! www.storieswekeep.com",418
This Means War  (Jasper Swinton #2),"(A Jasper Swinton Novel)
Life seems to be going well for Jasper Swinton and Brian Stark: they have fulfilling jobs, a cute kitten, and, despite all expectations, they're still together after two months. When a harmless prank war goes awry, however, their perfect life starts falling apart - and it doesn't take long before they're finding out that actions can have unexpected consequences, and that not every love story has a happy ending ...",442
The Great Code: The Bible and Literature,"An examination of the influence of the Bible on Western art and literature and on the Western creative imagination in general. Frye persuasively presents the Bible as a unique text distinct from all other epics and sacred writings. ""No one has set forth so clearly, so subtly, or with such cogent energy as Frye the literary aspect of our biblical heritage"" (New York Times Book Review). Indices.",396
"The Black Pearl (Mermaid Curse, #2)","Lizzy has always know she was adopted. But since her family moved to Cornwall her world has turned upside down - and a beautiful shade of blue-green. By chance, she discovered Kes, a brother she never knew existed, and the incredible truth about her birth mother...
Now Lizzy and her new family must battle the evil mermaid Queen and her terrifying servant. For Lizzy has a powerful treasure and the Queen will stop at nothing to get it.",437
Jakk and the Beanstalk: An Awakenings Erotic Short,"FOR ADULTS ONLY.
Jakk is just a poor farmer, intrigued by an old wizard's proposition to trade his skinny milk cow for some magic beans. When the beanstalk grows, Jakk knows it will lead him to treasure, just like the wizard promised. But little did he know that the ""treasure"" would take the form of a beautiful giant in her castle in the clouds, lonely and craving the comfort of a man's touch, even if he was just a poor, human farmer...",440
Life-Giving Love: Embracing God's Beautiful Design for Marriage,"God has a beautiful design for your marriage. Have you discovered it? Hahn offers a fresh but deeply rooted perspective on the true meaning of marital love and its implications for a number of significant issues: natural family planning, contraception, infertility, abortion, sterilization, and miscarriage. She draws from Scripture and Church teachings as well as poignant personal experiences from dozens of families who share their stories.",443
Chocolate Beach (Chocolate Series #1),"Bri Stone has the man of her dreams, a surf-ridin' son, a chocolate-loving best friend, and a job as a SoCal tour bus host. Throw in an intrusive mother-in-law, a flirty new boss, a vocal nemesis, and suspicions that her husband might be bored--and Bri's rose-colored sunglasses suddenly crack. Can Bri reinvent herself--and recapture his heart?
Chocolate Beach ebook is the special Recipe Edition. Other titles in the Chocolate Series include: Truffles by the Sea and Mocha Sunrise",482
"Deathstroke: Rebirth #1 (Deathstroke 2016, #1)","A thousand enemies, a thousand kills-Deathstroke is the world's greatest assassin. Stalked by an unseen foe, Slade Wilson is confronted by his own troubled past and challenged to reinvent himself before he loses everything and everyone in his life. Can Deathstroke be redeemed? Or will his addiction to violence destroy him?",324
Made for More: A Journey of Discovery and Purpose,"We have all asked the questions, ""Who Am I?,"" ""Where Am I?,"" and ""What Am I?."" In MADE FOR MORE- A Journey of Purpose and Discovery, the reader will maneuver through these questions in order to understand the larger picture for their life. The ultimate goal is to lead the reader to understand they are made for a great purpose through Jesus. Through God and the message of hope found in scripture, the reader will discover they are truly Made For More.",453
The Princetta,"Malva is the princess of Galnicia, destined to marry the Prince of Andemark, or so her parents think. On the eve of her wedding, she escapes at dead of night, little realising that she is letting herself in for a life of peril and adventure, including being shipwrecked in a huge storm and being captured as part of a harem.",324
A Companion to Bernard of Clairvaux,"Bernard of Clairvaux emerges from these studies as a vibrant, challenging and illuminating representative of the monastic culture of the twelfth century. In taking on Peter Abelard and the new scholasticism he helped define the very world he opposed and thus contributed to the renaissance of the twelfth century.",313
Aunt Dimity and the Next of Kin (Aunt Dimity Series #10),"Feeling a touch world-weary, Lori Shepherd decides to volunteer at the Radcliffe Infirmary and spread a little good cheer. There she meets Elizabeth Beacham, a kind, retired legal secretary, and the two become quick companions before Miss Beacham suddenly passes away. It soon becomes clear that there was more to the gentle invalid than met the eye, and, with the help of Aunt Dimity, Lori begins to unearth her secrets.",421
Elmer Again,"Elmer the elephant is bright-colored patchwork allover, and everyone loves his patches. But right now, Elmer is bored. Only a good joke will save the day, and Elmer has one up his trunk that's sure to please his many fans. David McKee's comical story is a celebration of individuality and imagination.",301
"Bad Lie (Jack Austin Mystery, #4)","Will remind many of Robert B. Parker and Dick Francis at their best. -Publishers Weekly (starred review).
In this golf mystery, Jack Austin promises surrogate son Nash Henley to find his real father. When Owen Henley is murdered, Nash wants to know who the man was, a request leading Jack away from reaching golf's top echelon to an international smuggling scheme. A gunshot changes everything.",394
"The Haunted Showboat (Nancy Drew Mystery Stories, #35)","Nancy, Bess and George visit New Orleans for Mardi Gras. While on vacation for the festivities, the three friends become involved with pirates, ghosts, and investigating an old showboat, rumored to be haunted, that must be restored in time for the gala celebrations. This book is the original text. A revised text does not exist.",329
"I Love Paul Revere, Whether He Rode or Not","At long last in paperback, Richard Shenkman's bestselling sequel to Legends, Lies & Cherished Myths of American History. Provocative and amusingly heretical, ""I Love Paul Revere, Whether He Rode or Not"" (a quote attributed to Warren Harding) offers eye-opening revelations debunking long-held American legends.",310
"Zinnia's Zaniness (Sisters Eight, #8)","The penultimate episode in the Sisters Eight saga!
Finally! Zinnia's turn has arrived. The poor girl has been waiting for her time in the spotlight quite long enough. Really, it would be cruel to make her wait any longer. What will her power and her gift be? Will either of them prove to be as much of a doozy as she has been hoping for? There's only one way to find out: Let her story begin. It's finally Zinnia Time!",418
Mr. Holmes,"It is 1947, and the long-retired Sherlock Holmes lives in a remote Sussex farmhouse with his housekeeper and her young son. He tends to his bees, writes in his journal, and grapples with the diminishing powers of his mind.
But in the twilight of his life, as people continue to look to him for answers, Holmes revisits a case that may provide him with answers of his own to questions he didn't even know he was asking - about life, about love, and about the limits of the mind's ability to know.",495
Stacey Coolidge's Fancy-Smancy Cursive Handwriting,"Try as she might, second grader Carolyn struggles with cursive. A wise teacher, however, helps the child recognize that her imagination and creative writing are her strengths, just like some other famous writers. Real problems and frustrations are presented with a light touch in this engaging book. Part of The Adventures of Everyday Geniuses series.",351
"Murder, Honey (Carol Sabala Mystery #1)","When the head chef collapses into baker Carol Sabala's cookie dough, she is thrust into her first murder investigation. There is no shortage of suspects at Archibald's, the swanky Santa Cruz restaurant where Carol works. The head chef cut a swath of people who wanted him dead from ex-lovers to bitter rivals to greedy relatives. Even Carol plotted his demise!",360
Sibling Rivalry 3 : In It Together,"When Ramona moves out of her parents' Beverly Hills mansion and in with her stepbrother Darrien their parents become suspicious as to her motives. With their trust funds on the line the stepsiblings do their best to keep their parents from finding out about their scandalous relationship. Also, Darrien realizes that living with Ramona will never be boring when he discovers her trunk of sex toys - nipple clamps, vibrators, stap-ons, oh my!",441
"A Vintage Murder (A Wine Lover's Mystery, #4)","When things in the land down under start to heat up, murder steps in.
Nikki and her boss-turned-boyfriend came to Australia to visit the Hahndorf Winery, but it seems they?ve also walked onto a movie set. And when lead actress Lucy Swanson is found dead in her trailer, bitten by a poisonous snake, Nikki must comb the vineyards of the valley to catch a killer with a venomous streak?before she?s struck herself.",412
Daydreams and Devils,"A mixture of crime, coming of age and dark humour, 'Daydreams and Devils' is a tale of friendship, viciousness and fine lines.
Vincent, with his sadistic right hand Frankie, seeks to expand his interests with his own brand of gangland psycho terrorism.
James, a young music obsessive, leaves school determined to do life his way, dreaming of glory in a gang with guitars.
But as two worlds collide will dreams become nightmares?",428
Who's Counting?,"A frisky puppy scampers through fields and farmyards until its time for him to go home for lunch, and sharp-eyed young readers can count the creatures he meets along the way. With bright, bold illustrations by the Caldecott Honor Book Award recipient for Have You Seen My Duckling? Perfect for group sharing. Full color.",320
The Tooth That's On the Loose!,"When a loose tooth shows up in town, the local sheriff must do what it takes to send that wiggly tooth packing. This funny approach to the classic childhood situation of loosing a tooth is a must read for home and classroom libraries. Chris Robertson's playful art is sure to delight young readers who can't wait to loose a tooth.",330
Golden Cain,"Shun works very hard to live up to the memory of his older brother, even at the cost of his personal life. Suddenly, a beautiful stranger comes into his life and takes Shun on a ride down a dangerous road of love, loss, lust, guilt, passion, and taboo! Shun craves excitement, and the stranger gives it to him...but at what cost? Will come shrink-wrapped and carries an 18+ age advisory.",387
Cats of the Clans (Warriors Series),"Hear the stories of the great warriors as they've never been told before ""Cats of the Clans"" is chock-full of visual treats and captivating details, including full-color illustrations and in-depth biographies of important cats--from fierce Clan leaders to wise medicine cats to the most mischievous kits, as well as loners, rogues, and kittypets.
This collectible guide is a great introduction to the Warriors series for new fans and is indispensable for those already hooked",475
Casey at the Bat: A Ballad of the Republic Sung in the Year 1888,"The outlook wasn't brilliant for the Mudville nine that day:The score stood four to twowith but one inning more to play....
Since 1888 Casey at the Bat,has been read and loved by baseball fans around the world. Now Mighty Casey has been brought to life by celebrated illustrator C. F. Payne, who captures the old-fashioned fun of an afternoon at the ballpark for a brand-new generation.",386
Your Daily Bible Verse: 366 Verses Correlated by Month and Day,Bible Verses correlated by Month and Day to Chapter and Verse starting from January 1 and Genesis 1:1 to December 31 and Mark 12:31. Need a memory verse? or a life verse? Curious which verse correlates to your birthday or anniversary? There's a special verse for each of the 366 days of the year. Includes Bible Verse Memorization tips.,336
Into the Darkness: Reverse Harem (A Ravana Clan Vampire Serial Book 6),"The princes and I are trying to piece together what we had when a new threat makes itself known...
Each of us are dealing with what happened in our own way. Me? I'm throwing myself into training until Gregor summons us all to a Council meeting. I don't know why, but I have a feeling a whole lot is about to change.
Into the Darkness is the second part of Ariana and her princes' story. It is a serial, with each part being released within 1-2 weeks of one another.",465
Short Journeys,"A series of short stories from ten new Nottingham writers. ""The Courtroom"" by N.G.Walters
""Echoes From The Aftermath (An Introduction)"" by S.F.Birkin
""Djinni"" by Sadie Barr
""Melting Moon"" by L.K.Cody
""Buck Monroe And The Beast Of Scrub Town"" by L.J.Thorne
""Blind Ambition"" by Adam Andrzei
""Laceboy"" by Gaynor Taylor
""Ugly Richard"" by Scott Hall
""The Visitor"" by J.Anton
""The Slow Walk Home"" by Novelette Williams",412
"The Last Place You Look (Tyler in Trouble, #1)","All Tyler had to do was keep his house key safe for an hour. He lost it in under a minute.
The ten-year-old was supposed to be kicking karate booty. But now Tyler must join forces with his six-year-old sister to find the missing key before his neighbor picks him up. Before his sister has to go potty. Before the dogs... oh, you don't want to hear about the dogs.
At 5,430 words, the illustrated THE LAST PLACE YOU LOOK is a fun, fast-paced introduction to Tyler's world.",471
Death on the Aisle,"Broadway is undeniably a graveyard, but more often of men's hopes than men's bodies. And it is almost inconceivable that anyone could have it in for an angel. But inconceivable or not, the wealthy backer of the play was neatly skewered during dress rehearsal and, with her customary flair for murder that turns eccentric, Pam North appears abruptly on the scene. Their friend, Lieutenant Bill Weigand, finds the Norths ready to help. And, in the wings, always ready for its cue, death waits.",491
"Sleight of Crime: Fifteen Classic Tales of Murder, Mayhem, and Magic","When master criminal meets master magician in matters of mystery, mayhem, and murder, you have all the elements of pure spine-tingling entertainment. Here is a unique collection of fifteen great magical mysteries intended to baffle--by misdirection, deception, trickkery, and bluff--the astute, observant reader.",312
Shudderville 3,"SHUDDERVILLE THREE (Episode 3 of The Shudderville Chronicles)
Be careful what you wish for.
On the day of her wedding, Cassie betrays her best friend and her fiance by making a decision that sends her hurtling into an adventure she never bargained for.
All she wants is to live happily ever after. But the man she's in love with has other plans.
The third mind-bending episode of a new series in the tradition of ""Fringe,"" ""Lost,"" ""The X-Files"" and ""The Twilight Zone.""",469
The Perils of Cyber-Dating: Confessions of a Hopeful Romantic Looking for Love Online,"This romantic tell-all memoir spanning over 250 online dates, is filled with heartfelt, witty, and hilarious stories. Julie Spira, a pioneer in the Internet industry, became the first on her block to post an online dating profile. You'll follow her journey as she skillfully navigates the web, hoping to replace what she once thought was the love of her life with a new Internet mate.",384
The Ladybird Book of the Meeting,"This delightful book is the latest in the series of Ladybird books which have been specially planned to help grown-ups with the world about them.
The large clear script, the careful choice of words, the frequent repetition and the thoughtful matching of text with pictures all enable grown-ups to think they have taught themselves to cope. Featuring original Ladybird artwork alongside brilliantly funny, brand new text.",420
The Krazees,"Stuck inside on a rainy day, Iggie can't help getting a bad case of the crazies. But when they come to life, look out! Suddenly she is overswept by the Krazees--mad, manic creatures who stir her into a mess-making frenzy--""plipple, plop bim bango!""--before they vanish--""poof!""--just as the rain stops and the sun pokes its way out of the clouds. This rollicking picture-book romp soars to the highest heights in Eric Brace's hysterical, high-kinetic pictures.",460
The Vile Victorians,"After fifteen fearsome years on the page, Horrible Histories are coming to the small screen - with all the nasty bits intact - of course. Twelve classic Horrible Histories are being reissued with a tie-in cover. In Vile Victorians readers can discover the full story, including: Murderers who wouldn't hang Dredger men fishing for the dead Stag hunting in Paddington Station",374
Dr. Dee Dee Dynamo's Meteorite Mission,"When Gordon the Gullible Globe sounds the alarm that a sad Pluto was downgraded to a dwarf planet, Dr. Dee Dee Dynamo is positive that she can use her surgical skills to help him. Join Dr. Dee Dee as she rallies her team and jets through the galaxy in Freeda the Flying Ambulance to perform surgery on Pluto. Will Pluto become a planet again?",342
Ambivalent Zen,"Relentlessly pursuing illumination, struggling to let go of identity, desire, belief and certainty, Shainberg faces down and learns to accept the Backward Law, ""Whosoever would save his soul shall lose it."" This unique, courageous memoir tells of one man's attempt to infuse his daily life with the elusive wisdom of Zen.",321
Keeper of the Night,"""In a series of exquisitely presented snapshots, a young teen struggles to cope with the aftermath of her mother's suicide. . . . Stunningly beautiful.""--""Kirkus Reviews,"" Starred
""Readers are drawn into Isabel's world and her determination to keep on going in the face of her overwhelming loss and responsibilities.""--""School Library Journal,"" Starred
An ALA Best Book for Young Adults
A ""School Library Journal"" Best Book of the Year
A ""Kirkus Reviews"" Editor's Choice
A Parents' Choice Gold Award",499
"The Mystery of the Strange Messages (The Five Find-Outers, #14)","Mr Goon, the policeman, can't understand it. Messages keep coming to him, popping up all over the place. But who is sending them?
Mr Goon thinks it is Fatty, playing tricks on him but this is the first the Five Find-Outers have heard about the messages. It all becomes a remarkable mystery and one which the Five just have to solve.",332
Song of the Phoenix,"When you've brought up your children singlehandedly you don't expect to have to do it again with someone else's, well at least Alannah Sherratt didn't. Life with Bernie Kelsall and his daughters was idyllic, but Bernie wasn't supposed to die... How was Alannah to raise his girls as he'd have wanted, and deal with their grief whilst dealing with her own?",355
Crack the Core Exam - Volume 2: Strategy Guide and Comprehensive Study Manual,"Master Educator Prometheus Lionhart presents his re-mastered 3rd Edition Crack the Core Text. New for the 3rd edition: nearly 75 pages of new content between the two volumes, more charts, better diagrams, more strategy, slightly less typos - and the same revolutionary writing /teaching style. This is a two volume set. You are purchasing the Second Volume which contains: Neuro, MSK, Nukes, Strategy, Non-interpretive Skills, Physics, and BioStats.",449
The Tao of Pooh,"""Thought-provoking and charming.""-- ""Library Journal"" Not all Great Masters of Wisdom are venerable graybeards. One is as familiar to us as that beloved teddy bear Winnie the Pooh. From the ""how"" of Pooh to the Tao of Pooh is a simple, effortless, joyous step...a delicious journey to Pooh Corner illuminated by the timeless teachings of the Taoist immortals.",359
"Beg, Borrow, Steal: A Writer's Life","Michael Greenberg regales us with his wry and vivid take on the life of a writer of little means trying to practise his craft or simply stay alive. He finds himself doctoring doomed movie scripts, selling cosmetics from an ironing board in front of a women's department store, and botching his debut as a waiter in a posh restaurant.",333
LIVING WITH GOD -An Anthology Of Poems Readers' Choice Mini Edition,"LIVING WITH GOD- ""This is a collection of poems written by me as an offering to God. In all my joys and sorrows I have felt the need to turn to God as a source of comfort and a staff on which to lean. I have come through life with a sense of wonderment and awe. Writing these poems have brought me much comfort , confidence and pleasure too. I hope the readers get some positive feelings from them and that perhaps in a small way they help them."" - Betty Paul Thottam",467
Five Things They Never Told Me,"Five Things They Never Told Meis story to be felt and not forgotten, from Rebecca Westcott, author of Dandelion Clocksand Violet Ink. . .
It's a glorious summer and Erin and Martha are both stuck at Oak Hill Home for the Elderly. Misunderstood and feeling ignored, they are equally frustrated by the situation. But as Erin learns to listen to Martha, she discovers some very important lessons about making her own voice heard.",426
"Just One Sip (Dark Ones, #4.5)","From a Moravian Dark One who must take on zombies and an angst-ridden teenage vampire to win the love of his soul mate, to a sunbathing vampire who finds the woman of his dreams in Vegas, this hilarious collection of paranormal romances celebrates the lives and loves of the immortal undead.
Contains ""Viva Las Vampires"" by Jennifer Ashley, ""Bring Out Your Dead"" by Katie MacAlister, and ""Lucy and the Crypt Casanova"" by Minda Webber.",434
My Monster Burrufu,"Seven-year-old Olivia has just moved to a new house--the same house where a lonely monster named Burrufu lives hidden in a secret attic. One night, unable to resist the smell of delicious cookies, Burrufu sneaks out and is discovered by Olivia. The two soon learn that you can find friendship in the most unexpected places.
My Monster Burrufu is a story of overcoming fear, a curse, and a most unusual monster who learns from a little girl how to trust his heart.",463
"Hell Hath No Fury (Black Widow and the Sandman, #2)","What happens when the heart's desire of the most dangerous assassin on the planet is stolen from him? Roman ""Sandman"" Tate does not take it well. Not at all. The anguish of not being able to stop the kidnapping of his dangerously-sexy counterpart, Jeanette ""Black Widow"" Mason, is only half the story. The Black Widow has her own brand of fury to unleash on those unfortunate enough to violate her world. Discover just how risky it is to disturb her web.",454
The Q Guide to Designing Women,"The classic 1980s sitcom goes Q Guide! Learn the truth about the backstage drama that nearly overshadowed the runaway success story of Southern-bred ladies Julia, Mary Jo, Charlene, and Suzanne. Features interviews with the cast and crew.
Allen Crowehas written for numerous television series, including Hearts Afire, Evening Shade, and penned the Designing Women Reunion Showfor Lifetime television.",400
Scorpio Rising (The Noricin Chronicles #4),"The Scorpion has returned, and now no one, Comman or Norcinite alike, is safe. Outside of the safe walls of Snisnar, the Scorpion is mounting his attack on the Old Race, and is taking out anyone who stands in his way.
As Dan prepares to face his final year at Snisnar, Mr. Loeren begins preparing Dan for the danger that awaits him beyond the protective walls of Steven Noricin's school. But not even the wise Mr. Loeren can prepare Dan for what he is about to face...",468
"The Island Stallion Races (The Black Stallion, #11)","More than anything, Steve Duncan dreams of racing his huge, wild stallion, Flame. The horse is untrained, but incredibly fast and Steve just wants to show him off. When two strangers show up and offer to make Steve's dream a reality, Steve cannot believe his luck. But soon he realizes that a professional racetrack is no place for an unbroken stallion.",353
eV: Volume 1,"Earth's preeminent nanotechnology scientist must create physical and mental enhancements for whomever is chosen to represent Earth in the alien parliament. But when his daughter is mortally injured in a car crash, he uses the one dose of enhancement serum on her-which mISBNs she has to go to the alien parliament! Humor and action ensue as she makes several unusual alien friends and helps thwart a plot to free a hugely powerful alien death god trapped inside a black hole.",475
A Werewolf in Sheep's Clothing (2016 Daily Dose - A Walk on the Wild Side),"Jackson is a member of a wolf pack, though he feels alone and not at all like the others. A chance meeting with a bear named Woodly shows him he isn't the only vegetarian in the forest; it also unites him with Frank, a wolf who happens to share the same deep, dark secret. Together, the pair of outcasts might be the only hope for the other woodland creatures who are different.
A story from the Dreamspinner Press 2016 Daily Dose package ""A Walk on the Wild Side.""",465
The Ice's Edge: The Story of a Harp Seal Pup,"On the pack ice off the coast of Labrador, Little Harp Seal is born under a cloudy March sky. His home os fraught with danger. Little Harp Seal's fluffy fur hides him from prowling polar bears. But, as he grows, his mother will leave him and his fur will turn gray. Little Harp Seal will be all alone, and he will have to learn to hunt and defend himself from polar bears.",372
Solo: Book One,"Collecting the first 94 pages of Hope Larson's independent web comic, Solois the story of Leah Turcio, who until very recently was one half of the husband/wife band The Junior Twins. Now she is forced to cope with both the breakup of her band, and her marriage.
Solois the first long-form comic Larson has both written and illustrated since 2010's Eisner Award-winning Mercury.",377
Club Extase Part 2,"The Steamy Second Installment of the Club Extase Series
After their erotic encounter in Central Park, Justin and Rachel find themselves more drawn to each other than ever before. A relationship is a risk for both of them. But some risks are worth taking. As Justin and Rachel share a night of passion and embrace the start of their journey together, a surprise text may change everything.
Club Extase Part 2 is a rapturous delight!",431
Genderqueer: And Other Gender Identities,"In Genderqueer,Dave Naz explores the gender spectrum in an entirely new way -- by turning his camera on subjects that are genderqueer, transgender, intersex, pangender, and every shade in between. Helping to add to the current global discussion on the structured nature of gender identity, Genderqueeris an eye-opening musing on all of the people who don't fit neatly into a convenient box.",390
Spots and Dots,"Designed for babies 6 weeks to 1 year, these books use high-contrast images to provide visual stimulation as babies begin to make visual connections with the world around them. These wordless picture books for the youngest readers are sure to capture the interest and attention of babies everywhere. The use of black and white shapes with bold colors creates stimulating patterns that babies love. Sturdy board books with rounded corners.",438
The Scarlatti Inheritance,"Her weapons: Money and Power. Her target: The most dangerous man in the world--her son. Elizabeht Wyckman Scarlatti has a plan--a desperate, last-minute gamble--designed to save the world from her own son, Ulster, an incalculably dangerous man who is working under the name of Heinrich Kroeger: Unless she can stop him, he is about to give Hitler's Third Reich the most powerful triumph on earth.",396
Cat Tales 2: Fantastic Feline Fiction,"The second volume in the ""Cat Tales"" series collects 17 original tales and poems concerning cats (plus one classic story by Edgar Pangborn and an essay by H.P. Lovecraft) into the purr-fect anthology for cat lovers! Here you will find ""If Wishes Were Fishes,"" by P.D. Cacek; ""The Case of the Unfortunate Mrs Ripley's Cat,"" by Jeff Crook; ""The Problem with Polly,"" by Scott William Carter, and much more. Edited by four-time Hugo Award-winning editor, George Scithers.",467
Clayface Returns,"Clayface has returned to Gotham City, and he's looking for revenge! Can the Caped Crusader tell the difference between the imposter and his real friends and enemies? Can Batman and Robin stop Clayface or will they need some help from their friends? Will the Dynamic Duo be able to defeat the shape-shifting villain or will Clayface finally get his revenge?",356
Recovery from Homelessness,"""Recovery from Homelessness"" not only provides the tools to recognize pre-homelessness, it also guides the reader into specific exercises to aid in the recovery from homelessness, and illustrates the sometimes frantic balancing act of those who live in a limbo existence between shelters and helpers, drug users, well-meaning friends, and authority figures. As one who was homeless himself, Patrick Gene Frank uses his creative ability to bridge that divide.",458
Cum For The Viking 2,"During an invasion by aggressive Norsemen, Lady Charlotte Abbot and her sister, Emma, find themselves at the mercy of Finn Vapnfjord and a lusty contingent of Vikings. As their village is sacked, they are seduced into sexual slavery, satisfying the needs of the men, while their virgin flesh is blissfully ravaged.
This story contains forced seduction, virgin sex, oral sex, double penetration, anal sex, an orgy, and scenes of Viking debauchery. All characters are eighteen and above. Adult 18+",495
Something in the woods is taking people.,"SOMETHING IN THE WOODS IS TAKING PEOPLE.
Something unknown that we cannot define; something that others have had the misfortune to encounter. People snatched soundlessly, never to be seen again. Or returned; dead. A strange and highly unusual predator. Highly intelligent. Very successful. And able to overpower someone in an instant.
This is a puzzle. An often deadly one.
Here follows some very troubling and disturbing accounts.
Something in the Woods is taking people....",475
Step Forward with Responsible Decision-Making,"Responsible decision-making is an essential skill that can be applied to all areas of life. Making responsible decisions involves considering ethical standards, safety concerns, respect for others, and the consequences of various actions. This motivating title offers helpful ideas, practical tips, and inspiring stories about the importance of responsible decision-making and how you can use it at school and in your own life.",427
Desert Shock Secrets Never Stay Hidden,"The shock the Tucson police find in the desert is nothing compared to the shock Mother Nature dishes out. When Detective Alex Blackhawk in the 25th century is put on a murder case of dismemberment, he discovers there is a connection all the way to the White House. Dodging blaster plasma and earthquakes he has to decide if the Vice President's money will sway him.",365
Aunt Dimity's Death (An Aunt Dimity Mystery #1),Down-on-her-luck Lori Shepherd thought Aunt Dimity was a pretend character in her mother's bedtime stories ... until the Dickensian law firm of Willis & Willis offers the possibility of large inheritance -- if she can discover the secret hidden in letters between Dimity and her mother. Plus 1-pg recipe Beth's Oatmeal Cookies.,327
Shadow in the Deep (Binding of the Blade #3),"As the rains fall and the floodwaters rise, Aljeron embarks on a dangerous quest across the forsaken land of Nolthanin. . . Learn More at http://www.bindingoftheblade.com"" For all of Kirthanin, the days are dark and hope seems far away. And yet, in the midst of their darkness, a ray of light appears when Benjiah takes up Valzaan's staff and enters where all others fear to go.",378
"Frognapped (Araminta Spookie, #3)","When something's amiss in Spookie House, there's usually only one person to blame--Araminta. But this time she had nothing to do with the disappearance of Barry Wizzard's frogs, and she is determined to find them. Of course, it's not going to be that easy, especially when dealing with a crazy character named Old Morris, a dangerous shark, and a demanding aquarium show audience. Can Araminta find the frogs and steal the show?",428
Living-Room War,"Living-Room War is Arlen's valiant - and entertaining - attempt to figure out exactly what television does to us. This timeless collection of essays provides a poetic look at 1960s television culture, ranging from the Vietnam war to Captain Kangaroo, from the 1968 Democratic convention to televised sports.",307
Great Poets of the Romantic Age,"Poetry by definition, achieves its effects by rhythm, sound patterns and imagery. One of the most popular areas of audiobooks -- spoken poetic form -- evokes emotions and sensations by bringing the voice of the poet to life in an appropriately intimate way, directly to the ear and mind of the listener.This anthology contains the works of some of the greatest poets of the Romantic Age, including Blake, Wordsworth, Shelley, Coleridge, Keats, Byron and Clare.",460
The Snake Pit Book,"Three years in the life of its hero and author, Ben. Ben Snakepit has been chronicling his life in three-panel comic strips for the past three and a half years. The material is funny at first, but becomes transcendently more than funny, showcasing repetitive patterns of behavior, common mistakes, the redeeming beauty of small moments and all the life that's in between.",371
The History Of Us,"Liverpool 1985
Kathleen, Adam and Jocelyn are three teenage friends who bond over an unconventional nativity play. They all have ambitions, they all have dreams.
Adam wants to be a writer, Jocelyn wants to sing and Kathleen - well, she wants to be an embalmer.
London 2015
Kathleen is a borderline alcoholic, Adam is holding on to a shocking secret and Jocelyn is dead. Where did it all go wrong? How did having the world at their feet turn into having the weight of it on their shoulders?",489
Vestibular Rehabilitation,"Recognized as two of the world's leading authorities on the subject, Susan Herdman and Richard Clendaniel, joined by a team of expert contributors, deliver the 4th Edition of the field's definitive text on the management of vestibular diseases and disorders. From assessment through therapy, they present the scientific and clinical knowledge you need to distinguish between vestibular and non-vestibular dizziness and to plan and implement the appropriate treatments.",468
Battleground (Battler #2),"I've been exiled by royal, Wolfe decree. I've become invisible and with my back pressed up against the wall I have two choices ...
One - Be silent and live a life in the shadows - filled with regret and loss ... or
Two - Raze hell and break the goddamn doors to the kingdom down.
The former requires backing down and the second requires stepping onto the battleground.
* The final book in the Battler Series",407
Doctor Zhivago,"Banned in the Soviet Union until 1988, Doctor Zhivago is the epic story of the life and loves of a poet-physician during the turmoil of the Russian Revolution. Taking his family from Moscow to what he hopes will be shelter in the Ural Mountains, Yuri Zhivago finds himself instead embroiled in the battle between the Whites and the Reds, and in love with the tender and beautiful nurse Lara.",391
The Order: A Knight Of Fangs,"The Order is the organisation that holds humanity safe from its unknown supernatural problems and for years on end has been most efficient in doing so. Something seems to be flying under the radar though. A plot years in the making. It starts with a series of irregular, seemingly unconnected abductions and it quickly escalates as a small team of Knights of the Order starts looking into them.",394
The Hardy Boys Ghost Stories,"A fiendish scarecrow walks and talks. . . . On a stormy night, the Hardys' only hope of rescue is a ship piloted by ghosts. . . . The dungeon of a Scottish castle is haunted by a cruel and notorious pirate. . . . Frank and Joe are about to confront the powers of darkness in six terrifying tales of Halloween fright.",316
I Am (Not) the Walrus,"HOW TO CURE THE BROKENHEARTED, STOLEN BASS BLUES
Toby and Zack's first gig could make or break their Beatles cover band, the Nowhere Men. But ever since getting dumped by his girlfriend, lead singer Toby can't quite pull off the Beatles' feel-good vibe. When Toby finds a note hidden inside his brother's bass claiming the instrument was stolen, he embarks on a quest to find the true owner--and hopes a girl named Michelle will help him recover his lost mojo along the way.",474
Animorphia: An Extreme Colouring and Search Challenge,"An amazing coloring book for adults featuring the super-detailed animal images from artist Kerby Rosanes. Known for his popular Sketchy Stories blog, Kerby works in intricately detailed black and white line to create creatures, characters, patterns, and tiny elements to form compositions of mind-boggling complexity. Bring your creativity to complete the breath-taking drawings and find hidden treasures and creatures scattered throughout its pages.",450
The Lost Deep Thoughts: Don't Fight the Deepness,"The latest installment in the Deep Thoughts series unearths more of the pseudo-inspirational material that Saturday Night Liveviewers have grown to love. Illustrated with aptly corny nature photographs, The Lost Deep Thoughtstakes a profound plunge into the world of Handey's life-altering aphorisms. 96 photos.",311
"Bluegate Fields (Charlotte & Thomas Pitt, #6)","In her sixth mystery featuring London police inspector Pitt and his resourceful and well-connected wife Charlotte, the author puts forward a uniquely Victorian situation. The body of a young, upper-class boy has been found in the slums of Bluegate Fields. Because of the delicate nature of the case, no one is willing to discuss it -- which makes investigation a tricky business for the sleuthing duo.",401
The ABC of Communism,"Two classic Russian Communist texts are presented together in this single volume. First published in 1919 and 1920 respectively, Programme of the Russian Communist Party and ABC of Communism were created as popular introductions, explanations, and commentary for the masses on the new party. Today they serve as historical documents and offer a non-Stalinist view of early Russian Communism. A new introduction and a glossary are included.",439
Woody's 20 Grow Big Songs,"Discovered after 40 years, this never-before-published collection of children's songs by legendary folk music hero Woody Guthrie and his wife has Woody's own spirited watercolor drawings and easy-to-play melody and guitar chords. This true piece of cultural history is sure to inspire laughter, creativity, and joy among Woody Guthrie's fans.",342
The Blood Files: The Case of Arnus Mortem,"Vampires running loose in San Francisco? Who better to investigate than a pair of P.I.'s? When Randall and Penny are given a missing person's case, they don't realize the true monsters behind what's going on are no mere mortals. Soon, they find out just how far the vampires and their minions will go to wreak havoc and destruction on the city. Can two humans save the day or will America be overrun with the undead?
The first in a trilogy of erotic thrillers set in the 1930s.",477
Great Expectations by Charles Dickens,"This book contains the complete text of Charles Dickens's 'Great Expectations', with insightful comments throughout for GCSE and A-level English students. There's plenty of space at the edge of the page to write your own notes. Plus there's a guide to all the key scenes and a character tree to help you keep track of who's who. A smaller, note-free edition which matches this study edition page-for-page is also available for exams (9781847624840).",449
"Ranks of Bronze (Earth Legions, #1)","The guilds of star-travelling merchants had strict rules to prevent their technology from falling into the hands of the natives of planets they were exploiting: military operations had to be carried out with weaponry no more complex than swords and bows. That was no handicap to the merchant princes, who came to Earth for soldiers and returned to the stars with the best the planet had to offer: the legionaries of the Roman Empire!",433
Haircut and Other Stories,"Through these pages pass con men, an opinionated small-town barber, a nurse who chatters on and on--much to the chagrin of her charges--baseball players and boxers. Published in ""The Saturday Evening Post, Collier's"", and ""Vanity Fair"", Lardner enjoyed great success and was heralded as a singular talent by F. Scott Fitzgerald, Hemingway, H.L. Mencken, and Virginia Woolf.",373
"Death Masks (The Dresden Files, #5)","Harry Dresden - Chicago's only practising professional wizard - should be happy that business is pretty busy for a change. But now he's getting more than he bargained for, thanks to a duel with the Red Court of Vampires' champion, and professional hitmen who are using him for target practice. Some days it doesn't pay to get out of bed.",337
The Best of Poe,"These literary masterpieces are made easy and interesting. This series features classic tales retold with color illustrations to introduce literature to struggling readers. Each 64-page eBook retains key phrases and quotations from the original classics. You'll be kept in suspense with these four Edgar Allan Poe short stories! The Pit and the Pendulum, The Fall of the House of Usher, The Cask of Amontillado, The Murders in the Rue Morgue.",442
Halloween ComicFest 2015 World of Archie Mini Comic Polypack Bundle,"Strange things are going on in Riverdale! You're invited to the best Halloween party of the year. Is it possible that Archie and Jughead have really stumbled into a Halloween party where the guests are not in costume, but are actual, real-live monsters?!
Does not have ISBN; has direct sales bar code 603259243213",313
The Wrong Avalon,"Merthur Fanfic
Arthur's been stuck in this mysterious place for what feels like years, all invisible to the strange people who surround him. He's given up on anything changing until the arrival of a madman with a blue box.
Or: All the Doctor wants is to give his friends a nice honeymoon in the galactically-renowned Hotel Avalon. Except he sort of stumbles across this medieval king who has a date with destiny and then, well, business as usual, really.
Words:11322 complete",475
You Silly Goose,"George the mouse is a good friend of Emily the goose. And when Emily's goslings hatch, George is the first to visit. But George brings bad news--he has seen the fox! ""With wonderfully clean, appealing collage art, a graceful, deftly honed text, and a real plot that--for all its brevity and simplicity--has suspense and a satisfying denouement, [this is] another winner from the creator of Mouse Count.""--Kirkus Reviews",419
Hurricane Day,"Hurricane Day is more than a story about a hurricane. It explores the hectic pace of the modern day family. Jimmy and his family are always in a hurry, always rushing from one activity to the next. However, when they find out there is a hurricane headed straight for them, Jimmy's parents must slow down and take the time to reassure him that everything will be all right. They take a break from the rat race to answer all of his questions, as they prepare for the hurricane.",475
The Skilled Helper: A Problem Management and Opportunity Development Approach to Helping,"Emphasizing the collaborative nature of the therapist-client relationship, THE SKILLED HELPER is internationally recognized for its successful problem-management and opportunity development approach to effective helping, using a practical, three-stage model. In this new ninth edition, Egan continues to build upon the ""positive psychology,"" solution-focused theme by adding insightful new discussions on evidence-based practice, research, and philosophical perspectives.",471
In The Spirit of Happiness: A Book of Spiritual Wisdom,"Now in paperback, the bestselling authors of ""How to Be Your Dog's Best Friend"" distill their collective spiritual wisdom in a book that explains how the elements of a monk's life--self-discipline, solitude, prayer, acts of love and forgiveness--are pathways that anyone can follow to achieve true happiness and spiritual fulfillment.",334
Each Peach Pear Plum,"In this book with your little eye, take a look and play I spy- so starts the classic story from best-selling author/illustrator team, Janet and Allan Ahlberg.Each Peach Pear Plumintroduces favourite fairy tale characters, such as Tom Thumb and The Three Bears and, with a poem on each page hinting as to what is hiding in the picture, children are encouraged to participate and follow the story themselves.",406
Ghosts of Acadia,"Following in the tradition of his first collection of ghost stories, Dark Woods, Chill Waters, Marcus LiBrizzi has researched and written a collection of 21 true ghost stories from the Acadia/Mount Desert Island region of Maine. All the stories stand out due to their frightening elements and legendary qualities, combined with historical background and eye-witness accounts. The collection also provides a kind of gothic tour guide, recounting stories in settings that readers can go and visit.",495
"Frankenstein Doesn't Start Food Fights (The Adventures of the Bailey School Kids, #47)","Watch out Baliey City--Frankenstein is back in town! A clever new adventure in the best-selling and beloved series about a town where the grown-ups are more than a little weird.
There are some pretty weird grown-ups living in Bailey City. But could Frank--a large man with a green complexion and a huge purple scar--really be Frankenstein's monster? The Bailey School Kids are going to find out!",395
Simple Sewing with a French Twist: An Illustrated Guide to Sewing Clothes and Home Accessories with Style,"Celine Dupuy presents sewers of all skill levels with more than 50 projects, each with a touch of something wonderfully, whimsically French. Including easy items to sew for the home, fashion accessories, delightful gifts and innovative ideas for customizing your favourite pieces of furniture, these are chic patterns that will inspire you.",340
Being of Two Minds,"Connie Hendricks was a typical American teen except for her dizzy spells, when she would pass out. When this happened, she entered the mind and soul of Prince Rudolph, the fourteen-year-old heir apparent of Thulgaria, a small European country. Prince Rudolph had spells too, when he entered Connie's mind and life. Everything was just fine, and their ""trick"" was their special secret -- until Rudolph was kidnapped while Connie was inside his mind . . .",453
Prisoners in the Promised Land: The Ukrainian Internment Diary of Anya Soloniuk,"Anya and her family have made a difficult journey to Canada in search of a new life. But soon after they arrive in the land they hoped would welcome them, World War I is declared, and Ukrainians are considered ""enemy aliens"" -- many of them sent away to internment camps. Anya must find a way to deal with the challenges in the land she now calls home.",352
Dr. Chase Hudson (The Surrogate #2),"This is not a stand-alone and must be read afterThe Sex Surrogate
You asked for it, now you're getting it: a novella from Dr. Hudson's POV plus an epilogue so we can catch up with Chase and Ava.
Here you will find answers to your questions about Chase's childhood, how he got into surrogacy, and what, exactly, his feelings were for Ava while he was working with her.
* For possible triggers, go here: http://www.jessicagadziala.com/trigge...*",443
"NIrV, Faith Builders Bible","The Faith Builders Bible, NIrVuses the popularity of brick-building pieces to engage children with the Word of God. Includes 24 full-color pages of illustrations plus the complete New International Reader's Version (NIrV) of the Bible (from Genesis to Revelation) in a very readable, 9-point font size.",302
"Bellflower (The Heart's Spring, #0.5)","Short Story Prequel to Forget Me Not
Spring 1880
Annabelle knows only one way of life. Jacob knows only one way to feel secure. When their paths cross in a Western mining town, can they find a way for love to bloom?
Discover the story behind two hurting hearts in this short but sweet retelling of Beauty and the Beast.",319
"Star of Fear, Star of Hope","Set in France, during the Nazi occupation of World War II, a gentile child named Helen recalls the mounting persecution of her Jewish friend. She wonders why does her best friend, Lydia, have to wear a yellow star? Why are people in hiding and using strange names? What is Lydia afraid of? Touching upon the Holocaust with sensitivity and poignancy, Star of Fear, Star of Hope will help readers understand this difficult event in history.",438
Around the World: A Follow-the-Trail Book,"In this interactive novelty board book, little ones trace a die-cut trail to explore the world.
Use your finger to help different creatures find their special trail around the world! This interactive board book lets little ones explore world by tracing a tactile pathway. Each spread will feature a different animal looking for its way through a different landscape, from a thick, green forest to a dry, orange desert.",418
Vogue® Knitting American Collection,"""Designs by today's most talented American designers.""--Publishers Weekly.""From ten of this country's best knitwear designers...four or five patterns [each]... along with an essay on their careers and how they entered the field of knitwear design...patterns have been reworked to include yarns available now. Good selection.""--Library Journal.""Fabulous collection.""--Vogue Knitting International.",396
A Day in Deep Freeze,"1963: Emran Greene is a successful corporate accountant, a hopeful soon-to-be-father, and an unremarkable husband--except for the lingering effects of an experimental wartime truth serum, his ex-boyfriend, the impossibility of his conceiving a child, and all of the other secrets he keeps from his wife and his employer. One of these, the secret of the lonely grave he visits regularly in Riverport's Castleview Cemetery, holds a tragedy that just won't stay gone...",466
Misguided Truths: Part One,"Every story has its own beginning.
His started when he set her a simple challenge.
But, unbeknown to him at the time, this very challenge was the start to something that would change his life ... forever.
Music was his life. His reason to breathe ... until he fell in love.
Are you ready to hear Brandon's story?
***This is a novella from Brandon's POV***",355
Ice Cubes,"Poetry. ""There is a pacific, morning coolness about Kit Robinson's 'ICE CUBES.' These poems seem, in their reserved, slightly removed chilliness, to forecast the heat of day, and the fuller poems such as 'Nesting of Layer Protocols, ' 'Rented Objects, ' and 'Forgotten Algebra' in which the mind that talks inhabits the body that walks"" -Alan Davie",348
The Princess's Knight:  Vocabulary Challenge Edition,"The king is on the look out for a match for his daughter. She doesn't like any of the guys she has met so far. The knight in search of young men for the princess to meet has a secret, could he be the reason all these young men are silly? What does the king know about this plot? This is a simple story told in rhyme but with some plot twists and challenging vocabulary. A word bank is provided to help your youngster learn new and challenging words as you enjoy this fairy tale together.",487
You Make Me Happy,"Sofia likes a boy in her class very much. She feels anxious and happy at the same time. She tells Grandma, because Grandma always knows what to do. ""You should tell him you like him,"" Grandma says. But what should Sofia say? And where? And when? Grandma and Grandpa are happy to share their story with Sofia. And that gives her an idea.... A tender story with beautiful illustrations about loving someone and learning to tell them!",431
Woman in Jeopardy,"Carmen Garcia witnesses and avenges the murder of her sister by crime boss Francisco Sanchez. To complicate matters, Sanchez is Carmen's brother-in-law, and has been abusing Carmen for years. Carmen steals her newborn nephew, and flees from Nogales to Tucson to Spanish Harlem to Los Angeles, struggling to make a life for herself and Mario. And maybe she'd have gotten away scot-free--if she hadn't taken a million dollars with her, too.",438
The Bible of Every Land,"full title: The Bible of every land : a history of the Sacred Scriptures in every language and dialect into which translations have been made : illustrated by specimen portions in native characters; series of alphabets; coloured ethnographical maps, tables, indexes.
A tremendous achievement that is of signal value to the linguist and scholar.",344
Pickup Lessons (story #1 from More Flirts! 5 Romantic Short Stories),"Stone Kinney may have his PhD in astrophysics, but he knows nothing about women. He thinks argyle socks scream sexy. When Kyla Carter overhears his pathetic pickup lines, she agrees to give him lessons on how to get a girl. But nothing she does helps him snag a date. Of course, maybe there's a reason for that...",313
The Closing of the American Mind,"The Closing of the American Mind,a publishing phenomenon in hardcover, is now a paperback literary event. In this acclaimed number one national best-seller, one of our country's most distinguished political philosophers argues that the social/political crisis of 20th-century America is really an intellectual crisis. Allan Bloom's sweeping analysis is essential to understanding America today. It has fired the imagination of a public ripe for change.",452
Second Foundation (Foundation #3),"So far the Foundation was safe. But there was a hidden Second Foundation to protect the first. The Mule has yet to find it, but he was getting closer all the time. The men of the Foundation sought it, too, to escape from Mule's mind control. Only Arkady, a 14 year-old girl seemed to have the answer, or did she...?",315
DK Readers L0: Star Wars: The Clone Wars: Masters of the Force,"Who are the Masters of the Force? The Jedi, of course! In this exciting Level 1 Reader, harness the power of the Force as you learn all about the Jedi and their amazing abilities. With eye-catching images and simple sentences, this Reader is sure to capture the imagination of young Padawans everywhere!",303
"All About Sam (Sam Krupnik, #1)","Everyone knows Sam Krupnik. He's Anastasia's pesty but lovable younger brother.
This is Sam's big chance to tell things exactly the way he sees them. He has his own ideas about haircuts, nursery school, getting shots, and not eating broccoli. Sam thinks a lot about being bigger and stronger, about secret codes and show-and-tell.
Make way for your little brother, Anastasia. Here for the first time is Sam Krupnik's life story. What a life!",441
Jane Austen and Crime,Susannah Fullerton has brilliantly hit on the theme of crime andpunishment in Jane Austen's work. Fullerton shows how the Regencyworld was really a dangerous place with a fast rising crime rate and alegal system that handed out ferocious sentences. Her book will beessential reading for every Janeite.,301
Twisted Tales: Six Fairy Tales Turned Inside Out,"The so-called villains and innocent bystanders of six famous fairy tales share their points of view in this hilarious collection of tales. Perhaps the big bad wolf was in fact very kind and friendly, but just a little hungry; and maybe the princess couldn't feel the pea at all, but just couldn't get to sleep. Quirky, funny, and full of rhyming, alliteration, and word play, these are rollicking rewrites of old classics.",422
"The Last Viking (1066, #2)","With the death of Edward the Confessor, the crown of England is hanging in the balance. And in the north Harald Hadrada, the Norwegian Viking leader, is determined to take his chance of capturing the country.
But Harold will not let that happen without a fight. Charismatic and the leader of a mighty army, he is determined to make Hadrada the last Viking in England.
And so the bloodiest battle yet fought on English soil is about to begin. At stake is sovereignty, freedom and honour.",486
The Adventures Of Tom Sawyer,"A boy made for mischief, Tom constantly grieves his Aunt Polly with his cunning tricks to get out of school and to lead an idle life of swimming and larking by the banks of the Mississippi. His scrapes vary from whitewashing a fence to witnessing a murder and from running away to be a pirate to hunting by night for buried treasure - but each episode ends with Tom ingeniously on top, as the hero of the village and the envy of all the other boys.",448
Modern Computer Algebra,"Designed to accompany one- or two-semester courses for advanced undergraduate or graduate students, this text's comprehensiveness and reliability also make it an essential reference for professionals. Errors have been corrected and new sections on greatest common divisors and symbolic integration have been added to this updated edition. First Edition Hb (1999): 0-521-64176-4",377
Ordinary Victories,"This is the story of Marc, a photographer who's tired, of a very patient chick he meets, of banal horrors and of his pain-in-the-neck cat. It's the story of his art thrown against heavy anxiety attacks; of a really cute woman in his small town who seems to take to him against all odds; of the old neighbor, a peaceful likable fellah until you get to know his disturbing role in the war...",389
What Will Happen in 2012 and Beyond?,"The question, ""What will happen in 2012?"" is being asked by a great many people. The Mayan calendar ends on December 21, 2012 which has given rise to a considerable amount of speculation about what might happen, including predictions that the world will either end or that we will experience some sort of catastrophic...",320
Dino-Mike and the Dinosaur Cove,"Dino-Mike and his best friend, Shannon, discover that the nefarious Mr. Bones has gone underground down under! Mike and Shannon track the dino-reviving villain to a secret cove in Australia that contains a cache of dinosaur bones! Mr. Bones plans to create an army of reanimated dinos--and only Mike and Shannon can stop him before an army is awakened! Each book in this action-packed series is written and illustrated by the Eisner-Award winning creator of Tiny Titans: Franco!",478
"The Girl at Eagles' Mount (Harlequin Romance, #1676)","The Girl at Eagles' Mount
""An Irishman should never be trusted."" That had been drummed into Georgina all her life by her mother and her grandmother before her- and Georgina had never had any reason to doublt the truth of it.
So what was she doing, getting engaged to Lian Ardulian, Chief of the whole Irish clan of Ardulians?",325
How to Make an Apple Pie and See the World,"An apple pie is easy to make...if the market is open. But if the market is closed, the world becomes your grocery store. This deliciously silly recipe for apple pie takes readers around the globe to gather ingredients. First hop a steamboat to Italy for the finest semolina wheat. Then hitch a ride to England and hijack a cow for the freshest possible milk. And, oh yes! Don't forget to go apple picking in Vermont! A simple recipe for apple pie is included.",459
The Haunted Hearse,Business as usual down at Dracs Funeral Home and Cemetery so they say.That was about to change because a brand new funeral home and cemetery was built across the street.When old man Wethers was ran over by the owner of the new cemetery old man Wethers ghost could be seen driving up and down the road looking for new business if you know what I mean.Drac's cemetery business was up and running.,394
"Buffy the Vampire Slayer: The Chain (Season 8, #5)","Buffy's new position as leader and figurehead of the world's five hundred most powerful women has made her a bigger target than ever before. ""The Chain"" tells the story of one of the decoy ""Buffy"" Slayers, a tale personally important to series creator Joss Whedon. Guest artist Paul Lee (Conan, Tales of the Vampires) pencils the first standalone issue of Season Eight.",369
Binkie of IIIB,"The state of things in Form IIIB at St. Helen's gives scope for those qualities of courage, tact and unselfishness which make Binkie such a lovable little soul. Completely natural, she is always cheerful, and possessed by a flame of wonderful esprit de corps, and her example rouses the Form to all-round keenness. Of course there are some troubles, and Binkie has her share, but thanks to her, friendships are strengthened and heartburnings allayed.
-from the dustjacket",471
Kissing Hollywood,"Alexandria Casey, thirty-five, just had a reality check. Life didn't go as she expected once she said 'I do.' After her divorce, Alex meets someone new. He's twenty-eight, British, a television star, and determined to make her notice him. She would rather hide from the paparazzi and the microscope they bring upon his personal life. Will she give in to his pursuit and learn to love once more?",394
The Kraken's Rules for Making Friends,"It's no big surprise that the Kraken has no friends, but he is TIRED OF IT. With a bad temper and a knack for destruction, his talent for meeting new fish is...not so seaworthy. He finds hope when another monster of the deep, a great white shark, offers him some RULES FOR MAKING FRIENDS. Will these rules help the most terrifying monster of the deep make a new chum?",367
"Gun, Needle, Spoon","This memoir follows a punk rock pioneer on his slide into drug abuse and life as an armed robber, all the way through life in recovery and what it's like to look back on those times, knowing all the while that he is still under the threat of three strikes, a twenty-five-to-life prison sentence waiting. He has no choice but to deal with it all drug free.",355
"The Man She Loves To Hate (The Eligible Bachelors, #1)","Three reasons to keep away from Cole Rees...1. My mom had a scorching affair with his dad--just think how awkward that ""meet the family"" would be...
2. His arrogance drives me mad--he might be a gorgeous billionaire, but I hate how he knows it!
3. Every time he touches me I go up in flames...and it's utterly terrifying.
Come on, a fling with the man I love to hate? Like that would ""ever"" work out...",402
Deadrise,"At the dawn of the 21'st century a mysterious plague sweeps the globe, causing the recently deceased to return to life as flesh eating zombies! With civilization collapsing around them, and facing dangers from both the living and the dead, a group of survivors band together and attempt to escape the city. Besieged on all sides by zombies and madmen, will they be able to survive the DEADRISE?",394
A Better Way: 101 Practical Ways to Motivate Your Child,"This book is deisgned to help regular parents get through times where their children are just not motivated - maybe struggling with schoolwork, or even not willing to go to school. Packed with 101 down to earth, practical ideas on how to motivate them - whatever their age, whatever they need that extra boost to achieve. Short, easy to use ideas that can be put to work within minutes.",386
The Rosicrucian Enlightenment,"""No one has done more than she to recreate, from unexpected material, the intellectual life of past ages. It is DrYates's great achievement to identify the ideas and, by delicate scholarship and profound study of symbolism, to provide them with a pedigree and a home. A brilliant and exciting book."" -- Hugh Trevor-Roper,The Sunday Times",337
The Centenary Corbière,"Direct, colloquial, and allusive, these poems evoke the peasants and sailors of Brittany and the bohemians and prostitutes of Paris in a vivid, fast-paced language that transformed the Modernist, Symbolist, and Surrealist movements, and influenced Pound, Eliot and the poetry of both England and America. This parallel-text edition enables the reader to experience the poet's innovative wordplay firsthand, and the introduction by the translator provides essential contextualization.",483
Remember When We Never Faded,"Merlin AU
Merlin and Arthur don't meet in Camelot: they meet near Ealdor. Merlin brings an unconscious Arthur home from battle, but when Arthur wakes, he's forgotten who he is. The closer they become, the more Merlin believes in the world their shared destiny could create.
Artpost: http://achelseabee.livejournal.com/28...
Words:37246 complete",344
"Belinda Goes to Bath (The Traveling Matchmaker, #2)","On the London Quicksilver 1800s stagecoach to ""The Bath"", Miss Hannah Pym 45 finds Miss Belinda Earle banished for running off with a footman, so her fond-of-drink chaperone Miss Wimple gossips. Coach overturned in a river, passengers rescued to nearby Baddell Castle by dashing Marquess of Frenton to divert snobs Lord and Jordan, greedy for Penelope.",352
Closets are for Clothes: A History of Queer Australia,"Some of the first white Australians were lesbians and gay men. They came on convict ships or as free settlers and forged a colourful history. From floggings and hangings to cross-dressing and the Mardi Gras, ""Closets are for Clothes"" links today's queer Australia to its history.
Part of Black Dog Book's ""Drum"" imprint, which features fictionalised first person accounts of history.",383
Worldshaker,"In this gripping fantasy, Col lives on the Upper Decks of the juggernaut Worldshaker - a mobile city as big as a mountain. Chosen to be the next Supreme Commander, Col's comfortable life is upset when a 'Filthy', who has escaped from Below, appearsin his cabin, begging for help. Will he hand her over, or will he break all the rules? Col's safe, elite world is about to fall apart.",382
Weapons Of The Metabaron,"The creative trio of Jodorowsky, Charest, and Janjetov shows us how the Metabaron assembled the galaxy s most powerful and destructive weapons in an effort to secure his position as the universe s ultimate warrior. Travis Charest's (Artist of Wildcats, WildC.A.T.s/X-Men: The Golden Age, and Star Wars comics Cover Artist) interpretation of 'The Metabarons' mythology.""",369
The Iron Within,"Years ago, the Iron Warriors left Barabaras Dantioch, a crippled warsmith, on the world of Lesser Damantyne. Now, having declared their allegiance to the traitor Horus, they have returned. As the planet's garrison prepares for war, Dantioch must choose between loyalty to his legion or to the Emperor.
A short story from the anthology.",336
Caught Out,"When the circus comes to his home in the clouds, ten-year old Timmy Blackshaw can't wait to go, despite his parents' refusal. Instead, his father takes him to his workplace to show Timmy their new AI. Excited to meet the robot, Timmy has only one question for the all-knowing AGGI...
This short story first appeared in print in the children's anthology Magic in the Air, 2010 (New Zealand)",389
All Our Secrets Laid Bare,"Fandom: Harry Potter
Relationships: Draco Malfoy/Harry Potter, Hermione Granger/Ron Weasley, Harry Potter/Original Male Character(s)
--------------------------------------------------
Over the six years Draco Malfoy has been an Auror, four of his partners have turned up dead. Harry Potter is assigned as his newest partner to investigate just what is going on.",361
Liven Up Your Library: Creative & Inexpensive Programming Ideas,"Turn your library into a tropical paradise, or invite students to become library sleuths! Each standards-based, creatively themed chapter in Liven Up Your Library focuses on a specific library or research skill and includes detailed lesson plans. Material and preparation lists, rubrics, extension ideas and reproducibles for activities are included with each lesson to make livening up your library easy as well as enjoyable!",426
Muslimah in love,"''Marriage isn't easy especially when it's arranged and you hardly know the guy.''
23 years old Zara, a modest and virtuous Muslimah, has finally accepted a marriage proposal and is ready to share her life and love with her husband. But what happens when he is broody, stiff and ignores her for most the time? Is it possible to make her own husband fall in love with her or will Zara become a victim of unrequited love?",419
The Tail of the Dragon: Book One,"The Harmony crew witnesses nuclear Armageddon from space as they begin their journey to explore evidence of life on Mars. In DC, a small group of survivors, including the President manage to make it to an underground bunker at the Pentagon. While Harmony continues the mission to find Mars habitable, earth's survivors attempt to rebuild the nation. Follow the adventures of these two brave groups.",398
Ten Oni Drummers,"At dusk, on a beach in Japan, a young boy falls asleep and begins to dream, but soon he has company -- a tiny oni, creeping up from the sand. Throughout the night, one by one, more oni appear, until there are ten in all, and they grow bigger, too. They begin beating their taiko drums, louder and louder. They sail on a raft, play games, have a big meal, and eventually chase away the boy's scary dreams.",404
The Healing Heart,"Toby's been in love with Hayden for five years. When Hayden marries Toby's sister and gets her pregnant, Toby is stuck fighting his feelings. The baby's birth, however, changes everything -- and everyone. Now Toby has to make choices he never thought he would make.
This story is also included in Anthology.",308
Joyful Strains: Making Australia Home,"Joyful Strains collects twenty-seven memoirs from writers describing their expatriation to Australia. These are stories about what they found, who they became and what they now think of Australia - stories that provide entertainment, perspective and cause to celebrate our increasingly diverse nation. This is an insightful, compelling and sometimes confronting collection for all Australians.",393
Santa's Cookie Elf,"Christmas is a magical time of the year. Santa's toy factory builds a lot of toys for children all over the world. His flying reindeer help him deliver all those toys in one night and at every house the kids leave Santa their favorite cookies. WOW! That has to be millions and millions of cookies. Now if Elves help build the toys, and flying reindeer get Santa to every house in one night, ever wonder if someone helps him eat all those cookies?",446
Survivals and New Arrivals: Old and New Enemies of the Catholic Church,"Here Belloc analyzes the various intellectual attacks on the Church in the last two centuries, showing how each thrived for a time before disintegrating; then he analyzes the two ultimate enemies which we see everywhere today! Says the temporal fate of the world depends upon the health of the Catholic Church. Essential ideas to understand where we are and where we need to go from here to rebuild civilization.",412
"Swing, Sloth!: Explore the Rain Forest","Come along on an adventure through the rain forest. Along the way, you'll meet new friends big and small, see amazing sights, and learn all about the creatures that make their home in the rain forest. Told in simple yet lively text built with sight words and using picture icons to aid reading, National Geographic Pre-readers will enchant kids just beginning their journey with books.
From the Trade Paperback edition.",419
Alphabet City Ballet,"Marisol has always loved to dance--from the salsa at family parties to the boom boxes on Loisada Avenue. Then she wins a scholarship to ballet school and discovers an inspiring new world of beauty and discipline. When violence erupts in Alphabet City, Marisol's dream starts to slip away. To keep dancing she must make heartbreaking choices--perhaps impossible ones.",366
Cash & Carry: An Odd Jobs/David Diangelo Mystery,"There's a lot David Diangelo doesn't know about his latest Odd Job. He doesn't know how many people are trying to intercept him and the case he carries. He doesn't know the case he's been hired to deliver to a law firm in Las Vegas is empty...a decoy. And he doesn't know that the road ahead holds only pain, heartache...and murder.",332
Cuddles the Cattle Dog,"On Christmas Eve, when Santa Claus learns that all his reindeer have run away, he finds the solution to his problem and a new best friend in a tough, little Australian ""red heeler,"" a herding dog named ""Cuddles."" Written entirely in verse, this delightful story can be read to a child, read by a child, or read along with the free MP3 download narrated and sung by the author. Cuddles will quickly become part of the Christmas tradition for your family.",453
The Golden Warrior,"The story opens just after the coronation of Edward the Confessor, and takes us up to the Norman Invasion. Who was to succeed King Edward? From the welter of political cross-currents, rivalries, violence and intrigue set up by this question, the two dominating figures of the novel emerge - Earl Harold and Duke William of Normandy. The issue was decided at the Battle of Hastings. With her stirring account of the battle and of the invasion threat which preceded it,",467
The Kids' Science Book: Creative Experiences for Hands-On Fun,"Explains the advantages of using the box offense which, when properly executed, can pressure an opposing team into submission. Along with a written explanation of box offense strategies are hundreds of diagrams illustrating plays that can be used on fast breaks, against zone and man-to-man defensive sets, and in other special situations. Brown concludes with some tips on scouting other teams and what to look for when preparing for an opponent.",447
Doctor Who: The Forgotten,"Ten Doctors! Stranded in a strange museum that's dedicated to him, and with The Tardis lost, The Doctor, as portrayed by David Tennant, and Martha Jones must make sense of their surroundings, hindered by one small fact - The Doctor has lost the memories of every one of his previous incarnations! With items relevant to each Doctor in their possession, The Doctor and Martha must try to use them to regain total recall before it's too late!",440
Twinky the Dinky Dog,"The world treats Twinky like a dinky dog. The only problem is that Twinky doesn't feel dinky. What can a little dog do to prove the age-old adage that size doesn't matter? With engaging characters, easy-to-follow plots, and popular topics,Twinky The Dinky Dogis an ideal Step 3 reader for children who are ready to begin reading on their own.",342
The Year of the Garden (Anna Wang #0.5),"When Anna is gifted a copy of The Secret Garden, it inspires her to follow her dreams--maybe she can plant ivy and purple crocuses and the birds will come. Or maybe what grows from her dream of a garden is even better: friendship. And friendship, like a garden, often has a mind of its own. In this prequel to Year of the Book, join Anna in a year of discovery, new beginnings, friendships, and growth.",402
The Journals of Raymond Brooks,"Raymond Brooks was born a thousand years ago, an orphaned boy lost in a foreign land. The Journals uncover the mysteries and adventures he experienced during his unimaginable lifespan. Could the Supernatural walk amongst us? If they do, what lengths will they go to preserve their secrecy? Why would Raymond commit virtual suicide by revealing their existence?",360
"Kings of Clonmel (Ranger's Apprentice, #8)","Will is at the annual Ranger Gathering but Halt is investigating mysterious happenings in the west. When he does finally return, it's with bad news. Hibernia is in turmoil. A religious cult calling themselves the Outsiders are sowing confusion and sedition, and five of the six Hibernian kingdoms have been undermined. Now the sixth, Clonmel, is in danger. Halt, Will and Horace set out to restore order. Can the secrets of Halt's past help them in their mission?",463
Four Screenplays of Ingmar Bergman: Smiles of a Summer Night/The Seventh Seal/Wild Strawberries/The Magician,"s/t: Smiles of a Summer Night, The Seventh Seal, Wild Strawberries & The Magician
Ingmar Bergman has been acclaimed throughout the world as one of the most brilliant filmmakers of our time. This collection of screenplays for a quartet of his most distinguished films shows that he's also a writer of distinction, for the words themselves emerge, in their own right, as a form of powerfully moving literature.",408
The Future for Philosophy,"A stellar selection of the world's most eminent philosophers give a picture of the current state of their subject, where it is going, and where it ought to be steered. Each offers a penetrating analysis of his or her particular specialism, building a volume that offers a vision of the future of all major branches of the discipline. It will make provocative reading not just for philosophers themselves, but for anyone intrigued by the question of what philosophy has left to do.",480
Practicing Care in Rural Congregations and Communities,"Pastoral care in rural communities is different from care in other locales. Despite these differences, rural churches and communities also hold a particular wisdom from which the rest of the church might benefit. Small towns and rural areas have particular challenges, and in seeking to live out the Christian life in the midst of those, local churches have unique and useful insights into what it means to care for one another.",428
Nightbreed: Cabal,"A tortured soul called Boone seeks refuge in a necropolis in the wilds of Canada, where he finds the shape-shifters known as the Nightbreed.
Only the courage of this strange human can save them from extinction. And only the undying passion of a woman can save Boone from his own corrupting hell...
Released to accompany the film Nightbreed, which is based on the short story.
180 minutes. 2 sound cassettes.",407
Invisible Writer: A Biography of Joyce Carol Oates,"Granted privileged access to Joyce Carol Oates's letters and journals, as well as extensive interviews with those around her, and Oates herself, Greg Johnson examines the relationship between Oates's life and work in this fascinating exploration of a complex and gifted artist. 16-page photo insert. 560 pp. 12,500 print.",321
"The Infinite, Vol. 1","Freedom fighter, Bowen, has lost everything in the war against The Infinite. His only hope: travel back in time to prevent their world domination before it starts But, Bowen can''t do this alone. He must turn to the only ally he knows he can trust: HIMSELF Now a man in his 40s, damaged by the horrors of war, must team-up with his younger, reckless, and optimistic 20-year-old self in order to save the world",409
"Dark Sun (Cherub, #9.5)","Nukes and sleepovers...
It's the last day of term. Three lads are clearing out their lockers, organising a sleepover and hatching a plan to spatter a girl with rancid coleslaw.
But things aren't what they seem.
One boy's father is a member of Dark Sun, a criminal organisation dealing in nuclear weapons technology, while another is a CHERUB agent sent to stop him.",365
Harry Potter and the Goblet of Fire,"Harry Potter is midway through both his training as a wizard and he wants to get away from the pernicious Dursleys to attend the International Quidditch Cup with Hermione, Ron, and the Weasleys. Harry wants to find out about an event involving two other rival schools of magic and a competition that has happened for hundreds of years. Harry Potter wants to be a normal wizard, but he's not normal, and in his case, this can be deadly.",435
"Our Own Snug Fireside: Images of the New England Home, 1760-1860","Using early records, surviving objects, and recent studies, Nylander re-examines the traditional assumptions about early New England. Focusing on the changes in domestic spaces and practices which occurred in response to diverse factors, Nylander looks beyond the thump of the churn and the whir of the spinning wheel to show readers the complex reality that was everyday life in old New England. 162 illustrations.",415
Caught Dead,"Stressed out from her two previous cases, Caley is ordered by her boss to get a little R&R. But Caley can't sit back and watch when a waitress at a local diner is accused of murdering her sister, the universally despised wife of a politician. Caley's investigation uncovers a number of intriguing suspects.",306
Mi Resiliencia,"Siegfried was a seven year old German boy living in Frankfurt with his parents when the Nazis marked him with the Jewish star. His nightmare started in the Auschwitz extermination camp in 1943 and then to Mauthausen in 1945, where he remained for two months, until his liberation. He met his savior 'father': Saturnino Navazo ex-soccer player and camp prisoner.",361
Diamond's Lucky Penny,"For ages 3-9... Have you ever found a lucky penny and thought your day would be fortunate? In this short story, when Diamond wakes up and gets ready to go to school, he discovers a golden penny on his bedroom floor. Series of accidental events happens in this story when Diamond realizes this was actually a lucky penny. More books by Saragine Francois can be found at www.saragine.com.",386
Strandline /C (Strandline Book 2),"""Emotion will get you killed."" Too bad one of Seren Ymor's closest friends is about to be abducted. To get him back, she'll have to confront her deepest fears. But when a certain person reappears in Learmouth, secrets about the Irving family will begin to swim to the surface and everyone's lives will begin to unravel. No-one will be safe, hardly anyone can be trusted completely and nothing can be taken for granted.",418
"Miss Seeton Paints the Town (Miss Seeton, #10)","Miss Seeton's rather unusual drawings for the Best Kept Village Competition may hold vital clues to a recent series of fires. At least, that's what Scotland Yard believes. And when two corpses turn up-and someone sets Miss Seeton's cottage ablaze-the whole town is burning with curiosity. Will Miss Seeton clear the air of smoke-filled suspicion?",346
I Am Third,"I Am Third is - in his own words - the moving account of Gale Sayers's struggle to football greatness. It is the story of his family, of the crippling knee injury that almost destroyed his career, but most of all, I Am Third, is the story of Gale's short but unforgettable friendship with Brian Piccolo.",303
"Green Lantern: New Guardians, Vol. 1: The Ring Bearer","Green Lantern Kyle Rayner finds himself at odds with the Guardians of the Universe when rings from all the separate Lantern Corps come to claim him. But the other Corps aren't too keen on the Green Lanterns ""stealing"" their rings! Writer Tony Bedard (GREEN LANTERN CORPS) pens a new chapter in the Green Lantern mythos with a team of renegade Lanterns consisting of members from each corps!",390
"Spider-Woman: Shifting Gears, Volume 2: Civil War II","Even though, she's a mom now, Jessica Drew is still kicking ass and taking names as Spider-Woman! This time, she's tangling with the baddest fish in the sea: Tiger Shark! Fun Tiger Shark Fact: Did you know Tiger Shark has the DNA of both Namor, the Submariner and a tiger shark? Think about that for a second.
Collecting: Spider-Woman8-12",338
Evolutionary Biology: The Darwinian Revolutions Part 1,"With Evolutionary Psychology I and II, Allen D. MacNeill of Cornell University led a thought-provoking series of lectures on why people do the things they do. In Evolutionary Biology I, MacNeill addresses a different side of the coin by examining the biological component, from Charles Darwin's and Gregor Mendel's ""dangerous ideas"" to contemporary thought leaders and the forming of the modern synthesis of this vital field of study.",434
"Islands, the Universe, Home","From the author of the highly acclaimed The Solace of Open Spaces, a new book of essays about a remote and beautiful part of America. Ranging from a physical and cultural history of the Channel Islands to a meditation on shelter, this collection demonstrates the author's passion for wildness and silence.",305
Sunglasses At Night,"North Shore Sheriff's department has failed again but this time they've come under fire for the recent tragedy. A Senator's daughter is dead after all.
Logan is trying his best to keep the secret and deal with the loss but his new dream girl is not one to leave things alone. As he'll soon find out, she's not exactly who she pretends to be either.
Everyone has secrets but who is willing to expose them?",404
An Unlikely Marriage (Montana Sky: Entertainers of the West #2),"Helping injured cowboy Torin Quaid drive mustangs north provides a way for vaudevillian Nola York to earn a train ticket east--and get one step closer to her goal of auditioning for Buffalo Bill's Wild West stage production. The temporary marriage is solely for propriety's sake. Until disaster strikes, and the two must rely on each other--emotionally and physically--to safely reach Torin's ranch. Will a marriage of convenience turn into more on a trail drive through Montana Territory?",489
Time of the Wild,"Praised by the Boston Globe as practically a hymn to wildness. Spectacular illustrations, lyrical text, oversized book. There are lessons we can learn from the wilderness for there is wisdom in the wildness of things, a strength in flying upon one's own wings, a harmony in wearing one's own colors. The creatures of the wild have long been trying to tell us some immense secret that we have not quite heard. But we will hear it if we slow down a little, if we listen, watch and wait.",484
"The Wretched Tales 2.1 (Wretched Tales, #2.1)","** After The Party **
Meet Nicolai Zander, lead singer for the heavy metal band, The Wretched. He isn't the man you want your daughter or son to bring home and he doesn't take no for an answer. The object of Corey's wayward affection has a lot to say and he doesn't care if you like it or not.
And in this installment, he gets Corey and his girl Renee right where he wants them. Just what DOES occur after Wayne's Party.",420
"Disassemble (Divided Worlds, #2)","Zachary is a scavenger, and he'll do anything to survive. With Rosa by his side, nothing will break him.
After the Galilei Research Base is plunged into darkness, an unexpected threat emerges. Where Zachary was the hero before, he will become the enemy.
It's not just about surviving anymore. It's about saving everyone before they destroy one another, especially Rosa.",369
Horsemanship Through Life,"A fall during a clinic on horsemanship forces the author to rekindle his passion for working with horses and their owners. By studying the Japanese martial art, aikido, Mark renews his commitment to compassionate communication with horses, using honor, integrity and dignity. This book is a must read for anyone seeking to truly connect to his or her horse.",357
Engella,"ENGELLA is on a fantastic adventure through TIME and SPACE!
After months on the run - chased by the scary HUNTERS - she has finally found somewhere safe to call home. The problem is - it's not long before her past catches up with her. Will she get away this time?
From the streets of New Shanghai in 2074 to Scotland in 1998, Engella is a sci-fi short story you DO NOT want to miss!",382
The Early Arrival of Dreams: A Year in China,"One year before the protests in Tiananmen Square, Rosemary Mahoney participated in a teaching exchange between Harvard and Hangzhou University. At Hangzhou she was able to overcome her students' usual rigidity and achieve a rare and intimate glimpse of their culture and their attitudes. This remarkable memoir captures both the dreams and the grim realities her Chinese students faced within the confines of an oppressive political regime.",440
"Zoo of the gods: animals in myth, legend, & fable","Combining the descriptions from Anthony Mercatante's colorful and timeless text with an updated design and all-new illustrations, this ultra-modern version gives new life to a classic work. More than 100 animal denizens of every culture, time, and place populate this fabulous bestiary. Underlying the stories are the sometimes surprising relationships, which the author draws out in charming detail, between animals and humans.",428
"Testament (Harmony of Worlds, #1)","They are a world of genengineered humans--gifted with the ability to remember events that happened to their ancestors as if it had happened to them. But Gray Bridger's memory is only ""human"", and thus, he is an outcast. Still, the Bridger matriachy has plans to make him the most important man on the planet--or crush him in the attempt.",337
Cut the Shapes,"This book contains 240 dissection puzzles to solve. There are 3 different shapes of puzzles to choose from, and each shape has 80 puzzles to solve. For each shape, you must cut the shape into 2 congruent parts. You are timed for the length of time it takes you to solve each puzzle and are rated by stars if you solved it.",322
Edmonds Cookery Book,"The essential cook book for every kitchen, the Edmonds Cookery Book enables the user to cook with confidence and pride. In this revised edition, recipes have been updated and the book compiled to make recipes easier to find.
With over 3 million copies sold to date the Edmonds Cookery Book is the biggest selling cook book in New Zealand's history.",348
Into the Shadows (Shadowrun #7),"This bestselling series has achieved an average sales pace of 5,000 copies per month. In the world of the future, where magic and technology coexist, the super-corporations' wars wage out of control--and shadowrunners survive by their wits and by their skill at riding the computer Matrix. Cross-marketed with the Shadowrun role-playing game.",342
Escape To Mars,"Billy Chen and Amber Harris are two 10-year olds who, along with their parents, steal a ride on the space shuttle to avoid the impending destruction of Earth. Billy's father, a particle physicist, believes he has accidentally created a black hole. To save humanity, a team of six adults and two children are rushed off to Mars to start a new colony. This story is exciting and fun -- and entirely safe for kids!",411
Identify Yourself: The 50 Most Common Birding Identification Challenges,"Written by the experts at Bird Watcher's Digest, Identify Yourself gives beginning and intermediate bird watchers a helping hand with some of the most confounding identification challenges -- birds that are commonly encountered but difficult to tell apart. Combining clear, easy-to-understand text with beautiful illustrations that show key field marks, Identify Yourself is the solution to identifying many of North America's hard-to-distinguish birds..",454
Garden of Sand,"Destitution, hunger, cruelty, rootlessness -- all the odds stand against Jacky, the young boy at the center of this powerful, popular American classic, yet still he prevails. Resourcefully, doggedly, Jacky nurtures his spirit of independence, his capacity to love, and his faith in a nation's dream in a journey that takes him from Wichita to Corpus Christi and from poverty to possibility.",390
The Night Journey,"Thirteen-year-old Rachel imagines that her daily visits with her great-grandmother, Nana Sashie, will be just another boring duty - till Sashie starts to tell the story of her life in old Russia. Soon Rachel finds herself caught up in Sashie's tale of a distant country and time, a time when Jews were forced to serve in the Czar's armies or were brutally murdered in pogroms, a time when nine-year-old Sashie devised a wonderful plan for her family's escape...",461
My Dad's Boss,"Victoria's dad loves his midday drink but doesn't have a head for hard liquor. Now he's in trouble with his boss and needs her to convince the man to let him keep his job. When she was younger, a sweet smile and a little pleading had done the trick. Now she's eighteen, it will require a lot more than smiles and begging to accomplish her mission; she'll be lucky if she doesn't have to resort to using her tight little pussy to get what she wants.
WORD COUNT: 5,200",466
"Bartered Pain (The Billionaire's Wife, #7)","Anton's penchant for public sex lands him and Felicia on the front page of the tabloids, but coming to the attention of the media brings something far more devastating to the surface--a secret Anton has been keeping from Felicia.
This 9,200 word short story is the seventh installment of The Billionaire's Wife series.",318
Managing Preexisting Diabetes and Pregnancy: Technical Reviews and Consensus Recommendations for Care,"Offers a single resource for American Diabetes Association standards of care for pregnant women with preexisting diabetes - type 1 (DM1) or type 2 (DM2). It providers up-to-date recommendations and treatment protocols for the management of diabetes and pregnancy to researchers, academic physicians, and clinicians who deal with the broad spectrum of problems.",360
Faintheart: An Englishman Ventures North of the Border,"Stomping the quintessential Highlands from Inverness to Skye and risking frozen extremities to reach breathtaking Hebridean islands, Charles Jennings discovers a land of awe-inspiring beauty. Contemplating whether his great grandfather's legacy qualifies him to shed a tear at the sound of bagpipes, Jennings compares the elegance of Edinbugh with the industrial action of Aberdeen, risks a pint in Kelvinside, and sinks into the peaty bogs of Mull.",449
The New Dinosaurs,"Features dinosaurs that are swift, stunning, scary and stupendous. This title makes use of paleontological research to present a scientifically accurate look at the way dinosaurs lived: how they moved, ate, duelled, drank and mated. It includes stories that range from ten-ton brontosaurus to thirty-foot hadrosaurus.",317
The Cats of Thistle Hill: A Mostly Peaceable Kingdom,"The author of A Cat Is Watching and A Celebration of Cats shares warm, witty tales of the ten-plus cats who live with him and his family on their Thistle Hill Farm in Maryland. In rich, humorous detail, Roger A. Caras tells one whimsical anecdote after another as he follows the cats from adventure to adventure. Photographs.",325
Let the Great World Spin (Platinum Readers Circle,"In the dawning light of a late-summer morning, the people of lower Manhattan stand hushed, staring up in disbelief at the Twin Towers. It is August 1974, and a mysterious tightrope walker is running, dancing, leaping between the towers, suspended a quarter mile above the ground. In the streets below, a slew of ordinary lives become extraordinary in bestselling novelist Colum McCann's stunningly intricate portrait of a city and its people.",442
History of an Apple Pie,"This clever and simple ABC book follows the story of one pie and all the people involved with it, from ""A Apple Pie"" and ""B Baked It"" to ""Z cried 'Zounds! Let's eat it up.'"" Illustrated with eight two-color drawings of the comical characters who depict each letter and activity, The History of An Apple Pie was originally published circa 1867 by McLoughlin Brothers of New York and electrotyped by Vincent Dill.",411
Ghostbusters 101 #3,"This is it! The Original Ghostbusters finally come face to face with those who Answer The Call! Inter-dimensional travel is no new thing to the original boys in grey and their colleagues, but this is the first time that dimensions have ever overlapped and threatened to merge--which could be a worse fate than total protonic reversal!",334
Ares: Bringer of War,"The myth continues in the tenth year of the fabled Trojan War where two infamous gods of war go to battle. The spotlight is thrown on Ares, god of war, and primarily focuses on his battle with the clever and powerful Athena. As the battle culminates and the gods try to one-up each other to win, the human death toll mounts. Who will win this epic clash of power? And how many will have to die first?
This title has Common Core connections.",440
Deathstroke (2014-) #11,"It's the Suicide Squad vs. Deathstroke! He's battled gods, slain his enemies, and even sacrificed parts of himself he never thought he could live without! But Deathstroke's biggest challenge still lays ahead, and if he wants to succeed he'll need to defeat the assembled might of the Suicide Squad! Will this be his chance to get back at Harley Quinn after their previous battle?",379
"44: Book Two (44, #2)","When she was 17, Abby Craig died. But after falling through the ice on a frozen mountain lake and having no vital signs for 44 minutes, she somehow came back to life.
It's taken two years to recover from her accident. And while most of what she lost at the bottom of that dark lake has returned, some things haven't. Although she is no longer haunted by visions of a serial killer, Abby still sees what others can't. But she is blind to the darkness closing in all around her...",478
Desert Mage,"He was a tall man, with hands strong enough to straighten a horseshoe. His staff was ancient willow wood, the weapon of a man who could cast a spell with blinding speed. Now Doge Compher will need every deadly bit of his magic. The vampyren are sacrificing hostages in a monstrous spell, hostages he promised to protect. To reach them, he must travel a desert filled with nasty surprises. Worse, his allies have betrayal on their minds.",436
Apocalypse: On the Psychology of Fundamentalism in America,"In this incisive account of how America's fundamentalists view the impending destruction of the world, historian/psychoanalyst Strozier offers unusual insights into the psychology of Christian fundamentalist thinking on topics such as nuclear weapons, the environment, and the timing of the end of human history.",312
Charlie All Night,"Dumped and fired, radio producer Allie McGuffey has nowhere to go but up--and she's taking temporary DJ Charlie Tenniel, her new ""project,"" with her! Despite his objections and the fact that he's totally wrong for her, Charlie and Allie find themselves falling into success--and into bed. Crusie has ""a gift for concocting nutty scenarios and witty one-liners,"" says ""People Magazine.",384
Little Nothings 3: Uneasy Happiness,"Trondheim's comics blog's next collection of his popular musings on the every day ironies of life, his little anxieties, funny observations while on travel, his way of finding some cloud over the brightest sunshine, his obsessive hypochondria and other oh-so-easy-to-relate-to nerdy preoccupations. As he says himself, it's whole lotta not much. And people are lovin' it.",371
Journey Around Boston from A to Z,"This vivid, enchanting alphabet book for all ages is packed with fascinating information about historic sites in Boston, Cambridge, and environs. Colorful, detailed watercolor paintings from author and illustrator Martha Day Zschock enliven the pages, which include: Brahmins on Beacon Hill, Fans at Fenway, and Tea Taxes! Says the Fitchburg Sentinel, ""Her art and poetic, easy-to-follow text will warmly draw readers of all ages into the arms of the City Upon the Hill.""",471
"The Diamond Brothers in...Two of Diamonds (The Diamond Brothers, #5-6)","Tim Diamond is the world's worst detective - and these two mysteries will test his nerves to the limit. What does strawberry yoghurt possibly have to do with Paris? Why on earth are Tim and his kid brother Nick invited to a remote Scottish island? The answer ... murder! And if the Diamond Brothers don't play their cards right, they could be next.
This volume includes; .",373
"Stitched Sewing Organizers: Pretty Cases, Boxes, Pouches, Pincushions & More","""This book features 15 projects for a wide variety of sewing organizers. The patterns are designed to work together, so small projects fit into larger ones. Make for yourself or as gifts. Detailed concepts will include information on installing zippers, alternative fastenings, sewing with vinyl, making three-dimensional shapes, and the different types of interfacings that can be used and how these can transform your projects.""--",432
The Berenstain Bears and the Bermuda Triangle (Big Chapter Books),"Shy guy Brother has a crush on older, good-looking Bermuda--but what's up with the odd way she's coming after him--sort of like a shark attacking its prey? This latest chapter book, a surefire combination of romantic intrigue and cyber-thiller, will have readers flipping pages to reach the very last fast-paced chapter.",320
The Misshapen,"At the beginning of the end of time, she was there...
One of acclaimed author Nicholas Ponticello's earliest works, The Misshapen originally appeared online in 2006, one of two short stories describing the dark relationship between humans and the world they've created. Nearly a decade later--and for the first time in e-book format--this revised edition offers readers a rare glimpse into Ponticello's psyche in the years preceding the publication of his recent hit novel: Do Not Resuscitate.",493
"Time Without End (Cora's Bond, #2)","Bound to the VampireCora Shaw was bonded twice to the billionaire vampire Dorian Thorne, once though blood and again through her promise to marry him. She knew that her life with him could never be easy. But the dangers that lurk in their bond--the incredible power it gives him over her and the recklessness that it stirs in her--are only a start of the peril that they face.
With their enemies drawing ever closer, will Cora ever be safe again?",446
Inferno 4D,"Inferno is the first part of the long journey which continues through redemption to revelation-through Purgatory and Paradise-and, in this translation prepared especially for audiobook, his images are as vivid as when the poem was first written in the early years of the 14th cnetury. With music of the period. Unabridged in a new translation by Benedict Flynn.",361
The Ultimate Guide to G.I. Joe 1982-1994: Identification & Price Guide,"This guide to the guts-and-glory of G.I. Joe identifies every figure with all its weapons and gear, every vehicle with all the easy-to-lose pieces and every accessory related to Hasbros stellar team of soldiers. Use ""The Ultimate Guide to G.I. Joe"" to expand your knowledge about Joe and the team, or Cobra and his cronies, and to identify and assess the value of any of the series 350 action figures and 240 vehicles and accessories.",434
The House That Witchy Built,"Told through repetition and rhythm, this Halloween tale invites children to participate in the fun. Cats meow, skeletons rattle, bats flap, and a mom fusses at a picky little boy-all in Witchy's creaky old house. Throughout the story, other spooky creatures come out to play Finely detailed cut-paper and collage illustrations complete this frightful fable.",357
Antonides' Forbidden Wife,"HE WANTS HIS WIFE BACK --- IN HIS BED!
Ally is back in the life of PJ Antonides for one thing only -- his signature on their divorce papers.
But arrogant Greek businessman PJ refuses to sign anything. He won't accept that Ally's no longer his wife. So when the smoldering attraction between them moves negotiations from his boardroom to his bedroom, PJ knows his forbidden bride is once again his, and ready for the taking ...",426
Dog and Bear: Two's Company,"WHAT'S BETTER THAN ONE DOG AND BEAR BOOK? TWO!
In three new stories, the two dearest of friends celebrate Bear's birthday, have their first falling out, and take care of each other when Dog is under the weather.
Dog and Bear: Two's Companyis a 2009 Bank Street - Best Children's Book of the Year. This title has Common Core connections.",336
The Tower Formerly Known as Sears and Two Other Tales of Urban Horror,"Horror in Pinstripes:
A recruiting event at an amusement park turns deadly when the attractions develop minds -- and purposes -- of their own. Dinner with a client becomes a battle against monsters set on devouring the restaurant's patrons. And a new chairman must not only prove himself to the disgruntled attorneys he manages but face a skyscraper bent on his destruction.
Always free for Kindle Unlimited Members.",416
Dare To Trust,"She'd expected a little temptation
Anna had realized when she left her fiance in California for a temporary job in Wisconsin that she'd meet other men. And she hadn't worried about it, believing she knew the strength of her commitment to Rich.
Her unexpected encounter with fiery archaeologist Colin Davies changed her mind.
Not only did he force her to reassess her feelings for Rich, but he needed her desperately. It was a matter of life or death....",453
"The Orphan Army (The Nightsiders, #1)","David Gale at Simon & Schuster has acquired the first two books in a debut middle-grade series by Rot & Ruin author Jonathan Maberry. In the series, called The Nightsiders, human and monster teens work together to defend the earth from alien invaders. Book #1 pubs in summer 2015; Sara Crowe at Harvey Klinger brokered the deal for world rights.",345
Iced Beer and Other Tantalising Tips for Life,"Lee Lin Chin - fashionista, newsreader, Gold Logie loser, social media superstar and Prime Chinister of Australia - has finally deigned to write an advice book. Here she shares her views on all the important topics, from acceptable careers (bartender; brewer) to her favourite cocktail recipe (beer, preferably obscure Japanese, served on ice). Written with Lee Lin's inimitable flair and contempt for all beneath her, this book will give you the Chinspiration you need to live a transcendent life.",498
"A Grateful Path: Inspirational Thoughts on Unconditional Love, Acceptance, and Positive Living","Invites readers to look within to discover their own unique talents and see the endless possibilities that lofe holds. This exceptional book encourages being true to oneself, keeping sight always of what is truly important in life, focusing on the positive, and living each day with a deep sense of gratitude.",309
The Woman of Mystery,"Maurice LeBlanc became famous for the creation of Ars?ne Lupin, a gentleman thief and master of disguise. LeBlanc was born to a wealthy family, studied law, worked as a police reporter for a time, then found his career as a fiction writer. His first Lupin novel, was hugely popular and set the pattern for his career. While LeBlanc wrote much other fiction, it was the Lupin series which made him internationally famous, the French equivalent of Arthur Conan Doyle.",465
Harvest the Fire,"Harvest the Fireis a story of politics and poetry: of a poet, Jesse Nichol, who aspires to great work in an era when human literary greatness is in the apparently all in the past, who travels to the Moon and falls in love with a beautiful revolutionary, Falaire--a woman determined to escape from the care of machines. For the machines are now the masters of humanity, and the great work of Falaire is freedom, which must be stolen from the machines.",450
Alice's Bloody Adventures in Wonderland,A new demented modern interpretation of Alice's Adventures in Wonderland. With illustrations by Los Angeles based street artist Tweedle Guns. The White Rabbit has killed Alice's Sister and cat. Sending her on a revenge quest down the rabbit hole. Alice finds herself a pawn in a deadly battle for supremacy of Wonderland.,321
Forest Whispers,"In pursuit of a serial killer, Confederation Ranger Lana Eloy is forced to land on the barbaric, male dominated world, of Ata Prime and endure the escort of Captain of the royal guard, Corin Thantos.
Lana tries hard to ignore the fact that what started out as a casual sexual encounter around the campfire had turned into something far more powerful. But with the killer still on the loose, would Corin prove to be a distraction that cost her her life?",452
Thank You Day,"Celebrate Neighborhood Thank You Day with Daniel Tiger and his friends in the Neighborhood of Make-Believe in this Pre-level 1 Ready-to-Read story.
It is Neighborhood Thank You Day in the Neighborhood of Make-Believe! Join Daniel Tiger and his friends as they put special notes on the Thank You Tree. Who will Daniel decide to thank with his note? This sweet story includes an important message about manners that's just right for preschoolers.
(c) 2014 The Fred Rogers Company.",478
A Friend or Two,"Elizabeth Wainwright, an East Coast heiress in disguise, takes a job waitressing at a Fisherman's Wharf cafe, eager to live a simpler life. One day Andrew Breed--handsome, mysterious and charismatic--walks in. He says he's a longshoreman, but his words and actions don't quite add up. Is Elizabeth falling in love with someone who's pretending to be something other than he claims? Is Andrew?",392
"Burning Fate (Moonburner, #0.5)","Alternate cover for this ISBN can be found 
Azura, heir to the throne of Miina, is resigned to her fate. She must marry her mortal enemy in the hopes of ending a centuries long war. But when a handsome and enticing stranger appears on the horizon, she is swept up in an illicit but undeniable romance.
When a false accusation puts her new love's head on the chopping block, Azura must give up all she knows in a daring and desperate plot to save him.",451
Australian Boss: Diamond Ring,"Ever since Fiona Donner breezed into Brent MacKay's office with her sunny smile, bouncy enthusiasm and infectious laughter she's turned his ordered world topsy-turvy.The attraction zings between them, and Brent believes that Fiona may be the woman to finally release his fears--and the secret he's lived with his whole life.
""Only then can he put a sparkly ring on her finger...""",379
The Dreaded Synopsis,"Submission guidelines for virtually every agent or publisher seeking novels include a request for a synopsis. Ergo, every novelist or aspiring novelist needs to know what a synopsis is ... and how to write one that will catch an editor's fancy. This book by acclaimed romance writerr Elizabeth Sinclair gives all the details -- what to do and what not to do -- to make your synopsis the effective selling tool you need.",419
"Playtime, Maisy! (Maisy's Cloth Books)","Bright, well-padded pages show the things from Maisy's world that babies
love!
More wordless, cuddly, soft cloth books--perfect very-first Maisy books for baby. Familiar images from Maisy's world--playing with toys, enjoying snacks, and much more--are wonderfully appealing to the youngest child when they're shared with everyone's favorite mouse.",347
X-Men: Prelude To Schism,The prelude to the X-Men event of 2011! What does it mean to be a leader? What does it do to a person? What do the choices you make mean about the person you are? This is a story that delves into these issues and will give an X-Men reader what they need to know about their favorite mutants - before everything changes! COLLECTING:X-Men: Prelude to Schism 1-4; X-Men FIrst Class SpotlIght (JenkIns Interview),408
The Spooky Wheels on the Bus,"A haunted Halloween bus ride that will have children singing with excitement.
THE SPOOKY WHEELS ON THE BUS is a humorous Halloween-themed version of the classic song THE WHEELS ON THE BUS...with a few ghoulish tricks and treats up its sleeves!
Count from One Spooky Bus up to Ten Goofy Ghosts as this Halloween ride races through town picking up a few unsuspecting passengers along the way.",390
Steed & Mrs. Peel Vol. 3: The Return of the Monster,"The Original Avengers, based on the cult 1960s British television series, are back for more adventures!
THE RETURN OF THE MONSTER! Writer Caleb Monroe (BATMAN) and artist Yasmin Liang (SAINT'S WAY) continue the adventures of the classic espionage icons. John Steed and Emma Peel's greatest foes, the Hellfire Club, have returned with an even deadlier plan to finish off England's top super spies once and for all, with the help of the robotic Cybernauts.",454
Human Target: Strike Zones,"A new Softcover collecting the first five issues of the acclaimed series. Christopher Chance has left L.A. for New York City, but his strange career as a professional assassin decoy continues to blur the boundaries between illusion and reality, leaving him ever more uncertain about who he really is -- and how much that really matters.",336
Survivor Tree,"Join Sam and his Mother on their emotional trip to the 9/11 Memorial. Their visit enables Sam's Mother to share her personal connections with 9/11, as well as facts and stories from an important piece of our country's history. Through the pages of this story Sam and the reader are given the opportunity to honor, heal, and forge ahead. The photo illustrations enable the reader to experience the many sights of the memorial.",425
A Wedding Blunder in the Black Hills,"David and Millie both have big problems. A widowed dentist with an almost-teen son, he's being stalked by an amorous patient. Millie's mom keeps sending her on blind dates, even though the cafe owner has trust issues. So when a lost filling lands Millie in David's office, the two of them find a solution--a faux relationship. No one gets hurt and no one gets nagged. It's a great plan--until they really start to care. Now what will they do?",442
On Academic Scepticism,"Charles Brittain's elegant new translation of Cicero's Academica makes available for the first time a readable and accurate translation into modern English of this complex yet crucial source of our knowledge of the epistemological debates between the sceptical Academics and the Stoics.
Brittain's masterly Introduction, generous notes, English-Latin-Greek Glossary, and Index further commend this edition to the attention of students of Hellenistic philosophy at all levels.",475
The Hog's Back Mystery,"The Hog's Back is a ridge in Surrey and the setting for the disappearance of several locals. A doctor vanishes, followed by a nurse with whom he was acquainted, then a third person. Inspector French deduces murder, but there are no bodies. Eventually he is able to prove his theory and show that a fourth murder has been committed.
The American title is 'The Strange Case of Dr Earle'.",385
The Truth About Humans: as told by an alien,"Tezzix Faresh lives on a doomed planet. She's been groomed to be a leader, and has spent her whole life preparing. Now, she has a chance to visit the exciting, floating city of Nirvana on Earth. Among humans she'll experience her first taste of freedom, her first meaningful friendship, and the thrill of love. When the time comes, how will she choose between duty and what she truly desires?",392
"""Gorgias"" and ""Phaedrus"": Rhetoric, Philosophy, and Politics",This volume provides translations of two of Plato's classic dialogues on rhetoric. The Gorgias presents an intransigent argument that justice is superior to injustice - to the extent that suffering an injustice is preferable to committing an unjust act. The dialogue contains some of Plato's most significant and famous discussions of major political themes and focuses on Socrates as a political thinker and actor.,415
Venison Cookbook,"Presents 150 ways to prepare this versatile, low-fat food Learn techniques to cook various cuts for savory stews, soups, chili, pies, sausage For the novice or experienced cook Recipes for both traditional American fare and interesting international dishes Venison Stroganoff Blackened Venison Montana Venison Loaf Easy All-American Chili Baked Rib Barbecue Venison Cabbage Rolls Hawaiian Venison Kabobs Venison Tamale Pie Easy Venison Quiche Sauerbraten Old-Time Smoked Sausage Easy Venison Gumbo",497
"Murder Most Posh (Mrs. Xavier Stayton, #2)","First-class travel has never been so treacherous!
A Transatlantic voyage proves deadly when Mrs. Xavier Stayton and her loyal friend, Lucy, journey aboard the famed RMS Olivia.
Jewel thieves, stowaways and fierce storms are the least of Mrs. X's concerns when another passenger is killed in the neighboring cabin.
One clue leads to another, until Mrs. X is convinced that she's solved the dastardly crime.
As a mighty storm assaults the luxury liner, will our heroine's theory sink or swim?",490
Come Back to the Sea,"""Come Back to the Sea"" is the story of Yukio, who hears the sea singing and sees disturbing visions of the water swallowing everything she knows. Is it all in her head? Or is the sea really coming for her?
At the publisher's request, this title is being sold without Digital Rights Management software (DRM) applied.",316
Yves Saint Laurent,"One of the most distinctive and influential designers of the second half of the twentieth century, Yves Saint Laurent takes his place in the pantheon of French couturiers, alongside Coco Chanel, Christian Dior, and Jeanne Lanvin. Yves Saint Laurent, the first comprehensive retrospective of his lifes continuous innovation, drawing upon painting, sculpture, theater, opera, literature, and cinema.",397
"Adventures of a Graveyard Girl (Funeral Crashing, #2)","Kait Lenox is back! It's Homecoming Dance time and Kait is excited. It's her first dance with a date and that date is none other than one of the hottest, most popular guys in her school, Ethan Ripley! For once Kait doesn't feel like a funeral crashing weird girl and it's the most perfect romantic evening ever...at least until a girl gets murdered in the high school bathroom. Rumors fly, panic ensues, and Kait can't help herself, she assigns herself to the case!",465
"Love in Danger: Trauma, Therapy and Conflict Explored Through the Life and Work of Adam Curle","Bringing together the themes of the work of Adam Curle and the experiences of post-war suffering and the process of recovery, this tribute focuses on the relationship between trauma, therapy, and conflict and the importance and relevance of clinical assessments and therapy for peacemakers providing humanitarian aid. This book tracks Curle's commitment to peace, including the undertaking of community work at the grassroots level in Croatia.",443
Things in the Mirror,"From the time she was little, Rissa knew that mirrors were dangerous. It wasn't until she was much older that she understood just how dangerous.
After she gets married, she thinks that she might finally be able to share the burden of this knowledge. But her husband just laughs it off and calls her childish. Tired of being teased about her fears, she decides to confront them head on and discovers that she doesn't know as much as she thought she did.",452
Flax the Feral Fairy,"Flax Lilykicker is a young bad fairy who has somehow ended up in Miss Kisses' Academy of Sweetness for Little Fairies--and Miss Kisses is determined to give her a pink makeover. What's a bad fairy to do? Her plan is to earn a Badge of Badness, and get into a school for bad fairies. Together with her new friend the dog-face, Flax hatches a plan that's badder than bad. But will it all work out bad in the end?",410
Traitor's Hope (Chronicles of Gensokai #2),"Traitors lurk around every bend. Mishi's mind is betraying her, and she fears her kiso and katana will betray her next. Taka's heart abandons her for a person she cannot possibly trust. Now that the two friends are obliged to help re-establish peace in the land of Gensokai, the only question is where the next betrayal will come from and if Mishi and Taka will have the strength to survive it.",394
The Hunt of the Cold Moon,"Home for winter break, Terry is reluctantly caught up in an old tradition, a hunt for a forest spirit that he has never understood. When he unexpectedly wins the hunt and finds himself bound to the spirit, he has no idea what to do with it. The advice he is given, however, is dubious at best and if he does not act soon his father will take matters into his own hands ...",372
Waiting for the Nightingale,"Miles Burrows is a man always in love, and confused as lovers have to be by the inconstant nature of 'the other'. With Waiting for the Nightingale, he expresses social class anxiety, nostalgia and the competing glamour of women and metaphysics. Burrows is also aware of mortality, Eros and Thanatos tap constantly at his funny bone. Does God exist? Will the nightingale sing?",375
Stars! Stars! Stars!,"In this lively book, award-winning author-artist Bob Barner takes readers on a ride through outer space to visit distant planets and dazzling stars. The simple rhyming text and colorful torn-paper collage illustrations make this book perfect for the very youngest readers, and the Meet the Planets and Meet the Galaxy sections, both bursting with facts, will engage older readers as well. Stars! Stars! Stars! will rocket aspiring stargazers right out of this world!",466
Imperfect Contract (Sophia Burgess and Ray Stone #1),"Driven from police work by the cold realities of the job -- getting shot can do that -- Sophia Burgess finds her place in nursing. She brought with her the qualities that made her a good cop--fierce independence, inquiring mind, and edgy personality.
Then the victim comes to her.
Sophia's patient dies, but not from natural causes. She uses her clinical acumen as a nurse, her deductive skills as a former cop, and her police detective ex-fiancee to find the killer.",467
Solar Energy Projects,"Learn how energy from sunlight can be captured and used in many different ways. With this book, students learn the art of innovation through detailed explanations and hands-on activities built to foster creativity and problem solving. Fun, engaging text introduces readers to new ideas and builds on maker-related concepts they may already know. Additional tools, including a glossary and an index, help students learn new vocabulary and locate information.",457
True Crimes And How They Were Solved,"Amazing, true crime cases solved by science. Learn how the identity of a woman whose body is uncovered by demolition workers was discovered and her killer brought to justice; find out how forensic scientists use clues from the activity of bugs to determine whether murder has been committed; and more.",301
The Ghost Private Eye: The Gemini Detectives Trilogy,"Detectives Alexandra Winter and Jack Daniels have been close friends and partners ever since they started working at the San Diego Police Department. In fact, on their latest case there's only one thing separating them: the fact that Alexandra's been murdered by their main suspect. But that doesn't mean either of them have stopped in their hunt for the killer...",364
Kooky Cookery,"Available at http://www.kookycookery.comWhat do bricks of tomato gelatin, pizzas made with baked beans, and hors-d'oeuvre impaled Santas have in common? They're all part of American's rich and fragrant history of bizarre food concoctions. Kooky Cookery is a campy cookbook parody and humorous archive of the nation's Golden Age of peculiar creations.",350
Emma (The Harry Neal and Cat series),"Emma introduces Harry Neal, 63, an existential dropout cursed with a trouble inducing curiosity.
Harry's lazy day is interrupted when a friend hauls him to a shallow grave in the woods and shows him a skeleton with a bullet hole in its skull. Aided by persistence and the occasional dollop of cheap wine, he follows a vague trail of hints back twenty years. Along the way he questions an eclectic group of characters, is witness to human ruin, and pays $170,000 for a cat.",472
"The Dark Reign of Gothic Rock: In The Reptile House with The Sisters of Mercy, Bauhaus and The Cure","From Joy Division to Nine Inch Nails and from Siouxsie and the Banshees to Marilyn Manson, gothic rock has endured as the cult of choice for the disaffected and the alienated. The author traces the rise of '80s and '90s goth from influences such as Hammer House of Horror movies and schlock novels, through its post-punk origins into the full-blown drama of Bauhaus, The Cure and the hugely popular Sisters of Mercy axis of bands.",430
White Lilacs,"Young Rose Lee Jefferson is shocked to learn that the white residents of Dillon, Texas, want to raze the city's black enclave, Freedomtown, and build a park in its place. Rose Lee and the other residents of Freedomtown cannot bear the thought of losing their homes. But fighting the city's plans could be costly--or even life threatening. Will the families of Freedomtown be able to save their thriving community? Includes a reader's guide.",440
The Black Panthers Speak,"For over three decades, The Black Panthers Speak has represented the most important single source of original material on the Black Panther Party. With cartoons, flyers, and articles by Huey P. Newton, Bobby Seale, and Eldridge Cleaver, this collection endures as an essential part of civil-rights history.",306
Ergo,"The consuming passion of Wacholder, the star of Lind's most playful work, is his only true friend and nemesis, Wurz, who hasn't left his house in 17 years. When Wacholder's 74th letter seemingly has no effect, he turns to other increasingly outlandish schemes to defeat his rival, even staging a rally to declare Wurz's non-existence. A feverishly comic novel.",360
"The Castle Tower Lighthouse (Edgar Font's Hunt for a House to Haunt, #1)","On the day eccentric ex-adventurer, Edgar Font dies he wants to haunt a house as extraordinarily unique as he is. The hunt begins when his grandchildren, Audrey and Garrett visit over summer break. They explore an abandoned lighthouse only to find it full of puzzles, ghosts and mystery. To make it out unharmed they?ll have to free the spirit of a young girl using everything they know and the lessons they learn along the way.",428
Wolverine: Get Mystique,"Writer Jason Aaron (Scalped) and artist Ron Garney (Amazing Spider-Man) bring you a searing epilogue to the biggest X-Men event in a decade. In the aftermath of Messiah CompleX, Wolverine has just one thing on his mind: revenge. But who is the focus of his rage, and what dark secret does he share with them? And how far over the edge is Wolverine willing to go to get what he wants?
Collecting: Wolverine62-65",410
Bink's Badass Bikers - Adult Coloring Book,1 of these 29 Uniquely Badass Adult Coloring pages will keep you busy for hours. A one of a kind coloring book for bike lovers and readers alike. All inspired by Bink Cummings love for bikers and her MC books. 29 single sided adult coloring pages. Moderate to complex in detail. Images include: Club Cuts Curse Words Character Pages and so much more... Illustrated by Sacred Sister: Alex Olsen,393
Amazing Spider-Man (1999-2013) #535,"CIVIL WAR TIE-IN! Caught in the throes of the Civil War that's ripping apart the super hero community, Spider-Man contemplates a move that will mean new friends and new foes. In a conflict of this magnitude, three is no middle ground -- Peter Parker's move will cast him as either George Washington...or Benedict Arnold.
http://marvel.com/comics/issue/4806/a...",361
Whoops!: Why Everyone Owes Everyone And No One Can Pay,"John Lanchester travels with a cast of characters - including reckless banksters, snoozing regulators, complacent politicians, predatory lenders, credit-drunk spendthrifts, and innocent bystanders to understand deeply and genuinely what is happening with the credit crunch and why we feel the way we do.",303
An Auror Like This,"Fandom: Harry Potter
Relationship: Harry Potter/Draco Malfoy
--------------------------------------------------
Harry's main thought when he started talking to Pansy Parkinson was that maybe she could help him understand what the hell he was doing, pursuing Draco Malfoy. He never thought that he would find a friend, too.",322
Queen Isabel,"On the day Queen Isabel gives birth to twins, she knows they will change the destiny of the Great Lands. She senses the future carved out for her daughters and begs the gods to change their fates. But Gabriella, the youngest twin, has been chosen and the Divine Ones will not relent their decision.
Discover the short story prequel to the acclaimed novel, Messenger, and fall in love with the King and Queen who raised two courageous women to challenge the darkest force in the land.",483
Sarah Winnemucca: The Inspiring Life Story of the Activist and Educator,"Sarah Winnemucca worked tirelessly for American Indians. The remarkable woman led an adventure-packed life that ranged from working as a wartime scout in Nevada to meeting with the president of the United States in Washington, D.C. The noted author and speaker was a strong advocate for her people, the Northern Paiute.",319
"The Walking Dead, Issue #73","Abraham settles into work with the construction crew, headed off by Tobin, seemingly one of the only hardened men in the ranks of the Washington community. Tobin reveals to him a feeling of strong cynicism in keeping with the survivors' general consensus that there is a 'fakeness' about the Alexandria Safe-Zone. In particular, Tobin expresses a leering distrust of Douglas, from his interview process to his placement of 'pretty girls' in positions that allow him to see them on regular occasions.",499
The Write Lover,"These two talented writer's, Jasmine Deveraux and Darius Hamilton, met by chance at a book fair in New York City. From that meeting they spawned a collaboration that would take the literary community by storm and develop a love affair that could have been written for the Lifetime Movie Network. Will the two reach their dreams of a multi-million dollar book deal or will their personal hurdles have them walking away from it all?
amazon.com
kindle.com
www.authorbrooklenborne.com",480
Specimen Days  Collect,"Published in 1882, Whitman's uniquely revealing impressions of the people, places, and events of his time, principally the Civil War era and its aftermath, offer a rare excursion into the mind and heart of one of America's greatest poets. His intimate observations and reflections have profoundly deepened understanding of 19th-century American life.",350
Meet Julie: 1974,"Julie Albright doesnt want to move away from her San Francisco neighborhood near Chinatown. Now that her parents are divorced, Julie tries to make the best of it by joining her new schools basketball team. But the coach wont let girls play. Includes a Looking Back section that discusses the womens movement, divorce, and other issues of the 1970s. Illustrations.",363
Troto and the Trucks,"Troto is a happy little car who likes to go places. One day after a long drive, he arrives in Cactusville, where he meets some big trucks. But when those big trucks laugh at how small Troto is, Troto doesn't feel very happy anymore, so he challenges them to a race to show them just what a little car can do. After Troto wins the race, the trucks apologize, and little Troto drives off into the sunset, casting a big shadow.",424
The Frog Prince and Other Stories,"1 The Frog Princebrings back the princess' golden ball in return for eating and sleeping as her friend.
2 Princess Belle-Etoilefollows her cousin Prince Cheri on last of three dangerous expeditions, protected by magic doves she saves.
3 Aladdingains fortune and Princess Bulbul from the magic lamp genii spirit but angers his magician ""uncle"".",343
"Dark Riddle: Hegel, Nietzsche, And The Jews","A unique analysis of the conflicting views toward Judaism reflected in the work of German philosophers Hegel and Nietzsche. Through his masterly analysis of the writings of both men, Yirmiyahu Yovel shows that anti-Jewish prejudice can exist alongside a philosophy of reason, while a philosophy of power must not necessarily be anti-Semitic.",341
The Exceptionally Decisive Carl Schmitt: Naming the Sovereign Hand,"Carl Schmitt (1888-1985) was a German conservative. He is someone you need to read if you want to know what is going on in the world today. In this study, the topic of sovereignty on Schmitt's terms is discussed. Two themes are used to explain the sovereign theory of Schmitt, that of names and the hand. After reading this book, you should understand why politics is the ""art of counting up to one.""",400
Footprints on the Ceiling,"Life can be a bit upside down in the Smuckers' Oregon farmhouse. Dorcas Smucker, mother of six, writes thoughtful essays about muffins on the floor, orange dots on the kitchen ceiling, and the footprint that began their journey. Daffodils, blackberries, independent kids, and a yowling kitty--they're all here too. Should they cut down the pine trees? Why does a yellow teapot mean redemption? How can a dedicated mom let go? Find out for yourself, and recall all the unexpected endings of your own.",499
Burning Bright: Irom Sharmila and the Struggle for Peace in Manipur,"Irom Sharmila has been on a fast unto death for eight years, demanding a repeal of the draconian Armed Forces Special Powers Act in Manipur. This act has led to numerous atrocities. Sharmila has been arrested and force fed through feeding tubes be her own government. This is a moving portrait of the 'Iron Lady of Manipur.""",324
Remainder,"A man is severely injured in a mysterious accident, receives an outrageous sum in legal compensation, and has no idea what to do with it.
Then, one night, an ordinary sight sets off a series of bizarre visions he can't quite place.
How he goes about bringing his visions to life--and what happens afterward--makes for one of the most riveting, complex, and unusual novels in recent memory.",389
Imagining the Congo: The International Relations of Identity,"Understanding the current civil war in Congo requires an examination of how the Congo's identity has been imagined over time. Imagining the Congohistoricizes and contextualizes the constructions of the Congo's identity during four historical periods. Kevin Dunn explores ""imaginings"" of the Congo that have allowed the current state of affairs there to develop, and the broader conceptual question of how identity has become important in recent IR scholarship.",460
The Second Journey of Agatha Heterodyne Volume 3: The Incorruptible Library (Girl Genius #16),"Adventure, Romance, Mad Science! Agatha is the last of the Heterodynes-a notorious family of Mad Scientists that everyone had thought safely wiped out. When a rival scientist traps her family castle and the surrounding town in a time-freeze, Agatha must embark on a journey to find a way to reverse the effect and save the people she loves.",340
The Hercules Text,"From a remote corner of the galaxy a message is being sent. The continuous beats of a pulsar have become odd, irregular...artificial. It can only be a code.
Frantically, a research team struggles to decipher the alien communication. And what the scientists discover is destined to shake the foundations of empires around this world--from Wall Street to the Vatican...",367
"Buried Biker (A Jesse Damon Crime Novel, #3)","Bikers have their own code of ethics.
The cops have decided Jesse wasn't the one who raped sometimes-girlfriend Kelly. But can he convince Kelly and her father's biker buddies that he had nothing to do with it? And since he's already on parole on a murder conviction, he's the first obvious suspect when the real rapist turns up dead.",334
"Korgi, Book 2: The Cosmic Collector","The Cosmic Collector is the second volume in the critically acclaimed, all-ages graphic novel series, Korgi. In this volume, things are not going too well in Korgi Hollow. While a mysterious hunter has trapped and clipped the wings off of many mollies, Ivy and Sprout search for answers in the surrounding woods... but they may be facing something that is totally out of this world!",382
The Librarians and the Lost Lamp (The Librarians #1),"The story toggles between the past, as Flynn Carsen tries to find Aladdin's Lamp before an ancient criminal organization known as the Forty Seals gets hold of it, and the future, when Eve Baird and a new group of Librarians -- protectors of ancient artifacts like King Arthur's sword Excalibur -- stumble on a mystery in Las Vegas that seems to relate to the Lamp and the powerful djinn it can summon.",401
No Place for a Lady: Tales of Adventurous Women Travelers,"Hodgson profiles adventurous women who sacrificed personal comfort and respectability to pursue experiences traditionally open only to men. Filled with fascinating portraits, historical maps, and intricate drawings, this is at once a beautifully illustrated exploration of early travel and a spirited celebration of women.",322
"Seeing Clearly (In Too Deep, #2)","Gretchen McKay had a new job on TV's longest running soap opera. She had a lot riding on her career and falling in love would just be a distraction.
Joel Perrin had a different story. He was ready to fall in love... he just didn't want to fall in love with Gretchen.
Against better judgment, the pair keep finding themselves giving in to their undeniable chemistry. When their feelings for one another become overwhelming, they're faced with a choice...
Jump in or move on.",473
Ladybug Girl Loves...,"Readers from ages 3 and up will love this delightful board book! It's the perfect complement to the Ladybug Girl picture books. Ladybug Girl is Lulu, a little girl who loves to dress up in her ladybug costume and use her imagination to turn every moment into an adventure. In this board book, readers will learn about the many loves of Ladybug Girl, from climbing the tallest trees to playing with her friends on the playground. And her beloved dog, Bingo, is always by her side!",479
Analog Signal Processing,"This book focuses on the mathematical analysis and design of analog signal processing using a ""just in time"" approach -- new ideas and topics relevant to the narrative are introduced only when needed, and no chapters are ""stand alone."" Topics are developed throughout the narrative, and individual ideas appear frequently as needed.",332
Aboriginal Art & Culture,"This series takes an in-depth look at both the decorative and functional art and design of a given culture. The engaging text explains how the art ties in to the culture, what it means, why it was created, and what it's used for or represents. Fine art, architecture, music and theater, cookware, clothing and textiles and other topics are all discussed. Feature boxes highlight fascinating bits of information on a specific topic, such as African embroidery.",459
Breathless!,"Self-made fitness tycoon Rory Flanaghan is tall, rugged and so, so sexy. When Cara Sheehan starts one-to-one sessions with Rory, exercise takes on a whole new meaning!
Though she might be inexperienced in the bedroom, Cara knows Rory's heart is locked away. But Rory will show Cara what she's been missing. With one touch, one kiss, one night, he'll have her complete surrender!",378
Effective Scientific Writing: An Advanced Learner's Guide to Better English,"Designed for the needs of nonnative speakers of English, this guide provides comprehensive and practical advice for graduate students and researchers from various disciplines who wish to communicate their work effectively. The book presents all the essential elements for writing a successful scientific paper--from grammar basics to citing sources--helping students and aspiring writers of scientific English to produce well-structured and coherent text.",455
Dragons & Daisies: Keys to Resolve Baffling Behaviors in Early Childhood Education,"Written by Letha Marchetti, leading neuro-developmental occupational therapist, Dragons & Daisies: Keys to Resolve Baffling Behavior In Early Childhood Education is a real find! Teaching children to master self-control is the heart of this book and Letha's work. The activities Letha shares are fun, engaging, and life changing to children & teachers. This is an essential reference for everyone who works with young children.",426
Porky,"From the bestselling author of The Best Exotic Marigold Hotel
At school they called her Porky on account of the pigs her family kept outside their bungalow near Heathrow. But she felt no different - not until she realised she was losing her innocence in a way that none of her friends could possibly imagine. Only a child robbed of her childhood can know too late what it means to be loved too little and loved too much...",422
"The Little Mermaid (Classics Illustrated Junior, No. 505)","A little sea princess, longing to be human, trades her mermaid's tail for legs, hoping to win the love of a prince and earn an immortal soul for herself. Capturing the magic of Hans Christian Andersen's original tale, Classics Illustrated reveals the spectacle of the worlds below and above the sea. Beautifully illustrated, this classic tale will capture children's interest and spark their imagination inspiring a lifelong love of literature and reading.",456
Michael Move in with Me,"This book of poems is a long address to a muse that supercedes the title's domestic call, vacillating between the personal and impersonal revelations of the letter's author. The tactic is both persuasion and prophecy, with enough obscured and enough illuminated to bind the reader to the words which spin the story.",315
Knifer,"Drug addiction, criminal behaviour, and murder, all before his 16th birthday. From foster home to children's home to living rough on the streets, Cain never had a normal childhood. By the age of 8 he was carrying a knife, 7 years later he was in prison for murder. Here ex-prison officer Ronnie Thompson tells Cain's shocking story.",332
Key Out of Time (Time Traders / Ross Murdock #4),"Key Out of Time -- the fourth book in the Time Traders series, following The Time Traders, Galactic Derelict, and The Defiant Agents -- again features Ross Murdock as the hero. Accompanying a group of settlers to the now-empty water-planet Hawaika, he is sent back in time through a Time Gate . . . and must learn to survive ten thousand years in the past!",356
Fifth of July,"Ken Talley, a Vietnam vet who lost his legs in combat, lives in a farmhouse in rural Missouri with his lover, Jed. Traumatized and bitter, Ken struggles to find meaning in his life. As he contemplates selling the farmhouse, old friends and family members descend for a vacation. A bittersweet portrait of the rock n roll generation at the precise moment they realize the fireworks ended yesterday.",397
Seven Steps to Freedom,"Yahweh, Allah, God, Krishna, and the list will go on. We have so many names for our Creator and so many ways of worshipping and following Him. Why all the divisions in this world? How will we ever see world peace? Seven Steps to Freedom was created to help answer these questions and more. Love Acceptance Forgiveness Positive life changes Perseverance in trials and challenges Hope and vision for a future
Learn your purpose here on earth and what might be in store for you happily ever after.",494
Seven Times A Woman,"In a mythic reflection of old Japan, the kitsune Rei-Rei is given the seemingly small errand to ""tame a dragon"" that will part her from her true love, Inari, for lifetimes to come.
When the dark dragon Kage learns of her true nature, he seeks to strike a blow that will destroy his noble brother, and Rei-Rei, forever.",318
Report on Toyota Unintended Acceleration,The National Highway Traffic Safety Administration (NHTSA) issues this report to present our studies and findings concerning unintended acceleration (UA)1 in vehicles manufactured by Toyota. This report should be read in conjunction with the report issued by the National Aeronautics and Space Administration (NASA) concerning the electronic throttle control (ETC) system in Toyota Vehicles.,391
Kimi's Secret,"With a deformed hand, an affection for animal skulls, and a soft spot for Marmite, Kimi always knew she was different - but never how much until she's thrown into the supernatural dimension of Heart, given powers beyond comprehension, a mission to alter the past, and a secret which must never be revealed.",306
Doctor Who: Foreign Devils,"Perhaps sensing the Doctor's deepening mood of introspective melancholy, the TARDIS lands in the most haunted place on Earth, the luxury ocean liner the Queen Mary in the year 1963. But why do ghosts from the past, the present and, perhaps even the future, seek out the Doctor? What appalling secret is hidden in Cabin 672? And will the Doctor be able to preserve his sanity as he struggles to save the lives of the passengers against mighty forces which even he does not fully understand?",489
The Titanic Conspiracy,"The Titanic was labelled unsinkable by its manufacturers. It, however, defied all odds and sank to the bottom of the Atlantic Ocean on its maiden voyage. What was the real cause of the disaster? How did the unsinkable sank? It is said the ship was cursed by one of its passengers who was not welcome on board. This story tells the strange and incredible tale.",359
Practical Haematology,"This text describes the laboratory techniques used in the investigation of patients with blood diseases. Each test that is described is accompanied by an explanation of the principle involved, the reliability and causes of error, interpretation of results and clinical significance. The use of standards, reference reagents and quality control is stressed, and recommendations of the International Council for Standardization in Haematology are described where these are available.",481
"Narratives of a Vulnerable God: Christ, Theology, and Scripture",This insightful study of how Jesus reflects God will be interesting and accessible not only to scholars but to pastors and church members. Well-known author William Placher shows that the God revealed in Jesus Christ is portrayed in the biblical narratives as a God willing to risk vulnerability in order to fully love creation.,328
"The Ultimate, Unofficial Friends Quiz Book","Ok, so you love Friends - why wouldn't you? And you've seen every episode. Six times. But how much do you really know about Ross, Rachel, Chandler, Monica, Phoebe and Joey? Test your knowledge with The Ultimate, Unofficial Friends Quiz Book.
What is Chandler Bing's middle name? How many sisters has Joey got? Where did Rachel work after Central Perk? The answers to these and 472 other questions that will bring back so many memories are here for you. What are you waiting for?",478
The Students are Watching: Schools and the Moral Contract,"In this groundbreaking book, Theodore and Nancy Sizer insist that students learn not just from their classes but from their school's routines and rituals, especially about matters of character. They convince us once again of what we may have forgotten: that we need to create schools that constantly demonstrate a belief in their students.",339
Bess and Bella,"On a cold winter afternoon Bess and her doll are having a tea party with melted snow and cookie crumbs, when -- falump!-- a little bird named Bella falls from the sky. Bella offers treats for a proper tea, and a new friendship begins. Little does Bess know that this is just the first of many delightful surprises to come during that afternoon.
Young readers will be charmed by Bess and Bella and enchanted by Irene Haas's beautiful artwork that brings them vividly to life.",474
"Gone with the Wind, Part 2","[Penguin Readers Level 4]
The American South has lost the Civil War and Scarlett O'Hara must work very hard to get her old life back for her family and herself, yet she has no money. Rhett Butler is rich, but is soon to be hanged for murder, and Ashley Wilkes, the man she loves, is married to another woman.",308
The Singer Trilogy: The Mythic Retelling of the Story of the New Testament,"Hundreds of thousands have thrilled to this extraordinary retelling of a life unmatched in human history. Through the story of the Singer, his Star-Song and his battles with the World Hater, Calvin Miller has created a book full of life. Now, in one volume, you will find a powerful tale of incarnation and redemption.",318
"Punish Me, Please Me","Five tales about different women, each of whom submits to bondage and discipline in order to achieve her goal. Though each woman consents to be used and abused by a man and none takes pleasure in suffering, each would willingly endure her ordeal again if necessary. If you don't like reading explicit descriptions of kinky sex, don't read this book.",349
"Beyond a Wicked Kiss (Compass Club, #4)","- Jo Goodman is a national bestselling author, with her books appearing on the USA Today bestseller list.
- Audio rights to All I Ever Needed, Everything I Ever Wanted, and Let Me Be the One were sold to Recorded Books.
- Historical romance readers love books with continuing characters, as evidenced by the success of Linda Lael Miller's Springwater Seasons serial novels, and Cassie Edwards's Savage series, as well as Goodman's own successful McClellan, Dennehy, and Thorne series.",484
The Second Crusade,"Before the Light shone, darkness prevailed.
Retribution, the sacred sword borne by a champion chosen by Mithos, has lain dormant for nearly a decade. But when the church of Necros begins to rise in power once more, Sir Roningus the Wrathful Tempest is charged with leading the church's second crusade to eradicate necromancy from the Western Kingdoms, lest the light of Mithos be forever extinguished.",401
One Hundred Bones,"A little dog makes a big discovery . . .
Scruff the dog is a stray who just loves to dig. It doesn't make him the most popular dog in town. But when he sniffs out a pile of old bones, he gets all the neighborhood dogs to help him. They uncover not one, not two, not three . . . but 100 bones and make the most exciting dinosaur discovery of all time! Scruff's find wins him new friends and a new home. A heartwarming story about an underdog who comes out on top.",462
Cowboy Kisses and Christmas Wishes,"Just in Time for the Holidays
Enjoy the complete collection of Christmas romance by Joann Baker & Patricia Mason in this limited edition boxed set. Read about cowboys, CEOs and a naughty grinch!
A Cowboy Under Her Christmas Tree
Christmas Wishes
The Grinch and Miss Goody-Two Shoes
Christmas with the Millionaire Cowboy
Please note all titles have been previously published.",374
Mystic Rose,"A silken fervor caressed them, a flame consuming beautiful Star Lamont and dashing Captain Troy Stewart in a wave of ripening desire beneath the Southern sky.
Across a fiery landscape scorched by the fury of slave revolt and the tumult of war -- across the oceans and across the years -- theirs is a story of surpassing grandeur, from a moment's shipboard encounter through a lifetime of everlasting love.",405
Tales of Aradia: The Last Witch Volume 1,"Unknown to the humans who hanged innocent people at the Salem Witch Trials, real witches of the hidden race were slaughtered on the belief that they had betrayed the hiddens to the humans. Not one witch survived the genocide, or so it was believed for more than three hundred years. Until one day a girl named Aradia moves to Salem, Massachusetts, and all that changes.",369
The Exploits of Arsene Lupin,"The first collection of Arsene Lupin's incredible exploits sets the stage for the later novels, with such classic crime adventures as: ""The Arrest of Arsene Lupin,"" ""Arsene Lupin in Prison,"" ""The Escape of Arsene Lupin,"" ""The Mysterious,"" ""Railway Passenger,"" ""The Queen's Necklace,"" ""The Seven of Hearts,"" ""Madame Imbert's Safe,"" ""The Black Pearl,"" ""Holmlock Shears Arrives Too Late""",384
A Coven Christmas,"Peter can hardly believe it when he wakes up and finds the house he and Lucien share with the coven decorated for Christmas. Simon has decided they need to have some joy and laughter back in their home, especially after the recent tragedy that the coven has suffered. As friends arrive and settle in, it's clear that Simon has planned a night of surprises for them all.",369
Man's Search for Ultimate Meaning,"Viktor Frankl is known to millions of readers as a psychotherapist who has transcended his field in his search for answers to the ultimate questions of life, death, and suffering. Man's Search for Ultimate Meaningexplores the sometime unconscious human desire for inspiration or revelation, and illustrates how life can offer profound meaning at every turn.",357
Early Christian Thought & the Classical Tradition,"This enlightening study examines the relationship of the early Christians to the classical tradition. Based on the work of the Christian thinkers, Justine, Clement of Alexandria, and Origen, and existing pagan criticism of the Church, the book illustrates how rejection of the classical tradition combined with profound acceptance of its humanism were synthesized by the early Church.",384
The Vagrant Mood: Six Essays,"The Vagrant Moodis a brilliantly varied and colourful collection of essays. From Kant to Raymond Chandler; from the legend of Zurbaran to the art of the detective story; from Burke to Augustus Hare, Maugham brings his inimitable mastery of the incisive character sketch to the genre of literary criticism.",305
Seth MacFarlane's A Million Ways to Die in the West: A Novel,"A Million Ways to Die in the Westpays homage to the traditional Western with a modern comic spin, following a cowardly farmer who seeks the help of a gunslinger's wife to win back the woman who left him. Author Seth MacFarlane is also producing, directing, and starring in the film, which is currently in post-production and scheduled for release on May 30, 2014.",363
The Many Ways To Say I Love You,"This book illustrates how to enjoy the gift of love with friends and family. From a high-five to a belly laugh to time shared in play, kindness and joy are simple pleasures that are found throughout life's journey. The early reader style poetry shows special moments children share with their loved ones: ""When holding hands to cross the road... mom squeezes three times, it is our special code."" The colorful and quirky illustrations make this book enjoyable for babies, toddlers, and adults.",493
Direct Descendant,"Paleontologist Cameron Malone has discovered a 500,000-year-old man. Renegade scientist Dr. Noel Anderson has plans for the ancient man. When Anderson steals tissue from the frozen corpse, he uses the DNA to create a modern Ancient Man. Now, Dr. Malone must stop this waking nightmare of genetic engineering.",308
Stanley Street,"There's a bar on Stanley Street that is the quietest bar in the whole of Gay town and it's Kevin's favourite bar by far, it's where his roommate met his boyfriend it's the first bar his flamboyant best friend took him to and it's the bar where he's about to meet the guy who he's willing to do anything for.",307
A Pirate's Mother Goose,"This selection of popular Mother Goose rhymes is given a delightful pirate makeover! What happens when the cat gives a mate his fiddle? The cabin boy dances a jig and the scalawags waltz in the brig! And Pretty Polly Pirate flies through the town squawking through the locks ""Are the children safe in bed? There be pirates at the docks!"" From ""Rock-a-By, Pirate"" to ""Rub-a-Dub-Dub (three swabs in a tub),"" this collection is sure to inspire the poetic pirate in everyone!",471
Inside Secrets of Finding a Teaching Job: The Most Effective Search Methods for Both New and Experienced Educators,"This handy resource covers researching job opportunities, preparing self-marketing materials, making good impressions in the interview, and more. New graduates of education programs, unemployed teachers, university-level teacher-education programs, and people entering the profession through non-traditional paths find this a must-have for job search success.",359
The Passion of Youth,"John wanted it all, a life in which he could embrace the great outdoors and help save the environment. And, he wanted love. Out West, amidst the beauty of the great Rocky Mountains and tumbling trout streams, he finds what he desires, including the perfect girl. But John will learn that fighting the good fight isn't enough. The Passion of Youth is all about the quest for happiness and the choices we all make in life.",420
"Homeward Bound (Yours!verse, #8)","Fandom: Supernatural
Relationships: Castiel/Dean Winchester, Balthazar/Gabriel, Sam Winchester/Jessica Moore, Benny Lafitte/Andrea Kormos
--------------------------------------------------
Circumstances lead Cas and Dean to take a road trip that challenges them not only with the distance to their pack territory - both physical and societal - but also with the sudden vicinity to the past.",390
Step Forward with Gratitude,"Gratitude is the quality of being thankful and appreciative. People who are grateful are aware of and thankful for the opportunities that they have. This helpful book provides ideas, practical tips, and inspiring stories about how you can make expressing gratitude a regular habit. Discover how showing your appreciation and returning kindness to others is a rewarding experience that will enrich your life.",407
The Life and Times of a Graveyard Bear,"The Life and Times of a Graveyard Bear is a short story by Tom North, author of 'Puttypaw'. A child's teddy bear sits against a stone in a graveyard.This is the story of his life: of the rain, the sun and the snow, the grieving family and the ever present rooks. Winner of the Spring 2008 JBWB short story competition.",318
"Civil War (Primary Sources Teaching Kit, Grades 4-8)","Packed with reproducible primary sourcesfrom the lyrics to Dixie"" and The Battle Hymn of the Republic"" to the Emancipation Proclamationthis collection of authentic documents will capture students' interest in the events and people of the Civil War. Teaching materials provide background information, document-based discussion questions, and reproducibles that help kids analyze and evaluate each historical document. For use with Grades 4-8.",441
Pope Hats #5,"The long anticipated return to Frances Scarland's story. Life now plays a different tune for our guileless insomniac. While Vickie flourishes in Los Angeles with startling ease, Frances must endure the ever-shifting terrain of her immense law firm. Can Frances become a grounded person in the face of impending, boundless doom? Can she not drink too much? What's up with her love life? Find out in the biggest and most intensive issue of Pope Hats yet.",452
Getting Hurt,"In his own words, Charlie Cross is a bloke in love. A hard-drinking, chain-smoking lawyer, he is well-off, divorced and heading for trouble. When he meets Viola in an after-hours drinking club, he knows instinctively that they could do each other harm. What follows is one man's record of a love affair, an erotic, savagely funny and heartfelt tale of destructive sexual passion.",379
"Cloaked in Blood (Ericksson, #7)","In the final chapters of Helen Eriksson's quest for the truth about herself, she uncovers the secret in Darkwater Bay that Jerry Lowe once warned her wasn't meant to remain buried. When the dust settles from the final confrontation, she wonders who will be left alive, and on whose side they'll stand.",301
The Demonologist: The Extraordinary Career of Ed & Lorraine Warren,"If you think ghosts are only responsible for hauntings, think again. The Demonologistreveals the grave religious process behind supernatural events and how it can happen to you. Over twenty years in print, here is the original uncut version of this classic text. Illustrated with photographs of phenomena in progress, every sentence in the book is true. Used as a text in seminaries and classrooms, this is one book you canA't put down.",436
Infinite Self: 33 Steps to Reclaiming Your Inner Power,"Wilde teaches readers how to consolidate their inherent power and transcend all limitations by releasing themselves from the constraints of their egos. Ego traps the individual, according to Wilde, and it is never happy for long, always wanting more, whether it's a new job, new relationship, or bigger bank account. National ads/media.",336
"Quincey Morris, Vampire","Texan adventurer Quincey Morris managed to kill the famous Dracula, prince among vampires, at the cost of his own life. But that wasn't the end: now Quincey is a vampire And Dracula's old enemy, Professor Van Helsing, has managed to convince Quincey's friends that the only good vampire -- even if he's a former comrade -- is a dead one. . . .",343
I'll Never be Young Again,"As far as his father, an accomplished poet is concerned, Richard will never amount to anything, and so he decides to take his fate into his own hands. But at the last moment, he is saved by Jake, who appeals to Richard not to waste his life.
Together they set out for adventure, jumping aboard the first ship they see and working their passage to Norway and around Europe, eventually to bohemian Paris, where Richard meets Hesta, a captivating music student.",458
Essential Italian Verbs,"Master the verbs of a new language without intimidating textbooks or confusing charts
""Essential Italian Verbs"" helps you improve your command of German by focusing on one aspect of language learning that invariably causes difficulties: verbs and the way they behave. Whether you're a beginner or relatively advanced learner, you can consult the book whenever you need to know the form of a verb quickly.",404
Christmas Stories for the Heart,"Christmas Stories for the Heart offers a collection of the best Christmas stories every told! This heartwarming, tender, and uplifting treasury-another release in the bestselling Stories for the Heart series-is the perfect holiday gift to give or to keep. This collection will renew readers' faith, hope, and love for the Christmas season. Includes stories by Max Lucado, Charles Swindoll, Ruth Graham, Shirley Dobson, Joni Eareckson Tada, Gigi Graham Tchividjian, and more.",474
"Beyond My Dragon’s Love, Draco Celestial Realms","The dragon roars, fumes, and blazes! He's tired of the dragonettes' deceit. The restless Prince takes a leave from his duties and journeys to the Earth realm in search of his mate.
Young, beautiful orbit engineer is forced to seduce the prince to hand over to the royal bitch, unknowingly betraying her mate. Her life takes a turn and she commits treason beyond her dragon's love.",380
Reconnecting with Nature: Finding Wellness Through Rebuilding Your Bond with the Earth,"Many of our social and environmental problems stem from our intellectual and spiritual separation from the natural world. Through his extensive experience in outdoor education, Dr. Cohen hag discovered simple ways to rebuild our bond with nature. Enlightening text and stimulating activities quickly reforge the link between us and the world we live in.
-- Rediscover 53 natural senses that promote health and harmony with nature
-- Experience 16 stimulating nature reconnecting activities",489
Essays on Actions and Events,"Including two new essays, this remarkable volume is an updated edition of Davidson's classic Essays on Actions and Events (1980). A superb work on the nature of human action, it features influential discussions of numerous topics. These include the freedom to act; weakness of the will; the logical form of talk about actions, intentions, and causality; the logic of practical reasoning; Hume's theory of the indirect passions; and the nature and limits of decision theory.",473
"Reborn: Demon Core (Reborn, #6)",Ash's new life in the game like world of might and magic has changed him. He is no longer the loner that always pulled back from others. He has found that to survive in this new world he had to make friends but at the same time he has made enemies as well. Ash fights to strengthen himself so that he can protect those that he now calls his family.,348
El Socialismo y el Hombre en Cuba,"Here, Che Guevara's classic work on social change and human nature, reviewing the early years of Cuba's revolution and analyzing the role of the individual in transforming the social, economic, and political structures of capitalist society. It is one of the most important political and philosophical documents to emerge from the Cuban Revolution and the 1960s, featuring photographs taken by Che in Cuba.",406
A Devil in Daylight (The Devil in Miss Drake's Class #2),"After three months in the suicide prevention wing of St. George's, Audrey Bales is finally coming home. Enrolled at a new school, she plans to reinvent herself with a new look, new friends, and a second chance to be just like everyone else. But the kids who drove her over the edge aren't through with her yet.
And one of her new friends has an agenda all his own.
During the day, the halls of Battlefield High will echo with their screams.
And at night, their screams will be silenced.",486
"The Cocktail Bible: Over 600 Cocktails Shaken, Stirred and on the Rocks","The perfect party companion. What is a Mojito compared to a Martini compared to a John Collins? The Cocktail Bible features up-to-date recipes of all the classic cocktails as well as the newest favorites. Choose from more than 650 delicious drinks, including the:
Whiskey Daisy Cosmopolitan Gin Garden Bossanova Monte Carlo Sling Passion Fruit Margarita Mango Bellini The many tips and techniques in The Cocktail Bible allow any amateur bartender to mix like a pro.",465
"Promise Me (Promise Me, #1)","When young widow Sarelle McGarran finds the vampire Danial Racklan unconscious and hurt in her woods, intuitive concern quickly becomes passionate love. Together Danial and Sar work to overcome their own past heartbreaks, their vastly different lifestyles, and Danial's relentless enemies. Yet Danial needs more; an Oath of forever. But can Sar give Danial his greatest desire?",377
Big Bill Tilden: The Triumphs and the Tragedy,"Tennis great William T. Tilden II dominated the courts during the 1920s, and for seven years in a row, he never lost a significant match. Flamboyant both in public and private, Tilden was eventually arrested--and shunned--for his homosexuality. He died penniless and alone, years before his election into the tennis Hall of Fame. Illustrations.",344
The Dog Prince,"A handsome but spoiled prince, feeling that his royal life is dull, decides to challenge himself by hunting the monstrous chimera. On his journey, his rudeness and arrogance offend a faery, who turns him into a hound dog as punishment. Afterward, the gentle kindness of a poor goat girl named Eliza transforms the prince's heart. When the chimera threatens Eliza, the dog prince fights to save her -- and discovers that she can save him, too.",442
"Tempting Darkness (The Other, #1)","As the last Shifter, the last true Wolf, Kaden has his share of problems. But he has recently become the holder of the Key. It is the key to all Wisdom.
Luke is a New York City cabbie and he's seen his share of weirdoes and freaks. But when he spies two thugs beating on Kaden and he steps into save him, Luke enters a world that he never knew existed.
Quickly falling in lust with the young Kaden, Luke knows he will do whatever it takes to protect Kaden. Even if it costs him his life.",487
Capricorn Cravings,"The only thing missing from Riley Shaughnessy's life is a man. She has a thriving veterinary practice, a home she loves, and has managed to put her dark past behind her.
Everything is turned upside down when hunky Powell Stewart arrives and overhears her saying she needs to get laid. Could he be the serial killer who killed her young assistant Jamie? She can't help being attracted to him despite the warnings in her daily horoscope.",435
Shugo Chara 2,"FRIENDS IN NEED
Cute schoolgirl Amu has a secret: She has three magical companions. Only these enchanted Guardians know who Amu's true self is, and they'll do anything to help her unlock her heart! They're searching for a magic egg, a powerful weapon that could mean trouble in the wrong hands. To find this egg, Amu will have to change her life-and finally learn to be true to herself.
This volume of Shugo Chara! includes special extras after the story!",455
A Match Made in Hell: The Jewish Boy and the Polish Outlaw Who Defied the Nazis,"An award-winning memoir of shy Jewish teenager Moniek Goldner joining forces with hardened Polish criminal Jan Kopec to survive in Nazi-occupied Poland. First trained as Kopek's accomplice in robberies and black market activities, the orphaned Goldner eventually becomes an accomplished saboteur of the Nazi war effort for local partisan groups.",345
Vanishing Animals of the Wide Open Spaces,"Our world is full of animals. They sleep in the trees, dive for their dinners, raise babies on the plains or climb high mountains. In this book you will meet animals that live in wide open spaces: the deserts and the plains of the world. Some are familiar and some are not, but each is special in its own way.",309
"Atlan (The Atlan Saga, Volume III of V)","In the bloody war over the continent of Atlan, Princess Cija has been forced to wed the invader, the evil man-serpent, Zerd. When Zerd's enemies attack, Cija flees his imprisoning castle only to be discovered by her archrival, Sedili, Zerd's former wife. Forced into captive isolation, Cija must now await her fate at the hands of this jealous, vindictive woman who will regain everything she had lost to Cija--only by the Princess' death!",439
"Eustice (The Reaper Corps, #1)",Eustice P. Jennings awakens alone and confused on an ugly piece of office furniture in Purgatory. Being dead is the least of her problems as she is quickly drafted into the dangerous Reaper Corps and plunged headfirst into the endless conflict between Heaven and Hell. Friends and allies are few and far as Eustice struggles to find her place in a surreal world she never imagined could exist.,393
The Capitalist's Bible: The Essential Guide to Free Markets--and Why They Matter to You,"The Capitalist's Bible, edited by Gretchen Morgenson, an award-winning journalist with the New York Times,is the essential guide to capitalism and its many languages, customs, and practices. Including thinkers like Adam Smith, concepts like supply and demand, and developments like globalization, The Capitalist's Bible is an essential primer that clarifies, informs, and answers all the questions that need to be addressed and fully understood in these difficult economic times.",479
Marketing in Less Than 1000 Words,"Finally. A book on marketing you can read in 15 minutes flat.
In less than 1000 words we explain the major principles of successful marketing - the most important things you must understand to market your business successfully and find more customers.
In digestible chunks of less than 70 words each, this is a book so short that everybody can make the time to read it.",369
The Taliban and the Crisis of Afghanistan,"A key question of this work is how has a motley crew of zealots managed to retain a foothold in the struggle for Afghanistan's future. Here, leading scholars show how the Taliban was less an attempt to revive a medieval theocracy than a dynamic and adaptive force rooted in the history of Afghanistan and shaped by international politics.",338
Chenxi And The Foreigner,"Helen joined her father in Shanghai to study Chinese painting. She knew it amounted to stalling for time, for putting off decisions she needed to make about her life, but she didn't care. China was exotic. It would be an adventure. But in the heat and chaos of a foreign city, what happens to Helen is the last thing she could have imagined. She meets Chenxi and find the true meaning of what it is to be a foreigner, to fall in love with a stranger.",450
Pups of the Spirit,"""God gave each puppy a gift of its own,
and PUPS OF THE SPIRIT is how they are known!""
Peanut is patient, and Kay is so kind. Each of these nine loveable puppies has a special trait to help them grow closer to God. From love and joy to patience and kindness, children will have fun learning about the fruits of the spirit with these playful and cuddly companions.",363
Thomas the Toadilly Terrible Bully,"Thomas hates being ignored. But when his attempts to impress everyone don't make him any friends, he decides to be a bully instead. There's just one problem: he makes a terrible bully. A toadillyterrible one, in fact.
It turns out, though, that there's an even bigger bully around, and Thomas discovers what it feels like to be the one bullied. But a bit of teamwork helps him outwit the bully and make a new friend. And being a friend, Thomas finds, is far more fun than being a bully.",486
Sun-Maid Raisins & Dried Fruits,"""A collection of over 50 recipes for raisins and dried fruits including the story of their production from the field to the table.""
Our 100th Anniversary Book One hundred years in the making, Sun-Maid's century of experience answers all your questions on raisins and dried fruits--their unique characteristics, their history, and how they are grown, processed, marketed, and enjoyed throughout the world.",404
"Rough Notes of Seven Campaigns in Portugal, Spain, France and America During the Years 1809-1815","Cooper's account of his experience in Wellington's army and in America during the years 1809-15 has been much sought-after by historians. It includes eyewitness accounts of some of the bloodiest battles of the Peninsular War, and then his firsthand view of the ""disaster"" at New Orleans. Features descriptions that are widely quoted by writers on the subject.
-- The first volume in the Spellmount Library of Military History
-- Detailed descriptions of uniforms and equipment",476
"A Most Dangerous Method: The Story of Jung, Freud, & Sabina Speilrein","This explosive, revelatory history of the early years of psychoanalysis shows that the bitterly unresolvable split between Jung and Freud pivoted around a former patient and lover of Jung's whose story and own potentially important theoretical contributions to psychoanalysis were blocked by both men.",301
Patchwork Perfect: An Amish Year Novella,"Eli Byler has been a widower for two years when he chooses to make a fresh start in Paradise, Pennsylvania. As Eli juggles the admiration of two women, he meets Miriam Fisher--the most unconventional Amish woman he's ever met. She doesn't fit the mold for what Eli is looking for, but it isn't long before Eli realizes that Miriam is everything he wants. But Miriam has no plans to get married--ever. Will Eli be able to change her mind?",437
Poems 1923 1941,"This new volume brings together, for the first time, all the poems Carl Rakosi wrote as an ""Objectivist, "" together with his other poems of the 1920s and 1930s, printed in their original versions. The purpose of this current volume is to provide, as far as possible, a reliable account of what Rakosi wrote in the 1920s and 1930s. Working with Rakosi, Andrew Crozier has produced a carefully edited volume that will point up the innovativeness and talent of Rakosi's early writing.",481
Lost and Found: A Novel,"This novel is about a fictional reality TV show that involves pairs of contestants racing around the world, solving riddles and finding treasures in different countries. Unbeknownst to them, the contestants have all been chosen because each has a well-kept secret from his/her partner, family, or friends. As the game progresses, conflicts erupt, secrets are revealed, and relationships are irrevocably changed.",411
Bright Baby Touch and Feel Spring,"With seasonal pictures to celebrate the arrival of Spring, this is an engaging book to share with babies and toddlers. There are chicks, bunnies, spring flowers and photographs of other familiar Spring things to look at, and the pages have different touch-and-feel textures, which little fingers will love to explore.",317
Anglican Spiritual Direction,"Peter Ball introduces us to the distinctive Anglican tradition of spiritual guidance and companionship. He includes chapters on the relationship between spiritual direction, therapy, and healing; training programs, credentials, and professionalism; the practice of group spiritual direction; and the increase of this ministry among lay people and those outside the institutional church.",386
Trent's Own Case,"Philip Trent, artist and amateur criminologist, was closely connected with the murder of the philanthropist James Randolph from the beginning, for he had been painting his portrait. But there were many blind alleys in the maze ahead; many faces and places to be investigated while there could be further murders. It was not until Trent had crossed to France and back and searched London for the Felix Poubelle Champagne that he finally emerged triumphant to discover the murderer.",480
"Death of a Dying Man (Micky Knight, #5)","Micky Knight just had to get into a butch contest with the journalist partner of a famous doctor working with her lover, Cordelia James, to prove that the skills of a reporter are of no use to a P.I.. Now she's stuck with a drop-dead gorgeous assistant and the case of a dying gay man looking for a child he might have fathered.",328
Linguistic Areas,"The contributors to this collection address issues of definition and theory of linguistic areas, analyze the process of convergence, and introduce methods to assess the impact of language contact across geographical zones. New cases studies are introduced which extend the corpus of areas described so far. They are accompanied by discussions that revisit some of the more well-established linguistic areas.",407
The Eyes that Drowned Uyuni,"Parag. A 30-something self made entrepreneur with a heart of velvet.
Mriga. A fiery angel that barges into his ordered life, stripping it of logic.
Riyah. Their love child, their lifeline.
What happens when he loses everything that he ever loved?
How far will he go to find it all back?
Will he give in to temptations on the way?
Will he let it all go; just to keep it all alive in his memories?
Read on this surreal fantasy of love, loss, pain, and passion to find out...",472
The Marquise and the Novice,"Acolyte Kathleen Thorn leaves the security and pent up frustration of the nunnery to become a governess for the only child of a wilful, beautiful and mysterious Marquise Annaliese. She becomes entangled in the web of mysteries surrounding the dark and seductive woman and the manor she inhabits, and finds her innocent and naive virginal self being led down a tantalizing and mysterious path, that may culminate in death, drama or something equally Gothic and thrilling!",470
"Good Dog, Carl","This is a tale of timeless appeal--the original Carl book. Its pictures are so vivid and alive that hardly a word is needed to tell the story. An infant is left in the care of a dog while Mother is out. The two get into all sorts of mischief, but trusty Carl puts everything in order in time for Mother's return. Full color.",324
"Max Payne 3 Issue #2: ""Hoboken Blues""","""Hoboken Blues"" is the second chapter in the Max Payne 3 comic series. Written by Dan Houser and Remedy's Sam Lake, and featuring cover art by Jorge Molina with pencils and inks by Fernando Blanco, ""Hoboken Blues"" is loaded with flashbacks to Max's past that help to explain how and why he's at where he's at in Max Payne 3, including the fallout from his actions in Max Payne 2 that led to him becoming a semi-permanent fixture at a dive bar on the other side of the Hudson.",475
The Kamandi Challenge (2017-) #8,"After the chilling ending of the last issue, Keith Giffen and Steve Rude transport us to a land where the Grecian sheep and the Wolf Garibaldeks are on the brink of war! Will a visit from Kamandi, now mistaken for their folk hero Odysseus/Ulysses, bring peace? Or will he bring forth an age of destruction?",306
The Popes Against Modern Errors: 16 Papal Documents,"In 1789, the French Revolution took place and launched a host of religious, political and social errors which the Popes for over 160 years wrote and legislated against. Yet most of these errors have today filtered down to the common man . . . with the result that most people now take for granted many fundamental assumptions that are positively false! But almost from the beginning of these errors, the Popes spoke out as with one voice, inveighing against them. 385 pgs, PB",475
Life Size,"Both a cautionary tale and a call to arms for women whose lives are diminished by the tyranny of thinness, this harrowing novel about a young woman's anguished battle with anorexia is by turns crackling, acrid, and darkly comic. Life-Size shoots straight for the heart of our country's obsession with food and image.",316
"Street Duty, Case One: Knock Down","Victim: Teenage female, 14 years old. Unconcious. Head Injury. Laceration to arm. Struck by lorry. Why was Ashleigh Jarvis running so fast that she didn't see the lorry? Why was she so scared? And why was she barefoot on a cold winter's evening? It's Holly Blade's first case and she wants to know the truth. But how much is she willing to risk? First in an arresting new series from BAFTA award-winning writer, Chris Ould.",423
Dancing With The Sun,"From the #1 best seller author of ""Sparkly Me"" ""Dancing With The Sun"", a book for girls ages 3-5 will make their inner sun shine. Emma loves to dance and she's happy to share her thoughts and feelings with you.
Read more to find out what her favorite dance style is and how she really feels when she dances. 
Add to your cart now.",330
The Ethics of Abortion,"The At Issue series includes a wide range of opinion on a single controversial issue. Each volume includes both primary and secondary sources from a variety of perspectives -- eyewitnesses, scientific journals, government officials and many others. Extensive bibliographies and annotated lists of relevant organizations to contact offer a gateway to further research.",367
Murder in Amsterdam: The Death of Theo van Gogh and the Limits of Tolerance,"On a cold November day in Amsterdam, an angry young Muslim man, Mohammed Bouyeri, shot and killed the celebrated and controversial Dutch filmmaker Theo van Gogh, for making a movie that 'blasphemed' Islam. After Bouyeri shot van Gogh, he cut his throat with a curved machete, as if performing a ritual sacrifice.",312
The Adjusters,"When 14-year-old Henry's mum loses her job, they are forced to move to Newton County - a small American town where everyone seems just a little bit too perfect. While Henry's mother settles into her new job at the Malcorp Complex that dominates the town, Henry finds himself at odds with the strange world Malcorp's owner has created.",334
"The Revolving Door of Life (44 Scotland Street, #10)","Once more, we catch up with the delightful goings-on in the fictitious 44 Scotland Street from Alexander McCall Smith. With customary charm and deftness, Alexander McCall Smith gives us another instalment in this popular series, now running in its ninth season in The Scotsman. Anything could happen to Bertie and the gang...",325
Their First Night Together,"In the summber of 1991, Natalia Hernandez and Jared Hill met and became friends.
For the amount of time they got to know each other, they developed an attraction, but their time together was mutually short-lived when she moved away for college.
Eight years later, they reunited, expressing their desires for each other and wondered what would their first night be like together.",378
"Fifth Seal (A.D. Chronicles, #5)","The little town of Nazareth is a long way from Jerusalem and King Herod's evil clutches. Yet is anywhere in Judea far enough? In their most dramatic, ambitious, and significant historical series to date, Bodie and Brock Thoene once again transport readers back in time to first century A.D. to the birth of Christ--the most critical events in the history of the world.",368
Pope John XXIII: A Penguin Life,"A defining portrait of il papa buono-""the good pope"" who, within the 2000 years of papal history, changed the Catholic Church dramatically during his brief reign between 1958 and 1963. From his humble Italian peasant roots to his signature accomplishment-the Second Vatican Council, opening the church doors to the contemporary world-this vivid work will captivate Catholics and non-Catholics alike for its insightful look at a complex and unlikely hero.",454
The Drain Cleaner,"Plumbing is his business...and business is good.
A young woman in trouble goes to an empty apartment building for an appointment with the drain cleaner. When she sees what he pulls out of his pocket, she can't help but wonder: He is a professional...isn't he?
Author's Note:
""The Drain Cleaner"" (1,500 words) is an excerpt from the novel and it contains adult language and themes. Please keep that in mind when considering this story.
Available on .",451
Philosophy Without Women: The Birth of Sexism in Western Thought,"For most of its history, western philosophy has regarded woman as an imperfect version of man. Like so many aspects of western culture, this tradition builds on foundations laid in ancient Greece. Yet the first philosophers of antiquity were hardly agreed on first principles. Songe-Mdegller shows how the Greeks made intellectual choices that would prove fateful for half of humankind.",386
"Manual Of Graphic Techniques 1: For Architects, Graphic Designers, And Artists","Manual of Graphic Techniques 1 is the first comprehensive guide to the use of graphic presentation tools and techniques for both the beginner and the professional. Hundreds of drawings and photos, including 12 colour plates, provide step-by-step instruction for more than 120 techniques in surface, line and tone, colour media and methods, orthographic and perspective drawing: reprographic and simulation techniques; presentation and exhibition",445
Finding Mr. and Mrs. Right for an Ideal Marriage,"A well informed self-help text written by someone who knows all too well what does and does not work when searching for that perfect person. Based as much on personal experience as informative critique, this tome combines these disciplines to form an essential guide to the pursuit of a happy and healthy relationship.",318
Portraits of Chinese Women in Revolution,"Agnes Smedley, author of Daughter of Earth, worked in and wrote about China from 1928 to 1941. These 18 pieces--all out of print and most unavailable even in public libraries--are based on interviews with revolutionary women. They include descriptions of the massacre of feminists in the Canton commune, of the silk workers of Canton whose solidarity earns them the charge of lesbianism, and of Mother Tsai, a 60-year-old peasant who leads village women in smashing an opium den.",479
Rapunzel's Revenge,"Rapunzel escapes her tower-prison all on her own, only to discover a world beyond what she'd ever known before. Determined to rescue her real mother and to seek revenge on her kidnapper would-be mother, Rapunzel and her very long braids team up with Jack (of Beanstalk fame) and together they perform daring deeds and rescues all over the western landscape, eventually winning the justice they so well deserve.",410
Memories of Underdevelopment,"A blistering examination of cultural and political underdevelopment set in the Cuban revolution, this classic Cuban novel was originally published in 1965 and was promptly adapted to film. Malabre is a prosperous Havana businessman whose wife, family, and friends flee in the aftermath of the Bay of Pigs. He remains behind to confront his ambivalent feelings about the revolution and his dissatisfaction with his own life.",423
Scenes From Comus,"SCENES FROM COMUS is the new sequence of poems from Britain's most original and ferocious modern prophet, Geoffrey Hill. In the words of Rowan Williams, Archbishop of Canterbury, Hill remains for me the supreme voice of the last few decades The recent work, telegraphic, angry and unconsoled, at once assertive and self-dispossessing, is extraordinary'",352
The Perfect Ofsted English Lesson,"Designed to help bring the best out of English departments during that all-important inspection visit. Packed full of ideas, strategies and simple yet effective innovations, it is an essential tool - and not just for the inspection! With topics including assessment for learning, progress, the learning environment and planning outstanding lessons, this is the book for every English teacher's desk",398
Journey of the Heart / Song of the Dove,"Rediscover this classic romance from bestselling author DiAnn Mills. Travel along with Katie Colter as she leaves her Comanche home to join family at the white man's fort. She leaves behind Lone Eagle, the warrior she was to marry, and tries to adapt to the life of her own people, learning about their strange God and befriending Sergeant Peyton Sinclair. But Lone Eagle won't forget her, and Katie faces a hard choice. Also included is a bonus historical romance from author Peggy Darty.",489
"Dead Housewives of New Orleans (Paige Tourneur Missing Husband, #2)","Someone's killing the newly minted stars of Grandes Dames of New Orleans and reporter Paige Tourneur's on the story. A great story too, except that someone's gunning for Paige as well--someone tied to her extremely checkered past. Someone who knows way too much about her, and why she hasn't exactly come clean yet with Ryan the Perfect Man.~Amazon.com",352
Ua Mau Ke Ea: Sovereignty Endures,"This textbook takes the reader on a journey from eighteenth century Hawai'i under the rule of King Kamehameha I, through the nineteenth century of the Hawaiian Kingdom , and finally up to present day. The textbook is packed with hundreds of footnotes and references making it an essential tool for researchers and students alike. The textbook and the documentary were developed to compliment each other as teaching tools for classroom instruction at both the University level and High School.",492
The Lonely Beast,"Have you heard of the Beasts? No, not many have. That's because they are very rare. This is the tale of one such Beast, who decides to take a dangerous quest to find others like him. Trekking over mountains and swimming across seas, he comes at last to a great city. There he finds many delights but sadly no Beasts, so he returns home, where a surprise awaits him.",365
The Phantom and the Psychic,"A paranormal erotic short story
Psychic Alyssa DeAngelo travels to a castle-turned-resort in the Italian countryside to assist its owner with his ghostly problem. There, she encounters Dominicus Romano, a tormented soul who has dwelt within the castle walls for six centuries. Can she help him find peace?",305
The Lollipop Monster,"Monsters in the land of Monstoria did not get along with each other as well as they should. Just because they were bigger, large monsters were always mean to little monsters that lived in fear of being chased and bullied. This all changed when Larry the Lollipop Monster (one of the large monsters) decided to stick up for the little monsters. Join Larry as he lives with his decision and learns why doing the right thing carries both risks and rewards. Early reader-ages 5-8.",476
The Feasts and Seasons of John F. Kelly,"When John F. Kelly chose his vocation as a priest in 1928, Australia was staunchly British and Catholics were a minority, confined to the margins of professional and business life, and he was shackled by his Irish past. This remarkable priest foresaw the day that the Australian church would no longer be Irish.",311
The Refugees Arthur Conan Doyle,"The Refugees (1893) is a historical novel by British writer Sir Arthur Conan Doyle. It revolves around Amory de Catinat, a Huguenot guardsman of Louis XIV, and Amos Green, an American who comes to visit France. Major themes include Louis XIV's marriage to Madame de Maintenon, retirement from court of Madame de Montespan, the revoking of the Edict of Nantes and the subsequent emigration of the Huguenot de Catinats to America.",428
"Sermons IV (Luther's Works, #57)","This volume presents a selection of Luthers preaching between May 1531 and June 1539. In the first few years after the decisive Diet of Augsburg in 1530 and the Augsburg Confession presented there, Luther grappled with how best to teach the doctrine of justification. His sermons dealing with Christian righteousness and the proper distinction of Law and Gospel show how he formulated this theme in a way that could be understood and practiced by his hearers for generations to come.",483
Good Birders Don't Wear White: 50 Tips From North America's Top Birders,"In these 50 light and fun original essays, the biggest names in birding dispense advice to birders of every level, on topics ranging from feeding birds and cleaning binoculars to pishing and pelagic birding. Whether satirizing bird snobs or relating the traditions and taboos of the birding culture, each essay is as chock-full of helpful information as it is entertaining.",373
Before You Do: Making Great Decisions That You Won't Regret,"Veteran preacher T. D. Jakes knows that the key to lasting happiness is being free from painful regrets about past decisions. In Before You Do, the author of Reposition Yourselfteaches readers to restructure their lives to build and sustain relationships with the people most important to them. An inspiring how-to book from one of America's most charismatic spiritual leaders.",377
Saxton: The Brotherhood,"The Brotherhood of the Sane has created a horrific new creature formed from the genetic code of aliens and humans. Their goal: unleash an army of them on an unsuspecting world. But first they need to capture a god and his girlfriend, and do away with a certain Valkyrie. If they succeed, the Brotherhood will hold the ultimate power on Earth.
There's just one problem and its name is Wilford Saxton.",399
"Skippyjon Jones in the Doghouse (Skippyjon Jones, #2)","For another loco adventure. In his room for a time-out, Skippyjon Jones lets his imagination take him to a shack where his Chihuahua friends are yipping and yapping and hiding out from the bad Bobble-ito, who has taken over their doghouse. How El Skippito chills the Chihuahuas and banishes the Bobble-ito will make more amigos for this endearing and irresistible rascal, who made his first appearance in the favorite Skippyjon Jones.",434
"Squidge: Little Elf, Big Trouble","Who ever heard of an elf saving Christmas?
Squidge is a little elf who wants to do what the bigger elves do. When he takes matters into his own hands and causes a disaster in Santa's workshop, Squidge runs away... and ends up going further than he would ever have dreamt. Can such a little elf save Santa and Christmas?",319
"Emma Frost, Vol. 2: Mind Games","Explore the younger days of the X-Men's most controversial member, collected in a convenient digest size! Finally free from her overbearing father, Emma Frost is on her own for the very first time. She's found love - but she's also found trouble, as her new boyfriend is in deep with the Boston mob! As Emma learns more creative ways of using her newfound telepathic abilities, will it be enough to help her escape the grasp of the criminal underworld?",452
"The World of The Jinn & Devils (Islamic Creed Series, #3)","A closer look into the making and workings of the Jinn and Devils. It answers many of our questions as to what they eat, whether or not they marry and where they reside. It points out the goals, means and plots of Satan against the Human. It includes contemporary issues such as UFO's, channeling and seances.",309
The Old Forest and Other Stories,"From the grand master of the American short story, these fourteen tales of domestic life in the South during the thirties and forties explore that extraordinary world of manners, expectations and unspoken understanding. The reader is drawn as if by magnetic force into a world rendered in breathtaking, painterly detail. These stories are marvelous entertainments, rich with amusement, yet Taylor renders his characters truly and understands them in a profoundly meaningful way.",478
The Crooked Straight,"A mysterious series of factory and warehouse fires was creating havoc, and the police did not appear to be getting on the track. So the Globe newspaper hired private eye Nat Craig to see what he could discover.
Craig's investigations lead him to suspect arson as part of an insurance fraud, but when two young women are found brutally murdered he soon realises that the arson and murders may be connected.
But who is the mastermind behind it all?",446
Letters from a Distant Shore,"Tragedy shattered Marie Lawson Fiala's life as wife, mother and lawyer when her 13-year old son, Jeremy, was felled by a massive hemorrhage from a ruptured artery deep in his brain. Within an hour, Jeremy was in a coma, sustained only by machines. This memoir of a mother's ferocious care, devastating loss and prayerful transcendence focuses on bringing her son back from the edge. The suspense is relentless and the author's observations as sharp as a scalpel.",462
Tim and Pete,"The author of the cult favorites Adrenaline and Boy Wonder presents a subversively satiric novel of gay love and bad behavior. In an energetis account of 24 hours in the lives of ex-boyfriends Tim and Pete, readers are taken across the hyperrealist landscape of contemporary L.A. and introduced to a bizarre circus of players.",326
"Voltage (The X-Files: Middle Grade, #8)","Acts of nature'or acts of revenge? When Agents Mulder and Scully are sent to investigate the freak lightning storms killing off residents in a small Oklahoma town, they uncover a jolting pattern. All of the electrified victims also happen to be enemies of a man named Darren Oswald. Now Scully and Mulder have to find a way to defuse Darren'before he strikes again.",365
Horrible Harry and the Triple Revenge,"Horrible Harry has caused a lot of trouble at school before, but he's never caused trouble like this. When Sid ruins an origami animal Song Lee made, Harry defends her by declaring triple revenge! No one knows when, where, or how, but Harry is going to get Sid back. Will it be on pajama day, when the kids wear their nightclothes to school? Will it happen in Room 3B? Or will Harry's ultimate revenge mean Sid is the only one not invited to Harry's ninth birthday party?",471
The Positively Last Performance,"The Royal Theatre has seen better days. But then so have the ghosts who live there. Newly arrived in her favourite seaside town and its beautiful theatre, Gracie is quickly making friends. But the old theatre is under threat. Will Gracie and the residents be able to save their home, or is the curtain set to fall on their very last performance?",345
"Love Finds You in Victory Heights, Washington","After losing her fiance in the war, Rosalie throws herself into her riveting work at the local Boeing plant. When a handsome reporter dubs her ""Seattle's Own Rosie the Riveter,"" she finds herself a reluctant national hero. Fear of a second heartbreak is a powerful opponent...but will it claim victory over love?",312
"Welcome to Hell (Mel Goes to Hell, #1)","""Good morning. Welcome to HELL.""
Mel hates job interviews - and this one's shaping up to be the interview from Hell.
From the grumpy receptionist to the disturbingly demonic interview panel and the sleazy CEO, it seems landing her first job is the least of Mel's worries.
Can she make it out of the office alive without selling her soul?",337
False Intimacy: Understanding the Struggle of Sexual Addiction,"With frank honesty, False Intimacy offers realistic direction to those whose lives or ministries have been impacted by sexual addiction while examining the roots behind these behaviors.
This compelling book examines different aspects of sexual addiction, including shame, purity,and forgiveness, while exploring one's true identity and God-given sexuality.",356
My Mates? (Seriously? #7),"I'm ordinary, plain, and thanks to my ex-boyfriend, I now know that I'm damn boring as well. I never really aspired to a quiet life, but somehow that's the way it worked out.
So when I'm rescued from a house fire by two creatures that were definitely not human, can you really blame me for wanting to know more? Of course, the last thing I'm expecting is to discover those creatures might actually be two of my closest friends...",429
Fighting for Birds: 25 Years in Nature Conservation,"A personal, philosophical and political history of 25 years of bird conservation, this book provides an instructive and amusing read for all those who would like a glimpse into the birds and wildlife conservation world - what the issues are, what must be done, how it can be done, and the challenges, highs and lows involved.",325
Deadpool (2016-) #1,"He's annoying. He's dangerous. He smells terrible. But the public loves him. That's right- the Merc with the Mouth may make money for missions of murky morality...but he's become the most popular hero in the world for it. Eat that, Spidey! The world belongs to Deadpool. The fan favorite team of Gerry Duggan and Mike Hawthorne return to bring Deadpool into his most successful adventures yet!",393
"Ah, Those Irish Colleens!: Heroic Women of Ireland","While women in modern Western society have spent the last century fighting for equal rights, women in ancient Ireland were accorded legal equality with men. Under the Brehon Laws women had the right to own property, rule territories, seek an education, and sue for divorce. Celtic women were also warriors, frequently taking up arms and marching into battle with their brothers and husbands.",391
Harry Potter and the Nightmares of Futures Past,"Fandom: Harry Potter
--------------------------------------------------
The war is over. Too bad no one is left to celebrate. Harry makes a desperate plan to go back in time, even though it means returning Voldemort to life. Now an 11 year old Harry with 30 year old memories is starting Hogwarts. Can he get it right?",318
The Rings of Haven (The Frontiers Saga #2),"A ship stranded halfway across the galaxy. A difficult and lengthy journey home. A homeworld in urgent need of their return. And now they are running out of food.
The crew of the Aurora must now trust their new allies in order to survive. But their situation may be far more serious than they imagined. And their actions could have repercussions across the galaxy.
Their journey home may just have gotten slightly more complicated.
(c)2013 Tantor Audio",452
Piers Plowman: An Alliterative Verse Translation,"""Cesseth!' seide the Kyng, "" I suffre yow no lenger. Ye shul saughtne, forsothe, and serve me bothe. Kis hire,' quod the Kyng, ""Conscience, I hote!' ""Nay, by Crist!' quod Conscience,"" congeye me rather! But Reson rede me therto, rather wol I deye.
A translation of the 14th century poem, which offers a picture of society in the late Middle Ages on the threshold of the early modern world. The translator of this work was a founding editor of ""The Norton Anthology of English Literature"".",488
How Eskimos Keep Their Babies Warm: And Other Adventures in Parenting,"For any parent weary of the so-called 'expert advice' peddled in books and on TV, this refreshing read lifts the lid on how other cultures parent their children, with some interesting, and surprising, insights. Mei-Ling Hopgood explores how parents in other countries approach such issues as bedtime, potty training and playtime squabbles and offers new perspectives on how to do things.",387
Everything to Spend the Night: From A to Z,Grandpa! Grandpa! Come and see the things I brought for you and me--I packed my bag. I filled it tight with ... Everything to Spend the Night! What's in the overnight bag? Find out in this lively alphabet book that captures all the delights of spending a night away from home--nonstop fun from A to Z!,301
The Archangel Michael (Sanctioned Mate #1),"""Male and Female, created He them..."" Genesis 5:2 When God created the heavens and earth, He gave all of creation a mate. To the man, He gave the woman To the stallion, the filly To the bull, He gave the cow To the alpha, the dam To the tom, He gave the molly To the cock, the hen To the drone, He gave the queen To the stamen, the pistil Every living creature was given a mate...except the angels! Or were they? Ask His Chief Archangel and Most Powerful Emissary... ...MICHAEL",477
The Synthesis of Yoga,"""Truth of philosophy is of a merely theoretical value unless it can be lived, and we have therefore tried in The Synthesis of Yoga to arrive at a synthetical view of the principles and methods of the various lines of spiritual self-discipline and the way in which they can lead to an integral divine life in the human existence."" Index.",336
Princess Handbook,The perfect handbook for anyone who dreams of being a princess. Do you know how to tell if a prince has put a pea under your mattress? Do you know when and how to wear your tiara? Have you any idea how to behave at banquets or how to perfect your princess wave? This book will give you all these answers and more. Read The Princess Handbook to see if you've got what it takes to be a true princess (and pick up top-secret prince-catching tips along the way).,458
Your Life as a Cabin Boy on a Pirate Ship,You just tried out for the school play. Who wants the lead part more than anyone? YOU! Imagine stealing piles of jewels and gold coins. Living without rules. Wearing a metal hook and having a parrot as a pet. But be careful what you wish for. That might not be the way it was for a cabin boy on a pirate ship ...,312
Asinaria: The One about the Asses,"'Asinaria' reveals the play as a key to Roman social relations centered on many kinds of slavery: to sex, money, and family structure; to masculinity and social standing; to senility and partying; and to jokes, lies, and idiocy. This work includes comprehensive commentary, useful indexes, and a pronunciation guide.",316
If Death Ever Slept: A Nero Wolfe Mystery,"With Nero Wolfe on the job, you'd think murderers would take caution. But even the master detective can't stop a killing, especially if it's an inside job -- right under the roof of his client, millionaire Otis Jarrell.
What's more, it's Jarrell's own missing revolver that the killer uses. Wolfe must find the truth behind the scandals in Jarrell's ill-behaved family. One of its members sleeps the fitful sleep of the guilty, and Wolfe's getting dead-tired of murder.",469
"Stand by Your Hitman (Bombay Assassins, #3)","Missi Bombay invents things - fatal flowers, Jell-O bullets, and other ways to kill a target without leaving any kind of evidence. Unfortunately she can't invent a lovelife. Soon her Mum has packed her off to Costa Rica for a wild reality show where she's paired with Lex. Too bad she also has to scope out a potential victim.",326
Marie Curie: Prize-Winning Scientist,"When most women were not even attending college, Marie Curie earned degrees in physics and mathematics. When she began studying rocks, she soon discovered elements that gave off an invisible energy called radioactivity. Because of her amazing discoveries, in 1903 Marie Curie became the first woman to receive a Nobel Prize for Physics. Today, she is remembered as one of the most important scientists of all time.",414
"Stuck on Murder (A Decoupage Mystery, #1)","In the small New England town of Morse Point, Brenna Miller glosses over her painful past by watching her decoupage students create eye-catching projects out of cutouts, glue, and varnish. But when the mayor's body is found stuffed in a trunk at Morse Point Lake, it's up to Brenna to clear her enigmatic landlord's name of murder-before his fate is signed, sealed and delivered.",379
Bikes For Rent,"Every time Lateef passes by the bicycle stall in his village, he sighs, ""I wish I could rent a bike"". So he works very hard, collecting firewood and mushrooms in the rain forest and selling them in the village market. He saves his money in a clay pot, and finally he has enough to rent a bike! But is he really ready to ride? Set in western Nigeria, this sunny tale portrays the zigs and zags -- as well as the bumps and thumps -- of an occasionally irresponsible but always irresistible bike lover.",499
A Runaway Star,"When Gracila turned up her exquisite face to gaze at Lord Damien, he said in a trembling voice:
''For God's sake, do not look at me like that... you who are so pure, so perfect, so innocent. Now when I see you, I know that I must go away. Go away!''
She echoed: ''But I do not understand.''
''I cannot meet you anymore. It is wrong for you, and hell for me.''
Gracila longed to cradle his head in her arms. ''You have suffered,'' she murmured, ''but perhaps I can make you happy.''",481
U2: Changing the World Through Rock 'n' Roll,"In 1976 a ragtag group of teenagers came together to form a band. They couldn't sing or play well, but they believed in themselves. Hard work and a positive attitude transformed them into U2, one of the greatest bands of all time. Follow the group on their epic journey to stardom. Primary source quotes, sidebars, and vivid photos help put this legendary band in the spotlight.",378
Visitors to Ancient America: The Evidence for European and Asian Presence in America Prior to Columbus,"Many discoveries in American anthropology and archaeology, from the late seventeenth century to the present, point to the conclusion that America was visited by Europeans and Asians well before the time of Christopher Columbus. This work examines the evidence for ancient visitors to the area that became the United States.",323
Has Anyone Seen Jessica Jenkins?,"Jessica Jenkins is missing...
Jessica Jenkins has always thought she was a perfectly ordinary girl, until the day that part of her arm vanishes in the middle of a Geography lesson! Her best friend Izzy is determined to help Jessica realise what a great opportunity the power to turn invisible could be, but where has her new ability come from? Does this mean she's a superhero? And, when her friends are threatened, can Jessica use her superpower to help?",455
A New Life,"Librarian Note: this is an alternate cover edition for ASIN: B007B02V18.
Imagine you're accused of murder - but you're innocent.
Imagine you've finally been acquitted due to lack of evidence - but you've lost your job and your friends in the meantime.
Imagine you have to start a new life in Italy - but you don't even speak Italian.
Imagine your new boss seems to hate you - but for some reason, he bowls you over.
And then, just as life seems to become good again, history repeats itself . . .",495
Arthur and the Great Detective,"Who has stolen a valuable manuscript from Gilbert and Sullivan aboard the S.S. Murgatroyd? Could it be the half-crazed Duchess of Cricklewood, Scarlet 'Orace, he Tattooed Steward or the Singing Lifeboat?
Arthur, the intrepid schoolboy detective, joins forces with Sherlock Holmes and DR Watson to solve one of the most bafflingly odd crimes that ever took place.",362
Under the Western Sky,"It's small town Nebraska in the late 1970's and life in the small Midwestern town is quiet and uneventful. That's what Libby Marshall and Bobby Menedez think until Bobby's cousin, Ramon is beaten by a group of white boys because he is dating a white girl. Libby and Bobby realize that their relationship might make them targets, but they believe their love is stronger than hate. But is it? Something quite evil lies hidden Under the Western Sky.",446
Prelude to a Life,"""A thought can kill the spirit as surely as a bullet can kill the body."" - Ana Garrett.
Book two in a dramatic serial about a woman whose life takes a curious turn after she is discovered naked and covered with mud in a marsh outside of Paris, France, and declared dead.
(Book One: Diary of a Short Life. Book Three: Prelude to a Life.))",337
"Love, Knuckles and Melody Genesis","High school outcast Cord has it bad for campus cutie, Melody. Only problem is, a fierce bully has claimed her as his own. Suddenly Cord finds himself navigating treacherous waters as he attempts getting close to Melody while avoiding being pummeled by her bogus boyfriend. Odds are firmly stacked against.
*READ NOW*
",318
Toast to Counting,"A family fun book that uses food to provide interaction among parents and children
There are lots of ways to make a friend. What better way than by making toast? From the award-winning Toast to Baby series, this board book boasts vibrant images of kiln-formed glass that look good enough to eat and introduces sequencing, counting, and creativity in an innovative way.",368
"Women's Herbs, Women's Health","This is a reliable, easy-to-understand reference that will increase a woman's understanding of her body and empower her to choose a treatment that supports the natural healing process. The book provides complete information on using both Western and Chinese herbs from two acclaimed practising herbalists.",305
"Tusk The Mighty Mammoth (Beast Quest, #17)","Step into the Dark Realm--but beware Tusk's razor sharp namesakes!
Tusk the Mighty Mammoth rules the rotting forests of Gorgonia with razor sharp tusks. She terrorizes the rebels at war with the evil wizard Malvel and is holding Ferno the Fire Dragon captive. Can Tom and Elenna defeat Tusk before Malvel's guards track them down?",330
Mystic Or Mistake Exploring Filipino Mysticism in Quiapo,"It is the intent of this publication to share with you the experiences and interpretations of meanings of the Quiapo pilgrims and devotees as scrutinized by Dr. Obusan. The devotees and pilgrims shared personal insights to the researchers who in turn analyzed, reflected and interpreted their experiences in the light of ongoing search for Filipino spirituality and the ""mystical"" in the spiritual world of Quiapo.",414
How We Perform Negative Miracles,Every day of our lives we witness amazing things. Some events we perceive as enjoyable and others as simply annoying! All events are recorded but our unconscious feeling and our conscious thought often interpret things differently. How we Perform Negative Miracles is all about helping people to realise that we have a big say in creating the life we experience. We can actually produce our own positive miracles and it is so simple! This concise booklet gives you valuable insight into how.,491
Welcome to Harmony,"Being a kid is already hard enough. Being a werewolf makes it even more difficult. Dillon Howell and his parents have just moved to Harmony, a small town in Northern California. Like all kids, he just wants to fit in and make friends -- while keeping his ""condition"" a secret, of course. But Dillon is about to find out he isn't the only person in town who isn't what he appears to be. Welcome to Harmony, Dillon Howell. Your life is about to change forever.",458
The Story Of The Pony Express,"Clear the track and let the pony come through!
The thousands of men and women who went to California for the Gold Rush were starved for news from home. But a letter took three or four months to get to them. So it was decided to create the Pony Express--young men riding at breakneck speed from Missouri to Sacramento. Join these daring young pony riders as they brave mountains, deserts, mud, blizzards and hgostile Indians to deliver the mail in just 10 days!",460
The Gay Slayer: The Life of Serial Killer Colin Ireland,"When it comes to serial killers in England, there are few as brutal as Colin Ireland. Known as ""The Gay Slayer,"" Ireland preyed on homosexual men who were into sadomasochism--so when he began to restrain them, they thought it was just a game. With page-turning suspense, this book examines the motives and tactics of the man some said was one of the most organized serial killers who ever lived.",395
Welcome To Hell: An Anthology Of Western Weirdness,"Take a journey into the darkest realms of the Old West with some of today's best-known horror authors and some rising newcomers. Edited by Eric S. Brown (The War of the Worlds plus Blood, Guts and Zombies, Bigfoot War), this collection offers a mash-up of terror, the supernatural and six-guns. Fans of Clint Eastwood's Man with No Name, the work of Joe Lansdale and readers of Jonah Hex comics will devour these new tales.",423
GeNext: United,"The newest generation of X-Men returns In a world where the years passed in real-time for the X-Men since their foundation, the newest crop of students at Xavier's are the children and grandchildren of the heroes we know. But with all the trouble Becka Monroe, Pavel Rasputin, Olivier Raven and company got into last time, they're not sure they want to go back to school. With Professor Henry ""Beast"" McCoy watching over them, GeNEXT is striking out on their own Collects GeNext: United #1-5.",492
"The Betrayal (At the House of the Magician, #3)","In this follow-up to By Royal Command, Lucy is asked to continue her work on behalf of Queen Elizabeth I. But will her romance with Tomas, the queen's fool, get in the way?
There's also Mistress Juliette, the mysterious new lady-in-waiting. Could she be a threat to the queen? Or is Lucy simply jealous of the attention that Tomas is paying her?
A thrilling and romantic historical novel that will give all teenage readers an accurate sense of the Elizabethan period.",467
Weapons and Equipment of the SAS,"-- Comprehensive guide to SAS weapons and equipment
-- Fully illustrated, with nearly 150 photographs
-- Technical specifications and details of combat performanceThe Special Air Service is Britain's elite fighting force, undertaking a wide variety of missions. This fully illustrated guide presents the vast array of weapons and equipment it requires for all possible circumstances, and describes how they are used on operations.",430
Discover Cats: Level 2 Reader,"Discover Reading Early Reader Meow!
Read all about cats in this Discover Reading Beginning Reader. Does your child love cats and kittens? This super cute nonfiction reader features adorable photos of cats and kittens paired with manageable sentences for kindergarten, first, and second-grade kids beginning to read fluently.
Discover Reading titles feature short sentences, word lists, and questions at the end of each book to further the learning process.",456
Kowloon: Unknown Territory,"What do ""Deep water pier"", ""Nine dragons city"" and ""Mandarin's lake"" have in common with ""Wong Tai Sin"", the name of a Taoist deity?
They're all districts in Kowloon.
This book is an exploration of what is often seen as Hong Kong's shadow-side, from the viewpoints of community, consumerism, art, food, fashion and sex - 15 years after the handover.
Scores of colour photographs bring the peninsula to the reader in a salute to street culture and the ordinary and extraordinary people of Kowloon.",496
My Bilingual Book–Taste,"Ideal for helping preschool-age children discover a foreign language, this playful and educational series of bilingual books combines rhyming text with colorful illustrations. Each page spread includes the text in both English and the second language in clear, bold print. Suitable for children on their own or in groups, these books are an entertaining way for children to build their language skills.
The tongue is the focus of this bilingual book about the sense of taste.",475
The Book of Kellyisms: A Coach's Playbook for Life,"With over seventeen years of experience as a personal trainer and as a master trainer at a major fitness chain, Robert ""Bob"" Kelly brings his experience that combines his own personal trials and tribulations with over twenty-four years experience as a high school teacher and coach.
In his new book, The Book of Kellyisms, Bob shares his story of struggle and success, flavored with the many ""Kellyisms"" shared by his father and many others.",441
La Verdadera Historia De Malinche,"A woman who played an active and powerful role in the Spanish conquest of Mexico, Malinche was an interpreter, advisor, and intermediary for Hernan Cortes. She was also a mistress to Cortes and gave birth to his first son Martin Cortes. It through the letters from mother to son, that the author constructs this vivid tale about the woman behind the myth.",355
"Unsold TV Pilots: The Almost Complete Guide to Everything You Never Saw on TV, 1955-1990","For everyone who has ever laughed at the television industry's knack for dreaming up wacky ideas, here is the ultimate TV reference guide. It's all here--from Groucho Marx playing billionaire J. Paul Greedy to Norman Lear's ""McGurk"", in which actors dressed in dog suits barked one-liners at each other. Includes over 300 annotated listings and a complete index of actors, writiers, directors, producers, and pilots.",416
The Adventures of Captain Wrungel,"One of the BESTest children's books ever. I was fortunate to read this when India still got books from Russia/then USSR, because USSR then had the BEST science/maths oriented books - unlike a free market economy where everything caters to the lowest common denominator.
Also, as they say, some of the best art comes from pain and trouble, and we got to enjoy the art without the pain :-).",388
"Brent (Shibari Auction House, #9)","Six months ago, Joel auctioned himself off to the highest bidder for a no holds barred subbing contract. Intrigued, Brent bought the contract and the two began a magical journey of discovery together. Now that the contract is almost up, will Brent and Joel go their separate ways? Or have they found something together that is far more than either of them could have hoped for?",377
Murder on Usher's Planet,"Just as the planet of Sharde was about to join the Empire, a letter was stolen--a purloined piece of perilous purple prose that could wreak havoc in the known Universe if it fell into the wrong tentacles.
When Gwen and Garamond Gray, intergalactic sleuths, were retained to get it back, the trail led to the castle of the erratic admirer of an ancient Earth author named Poe. A castle, like its inspiration, wondrously strange...and strangely murderous...",455
"Battered Dreams and Nightmares (Dreams and Nightmares, #2)","Steter AU
Set straight after Living Dreams and Nightmares. Stiles and Peter have arrived in Wolf Creek and are starting their new life together, it's a nice small town, and Stiles hopes everything is going to be fine, after all what could possibly go wrong?
Begins Beginning of November of Stiles' Junior year.
Words:97717 complete",331
"Christmas Shopping for a Billionaire (Shopping for a Billionaire, #5)","USA TODAY BESTSELLER! When Shannon is called to the mall to work as a sexy elf, her billionaire boyfriend, Declan, gets roped into playing Santa. The mall mommies start tweeting pictures, and soon everyone is crashing the mall to have a seat on Santa's lap.
**This rom com short story (67 pages) comes after Shopping for a Billionaire 4 in my Shopping series, but it can be read as a fun standalone as well!**",409
Cloudette,"Sometimes being small can have its advantages. If you're a little cloud like Cloudette, people call you cute nicknames, and you can always find a good spot to watch the fireworks. But what about when you want to do something big, like help a giant garden grow, or make a brook babble?
This charming book gets at the heart of what it means to make a difference no matter your size. Young children will find much to relate to in Cloudetteas they follow her on her pursuit for greatness.",484
Darkness: The Power Of Illumination,"From the teachings of Ehekateotl, one of the last great living medicine men from the Aztec Tetzkatlipoka Tradition of Darkness, Shaahin Cheyene extracts and reveals a practical philosophy known as The Law of Opposites. It teaches that all answers are found in balancing life s opposing extremes through a discipline whose primary principle is, as Cheyene writes: The Dogma of No Dogma.",385
What's He Really Thinking?,"""What's He Really Thinking?"" is not your typical, boring relationship book. It's straightforward yet humorous girlfriend to girlfriend talk about the ten types of cheating husbands and their secret confessions. It also includes great girly advice, hot relationship tips and inspirational stories. This funny, light hearted book will leave everyone feeling good and empowered!",375
The Romance Of The Unicorn,"In this collection of sf, fantasy, and myth, the Three Fates are down to only One Fate, and does She need some help! A man-eating ogress wins her prince through her fine culinary skills. A theater professor travels back in time to find Shakespeare was just a ""spear-carrier."" A singer curses a city of fairies for their murderous xenophobia and geneticists and shamans pool their talents to make a demi-goddess to save the dying environment.
Available in paperback at Amazon.",475
African Animals,"Meet these aniaml favorites!In clear text and stunning full-color photographs, an award-winning author introduces Africa's most fascinating animals to young readers. From the lions, meerkats, and zebras of the grasslands to the gorillas and leopards of the forests to such desert dwellers as the camel, the beauty of each animal in its native environment is captured. A breathtaking look at Africa's amazing variety of wildlife.",428
The Plant That Ate Dirty Socks Gets a Girlfriend,"Michael and Norman's unusual plants, Stanley and Fluffy, are on display at a rare plant auction, and the plants are doing some looking around for themselves. When they meet up with a real beauty of a plant called Curly Temple, it's love at first sight. Curly is a devilish little plant who's ready for fun and excitement.",321
Emma: A Latter-Day Tale,"Emma's her name and matchmaking is her game! Quirky life coach Emma wants to help her first-ever client, a lonely nanny named Harriet. But all of her attempts at matchmaking result only in embarrassing miscues and blunders, leaving the pair disheartened and confused. This modern take on the Jane Austen classic shows that sometimes the greatest match is the one we make for ourselves.",385
Duty and Pleasure,"Pressures from work have kept Nathan from seeing his girlfriend the last two weeks, and he knows she's not pleased. When he finds her in his office wearing a smirk and little else, he can only hope she's there to show him the error of his ways.
Shauna understands that Nathan's job is important to him, but so is she. She hopes a private session in his office will remind him of the passion they share. There's more to life than duty...there's pleasure.
Be Warned: light BDSM",475
"Hue and Cry (Hew Cullan Mystery, #1)","1579, St. Andrews. A thirteen-year old boy meets his death on the streets of the university city of St. Andrews and suspicion falls upon one of the regents at the university, Nicholas Colp. Hew Cullan, a young lawyer recently returned home from Paris, uncovers a complex tale of passion and duplicity, of sexual desire in tension with the repressive atmosphere of the Protestant Kirk and the austerity of the academic cloister.",427
Sylvia Plath: An Introduction to the Poetry,"In this lively and accessible introduction to Sylvia Plath's writing, Bassnett offers a balanced view of one of the finest modern poets. Bassnett argues that there can never be any definitive version of the Plath story, but from close reading of the texts she left behind, readers can discover the excitement of her diverse work. The second edition includes three new chapters and ends with a reading of Ted Hughes' Birthday Letters.",433
Seasoning Cast Iron,"This book cuts through common misinformation and conflicting recommendations, and shows how to properly season your cast iron pans.
This common sense method will produce a durable finish that is quite non-stick, can be used with metal utensils, can stand high heat, and can be washed with soap and water.",304
Who Really Owns Your Gold: How the Jesuits Use Gold Economics to Control Humanity,"First published in 2010, the third edition of Who Really Owns Your Gold: How The Jesuits Use Gold Economics To Control Humanity provides updated information on how the Jesuits manipulate and control geoeconomics, and use celestiophysics to ultimately control all human beings on earth. Who Really Owns Your Gold also contains 100 excellent references--books, journal and magazine articles, etc.--for would-be researchers to use as a springboard for further work.",462
Butterfly in the Wind,"From early in her life, Kamla is surprised by a contrary inner voice which frequently gainsays the wisdom of her elders and betters. But Kamla is growing up in a traditional Hindu community and attending schools in colonial Trinidad where rote learning is still the order of the day. She learns that this voice creates nothing but trouble and silences it. In this book, the voice is freed.",389
The Jurors Who Knew Too Much,"Sixty-somethings Lorna and Ike are jurors in a murder trial. They soon find they like each other and begin hanging out together in the courthouse. When they realize they may have some inside information on the crime the defendant is accused of committing, they're suddenly faced with a difficult choice of what to do - and that decision could make for some serious trouble for everyone involved. A short story.",410
Doctor Who: When's the Doctor?,"If you enjoyed tracking the Doctor through his alien adventures in Where's the Doctor?, you'll love hunting him and his friends down as he travels through time. Can you spot the Doctor, Rory, Amy, and the TARDIS in Ancient Rome, Victorian London, and the far future? With loads to find, these incredibly detailed images will keep you searching for hours!",354
Mocha with Max,"Brimming with personal stories and insights for life, reading ""Mocha with Max"" is like sitting down for a delicious cup of coffee with a special friend. This warm collection of inspirational thoughts from the writings of Max Lucado advise us to open our hearts to the joy and laughter in life. Designed with unique full-color imagery, ""Mocha with Max"" assures us that even on the days that bring pain and tears, anxiety and stress, God's love can fill our world with hope.",472
Eliza Boom's Diary: My Fizz-tastic Investigation,"Junior spy/inventor extraordinaire, Eliza Boom, is back with a BLAST (well, more of a FIZZ actually), as she finds herself on a fizz-tastic adventure to reveal the truth about her suspicious next-door neighbour, Mary Spoon and her mysterious, humming, 'fizz-buzzing' house. Will Eliza's inventing super-skills have enough fizz to save the day? Stuffed with silliness and mayhem, doodles and disasters - this book is perfect for engaging young readers.",451
A Silver Thread of Madness,"Enter the exotic, violent, macabre world of acclaimed author Jessica Amanda Salmonson. A world where all reality hangs by... A Silver Thread of Madness.
Where a half-witted genius, abandoned at birth, searches for his past identity and collides with his terrifying destiny.
Where a young girl's ultimate obsession for samurai movies becomes the ultimate ticket to death.
And where demons dance with saints, while sanity falls prey to a woman's sword....",453
Mating Moons,"Teen Wolf
Sterek
Stiles just wanted to get Derek's attention. Derek had seemed so distracted as the full moon approached and Stiles was feeling pretty neglected as a friend. Next thing he knows, he's magically bound to a cabin in the mountains with Derek all winter long and they have to figure out whether they want to be life mates?",334
France since 1789,"Preface to the Revised Edition
Preface
The French Revolution
The Empire of France
The Constitutional Monarchies
Revolution, Republic & Empire
The Advent of the Third Republic
The Trials of the Republic
The Republic of the Radicals
The Great War
The Postwar Republic
The Republic in Doubt
Defeat & Revival of the Republic
The Fourth Republic
The Fifth Republic
Map Appendix
Selected Bibliography
Index",400
Pinning the Bird to the Wall,"Poetry. ""Devon Miller-Duggan's first book doesn't feel like a first book: the poems exhibit the range, depth and control of a mature poet""--Fleda Brown. These poems are about childhood and raising children, about painting and sewing--and about destruction, about the sea in calm and the sea in storm. Jeanne Murray Walker says that this poetic news of life might be delivered intimately, by ""a friend, chatting over the backyard fence.""",436
Promise in a Kiss,"At the age of ten, Darren promised he would love his friend Adam forever and that they would someday marry, and sealed the promise with a kiss. One month later, his friend was gone, and their promise lost to the passage of time.
Years later, Darren can't forget that long ago promise, and at the urging of a friend, decides to take a chance and track down the boy he once loved ...",381
Unleash #1 (Unleash 1 of 4),"""Soon to be a feature film! Assaut survivor Emmie wants to change the world by creating her own superhero persona. Unfortunately her plans are limited, as being a hero takes more than a costume. In a strange twist of fate, Emmie forms an agreement with the most unlikely crime-fighting partner you could imagine. Now she can lay her own brand of twisted justice down on sexual predators.""
(summary from amigocomics.com)",419
"Cutlass and Musket, Tales of Piratical Skullduggery","Arrgh, you scallywags. Rip open these pages to find yerself lost in the world of pirates and their misdeeds. Join them as they travel to misty islands of fortune, sail the seven seas for mysterious items, kill those that betrayed them, and lay siege to monasteries. This collection of new work brings you 18 short stories and a new novella by M.S. Gardner. But beware...if ye escape Davy Jones' Locker, ye may still face the plank.",431
"The Italian Wars 1494-1559: War, State and Society in Early Modern Europe","The Italian Wars of 1494-1559, in which France and Spain battled for control of the Italian peninsula, had a major impact on the whole of Renaissance Europe. This important text combines analysis of developments in military strategy and the tactical use of firearms with consideration of the social and economic context and the reactions of Italians of all social classes to the social and cultural changes wrought by the wars.",427
Pretty Wild,"In the most honest diary about men, women and sex you'll ever read, Anvar Khan tackles the subjects that dare not speak their names at polite West End dinner parties. Pretty Wild is the real deal - girl talk with no-holds-barred, charting love and relationships, sexual encounters, desires and fetishes and it's the most realistic examination ever of what people have in their heads and then do in their beds.",409
Who Murdered The Ghost (#1),"Murderers Beware! Hazel Cartbell and Chief Kenneth Rasmussen are on the case.
When the police are flooded with reports of ghost sightings at Old Center Cemetery, Hazel and her superior officer, Chief Rasmussen, discover a corpse in Old Center Cemetery.
They must identify the body and sift through the clues before they can bring a killer to justice.
If only they can discourage the townspeople's help.",402
A Miracle for His Secret Son,"Freya and Gus shared a perfect summer--until Gus left town for a future that couldn't include Freya.... Now, twelve years on, Freya has a shocking revelation for Gus: they have a son, Nick, who needs a new kidney--a gift only his father can provide.Gus is taken aback, but vows to help Nick. And despite everything, the connection between Gus and Freya is still strong. Can they make a life together and give Nick another miracle...a family?",441
My Girlfriend's Girlfriend,"Carl and Angie have an open relationship, and most of the time they don't get involved with one-another's sexual dalliances. When Angie needs help disciplining her misbehaving girlfriend, can Carl possibly let the opportunity pass him by?
This 3000 word bisexual bdsm story contains scenes of rough sex, lesbian sex, a mff threesome, bondage, discipline, voyeurism, and masturbation.",383
"From Entrepreneur to Infopreneur: Make Money with Books, E-Books, and Information Products","Infopreneurs sell valuable information online in the form of books, e-books, special reports, audio and video products, seminars, and other media. This definitive guide will show how to master the tools and tactics of the most successful infopreneurs, so you can succeed at producing, marketing, selling, and automating delivery of information products online. This guide comes complete with interviews of successful infopreneurs.",430
Memoirs of Dying Man,"Kevin had every intention of righting his wrongs over time, but when diagnosed with pancreatic cancer the same week as the 'Great Recession' stole his job, Kevin then began the trek to his hometown, where his three estranged children are not expecting his return. In Memoirs of Dying Man, sit shotgun as Kevin traverses the muddy waters of his past and contemplates how he wishes to leave his mark with his last breaths.",420
Wedding Cakes: Exciting Designs with Full Step-By-Step Instructions,"14 elegant confections, from a traditional three-tiered stunner topped with a happy bride and groom to a whimsical pair of his-and-hers top hat and picture hat cakes. Complete instructions are given for more than 20 different decorating techniques, including making lace, embroidery, extension work, ribbon insertion, and creating a whole garden full of flowers. 80 pages (all in color), 8 1/2 x 11.",399
Dogs Love Halloween Too,"Did you know that dogs love Halloween too? Discover now, what ""Buttons"" and the gang get up to at Halloween time. From collecting candy, watching scary movies to playing pranks on the local cats, its a fun time for dogs. With cute dogs dressed up in their favorite costumes and a fun Halloween poem, this is a book that all dogs lovers will treasure this Halloween time.",370
Trudy,"When Esme meets Trudy at the county auction, she knows there's something really special about her.
""She's quite a goat!""
But she doesn't know how special, until she takes her home: Trudy can predict the weather. Esme's goat becomes a local superstar!
""Heard you've got quite a goat!""
But one day, Trudy disappears inside her barn and doesn't come back out.
What's wrong with Trudy?
Esme is very worried. But she soon discovers that Trudy has something even more special in store. . . .",485
Fear Of Fifty: A Midlife Memoir,"Since the publication of ""Fear of Flying,"" Jong has had one of the most visible--and volatile--careers in American letters. Now this celebrated, colorful, and controversial writer offers her razor-sharp take on life as she turns 50. With humor, candor, and insight, Jong speaks out about love, sex, power, and feminism in the '90s.",331
"Through the Veil (Circle of Three, #9)","As the year comes to an ending,
in the hour 'tween old and new,
part the veil and let pass
the spirits who would travel through.
As Annie, Kate, and Cooper prepare for Samhain, or Halloween, they are filled with anticipation. It is a time when the veil between the worlds is thin, and those who have passed into the spirit world may be more easily contacted. Those Annie holds dear dwell behind this veil already -- will she find them on this eve of Wiccan celebration?",469
Islands of History,"Marshall Sahlins centers these essays on islands--Hawaii, Fiji, New Zealand--whose histories have intersected with European history. But he is also concerned with the insular thinking in Western scholarship that creates false dichotomies between past and present, between structure and event, between the individual and society. Sahlins's provocative reflections form a powerful critique of Western history and anthropology.",424
The Little Vampire,"Tony, a nine-year-old horror story addict is delighted when a little vampire called Rudolph lands on his windowsill one evening and, together, the two have a series of hilarious adventures involving visits to Rudolph's home - The Vampire Family Vault - where Tony narrowly escapes the clutches of Great-Aunt Dorothy.",316
The Harlot,"Ten friends. Two days on a twenty-five-million-dollar yacht, far from shore. Alcohol, sun, skin, and loosened inhibitions. What they find after a night of drunken debauchery is both senseless and horrifying; so much blood, a missing knife.
Everyone's a suspect. Everyone claims to be innocent. Everyone quickly learns what happens when you keep your friends close, and your enemies closer.",389
Moon Knight #3,"You've seen what insanity the new Moon Knight can do, but how is he doing it? Find out here! Plus, who is the kingpin of L.A.? And why do all the other criminals cower at his feet? And just how far is Moon Knight willing to take his new blood fued? (Hint: pretty damn far!) From the Eisner award-winning team that brought you Daredevil, Halo, and Avengers.",356
A Cookie Before Dying,"On a stormy night, Olivia Greyson and her Yorkie discover the body of a man stabbed to death-which looks suspiciously like the intruder seen fleeing the local health food store The Vegetable Plate. Charlene Critch, owner of The Vegetable Plate, has a grudge against Olivia's cookie cutter shop, but could Charlene be hiding a secret serious enough to kill for?",360
Statutes of Liberty: The New York School of Poets,"Statutes of Libertywas the first book on The New York School of Poets, and gave an acclaimed account of its key figures: John Ashbery, Frank O'Hara, and James Schuyler. This second edition contains up-to-date material on the group and its growing influence on postmodern poetics. A new postscript focuses on the work of Ashbery, currently the most esteemed American poet since Wallace Stevens, and his prolific output in the 1990s, including his 200-page epic poem Flow Chart.",476
"This Is China: The First 5,000 Years","This Is China contains, in brief, everything we need to know about 5,000 years of history, 30 years of ""opening,"" and a future that promises to shape the 21st century for all of us. Drawn from the vast resources of the Berkshire Encyclopedia of China, this concise 152-page book is recommended for classroom use, curriculum development, and student review.",356
Falling Flesh Just Ahead,"Potts speaks for all women who must face the fact that they have gone from wearing matching underwear ensembles to walking the fine line between sensible and orthopedic footwear. These hilarious essays delve into these potentially earth-shattering issues with a strong, spirited wit and a relentless energy.",307
The Mixed Martial Arts Instruction Manual: Striking,"In Mixed Martial Arts Instruction Manual, UFC Middleweight Champion Anderson Silva unveils more than 150 striking techniques that have been proven in the Octagon. Detailing everything from basic punches and kicks to complex combinations through 1500 step-by-step color photographs and descriptive narrative, this book will become a bible for both beginning practitioners and seasoned mixed martial arts veterans.",412
"Deluge (River of Time, #4)","The Bettarinis and Forellis have found rich fulfillment together in medieval Italia. But after fighting off countless enemies, they now must face the worst foe of all. As the Black Death closes in upon them, threatening everything and everyone they hold dear, Lia and Gabi-and the knights they love-must dig deep within to decide how they might remain safe...and if they need to risk it all in order to truly live as they're called.",432
The Inimitable Jeeves: A Jeeves and Wooster Comedy,"For a fabulous dose of British humor, nothing beats the duo of aristocratic, befuddled Bertie Wooster and the best of all possible valets, Reginald Jeeves. Bertie is in trouble again as he tries to help his lovesick pal Bingo get married. Watch out! The unflappable Jeeves unties the tangles with his usual panache.",315
All The Pretty Horses,"All the Pretty Horses - the first volume of the Borders Trilogy - tells of young John Grady Cole, the last of a long line of Texas ranchers. Across the border Mexico beckons - beautiful and desolate, rugged and cruelly civilized. With two companions, he sets off on an idyllic, sometimes comic adventure, to a place where dreams are paid for in blood.",351
Amphibians,"Fun, photographic nonfiction at its best! True or False? You decide!
Let's face it, kids love to ask and answer questions, which is why the Scholastic True or False series is packed full of fun questions like ""Do all toads croak?"" and ""Are all brightly colored frogs poisonous?"" Kids will read the question on the right-hand page and then flip it over to find out the answer. It's the truth-the Scholastic True or False series is a hit!",436
Dark Reign: Elektra,"She's the deadliest woman in the world... and she's never been in worse shape. Broken, beaten, and tortured by alien scientists, Elektra stumbles to freedom in the aftermath of the Skrull invasion. Now she struggles and fights to stay barely alive, and to clear her name for atrocities committed by an impostor. A lot of people want Elektra killed... and in her state, that shouldn't be too difficult By Zeb Wells (Amazing Spider-Man) and Clay Mann (Daredevil) Collects Dark Reign: Elektra #1-5.",495
Mystery of the Midnight Rider (Nancy Drew Diaries #3),"Some equestrians are up to more than horseplay in this third book of the Nancy Drew Diaries, a fresh approach to a classic series.
At the prestigious--and competitive--River Heights Horse Show, the prizes, which range from money to possible placement on the Olympic Team, are so highly coveted that anyone from the riders to the owners will do anything to win...even drug the horses! Who's up to no good? Nancy, Bess and George are on the case!",444
Don Carlos,"""Magnificent . . . leaves no doubt that you are watching a classic. . . . In Mike Poulton's fleet and vivid translation . . . the story of a tyrannical King Philip II of Spain and his abused, love-tormented son, Don Carlos, has all the deftly plotted twists and turns of a thriller. You lean forward in your seat, desperate to discover what happens next . . . an absolutely spellbinding production of a masterpiece""--Daily Telegraph",432
"Grace at Table: Small Spiritual Solutions to Large Material Problems, Solving Everything","About the Contributor(s): The Rev. Dr. Donna Schaper is Senior Minister of Judson Memorial Church in New York City and the author of thirty books, mostly about keeping Sabbath while gardening and being an activist. Best known for being dismembered by a garden club, she spends her days loving parish ministry in New York City. She also grows a great tomato and gathers sticks to build evening fires at her country shack in Fishkill, New York.",442
Commercial Insurance,"from the Preface:
'Commercial Insurance' is the assigned textbook for the third course in The Institutes' Associate in General Insurance (AINS)designation program. This text provides learners with a broad understanding of the property and liability loss exposures faced by most organizations, and the corresponding types of commercial insurance that can be used for covering those loss exposures.'",397
Peppa Pig and the Backyard Circus,"Step right up to Peppa s circus just the ticket for little fans!
Grandpa Pig is busy setting up a big tent in the backyard for Granny Pig s garden party, but Peppa thinks it looks more like a circus tent. What could be better than to put on a circus show during the party? Danny Dog can be the strong man, Suzy Sheep the juggler, and George can wow the crowd as one of the cyclists. And it s Peppa s job to make sure the amazing feats go according to plan she s the ringmaster, of course!""",489
The Energy Question,"This survey of our energy needs and resources considers them all from a technical, an environmental and even a political perspective. The revised fourth edition lays particular emphasis on the issues of today: the prospects for nuclear energy after Chernobyl, the availability of oil supplies and the role of renewable resources. A new chapter covers global warming and the threat to the ozone layer.",400
No More Tantrums,"When babies don't get their way, they have a tantrum.
Do big kids have tantrums? No! Big Kids use their words!
Every child's life is filled with milestones. Some happen easily; others need a little extra support. Artist and mom Maria van Lieshout has been there! Drawing upon her own experiences, she has created an engaging series of books just right for children on the brink of major changes and the caregivers who encourage them.",433
A Search in Secret India,"A Search in Secret Indiais the story of Paul Brunton's journey around India, living among yogis, mystics, and gurus, some of whom he found convincing, others not. He finally finds the peace and tranquility which come with self-knowledge when he meets and studies with the great sage Sri Ramana Maharishi.",304
"Fire (Elements of Power, #1)","Is control over the elements a gift, or a curse?
Roxy thinks that she is in control of everything: with flames flaring at her fingertips and an equally fiery attitude, what more could she need? But then she meets Brae, a prince from a rival Realm, who turns her assumptions of superiority upside down.
Jasmine has none of Roxy's confidence or intensity. But she does have a secret - and Brae - and she's not going to give either up willingly.",442
Written on the Heart,"Two men, eighty years apart, translate God's word into the English tongue. For one, it could mean death at the stake; for the other, an archbishop's mitre. David Edgar's historical drama, seen at the Royal Shakespeare Company and on the West End, marks the King James Bible's four hundredth anniversary and explores biblical translation, religious ideals, and the price of social peace.",386
Ossiri and the Bala Mengro,"A Traveller girl creates her own musical instrument from a willow branch and lots of recycled objects. She plays it enthusiastically, but it sounds terrible! Ignoring warnings not to awaken the ogre in the hills, Ossiri goes there to practise playing her instrument. Will she wake the ogre, and will it appreciate her playing? Told by a Romani storyteller and a picture book author, this original tale offers a fascinating insight into Travelling lifestyles and cultures.",471
Blind Trust: Port Aster Secrets,"Kate Adams had no idea she was carrying counterfeit money, and she can't believe that it came from her sweet neighbor. Or that it lands her in the middle of another one of Detective Tom Parker's investigations. Determined to prove her neighbor's innocence, Kate stumbles into a pit of intrigue that is far deeper than a two-bit counterfeit operation -- and strikes too close to home for comfort.",395
"The Last Hawk (Saga of the Skolian Empire, #3)","When Kelric, a scion of the imperial family of Skolia, crash-lands his fighter on the off-limits planet of Coba, he figures it will be only a short time before he makes his way home. But he fails to account for the powerful matriarchy of Coba, the mistresses of the great estates who do not want the Empire to know about their recent cultural advances.
First they take him prisoner.
Then, one by one, the most powerful women on the planet fall in love with him!",461
"Unnatural Issue (Elemental Masters, #7)","A brand-new Elemental Mastersnovel from the national bestselling author Mercedes Lackey. 
Richard Whitestone is an Elemental Earth Master. Blaming himself for the death of his beloved wife in childbirth, he has sworn never to set eyes on his daughter, Suzanne. But when he finally sees her, a dark plan takes shape in his twisted mind-to use his daughter's body to bring back the spirit of his long-dead wife.",409
TesseractsQ,"Six years in the making, this massive volume brings together the best speculative writing by Quebec authors over the last twenty years, superbly translated into English to reach new readers. Includes writing by authors such as: Yves Meynard, Jean Pierre April, Bertrand Bergeron, Jean Dion, Jane Brierley, Elisabeth Vonarburg and others.",337
"Stark's Crusade (Stark's War, #3)","When the American lunar colony was threatened, he served his country in battle. But when high-ranking officers betrayed him and his men, he rebelled. Now Sergeant Ethan Stark heads a rebel organization he never intended to create, and the United States has joined with its former enemy to ensure his destruction.",312
Fourier Series,"This reputable translation covers trigonometric Fourier series, orthogonal systems, double Fourier series, Bessel functions, the Eigenfunction method and its applications to mathematical physics, operations on Fourier series, and much more. Over 100 problems at ends of chapters. Answers in back of book. 1962 edition.",318
Shem Creek (Lowcountry Tales #4),"A New York Times Bestselling AuthorMeet Linda Breland, divorced parent of two teenage daughters. Between married men, cold New Jersey winters, and her pinched wallet, Linda's had enough. As the story opens, she's barreling down I-95, bound for Mount Pleasant, South Carolina, the land of her ancestors, where she and her daughters slowly begin to find their way and discover a sweeter rhythm of life.",400
Never Call Them Jerks,"No church is immune to the problems that can arise when parishioners behave in difficult ways. Responding to such situations with self-awareness and in a manner true to one's faith tradition makes the difference between peace and disaster. In this must-read book, Boers shows how a better understanding of difficult behavior can help congregational leaders avoid the trap of labeling such parishioners and exercise self-care when the going gets rough.",451
A Balloon for Isabel,"Balloons are bright and floaty and shiny and perfect.
More than anything else in the whole wide world, Isabel wants a balloon. Everyone will get one on Graduation Day--everyone except the porcupines, because Porcupines + Balloons = Trouble
But Isabel isn't going to settle for another boring bookmark. She has a plan. . . .",323
Madam President,"A little girl imagines what her day would be like if she were Madam President. There would be executive orders to give, babies to kiss, tuna casseroles to veto (or VETO!)...and so much more! Not to mention that recess would definitely require more security.
With deadpan wit and hilarious illustrations, best-selling picture book creator Lane Smith introduces readers to an unforgettable new character.",402
Corporate Finance: Theory and Practice,"Aswath Damodaran is nationally recognized for his teaching approach, using theory and the models that flow from it to understand, analyze and solve problems. He treats corporate finance as a living discipline by making it much more applied than other textbooks. Throughout the text, real companies and real data are used in examples and exercises.",347
"Of Plymouth Plantation, 1620-1647","Modern Library College Editions William Bradford's ""Of Plymouth Plantation"" is a remarkable work by a man who himself was something of a marvel. It remains one of the most readable seventeenth-century American books, attractive to us as much for its artfulness as for its high seriousness, the work of a good storyteller with intelligence and wit. Edited, with an Introduction, by Francis Murphy.",396
The Machine Stops,"E. M. Forster provides a view of the future from 1909. He comes alarmingly close. Humanity has lost the ability to live above ground, but they communicate magnificently through the Machine. As a matter of fact the Machine handles just about everything, taking the freedom of choice, or the need to choose away from humankind. But when the machine breaks, can humanity survive?
Read more",386
Mad As Hell: How the Tea Party Movement Is Fundamentally Remaking Our Two-Party System,"Today's raucous revolt against Washington and Wall Street is a classic populist uprising. In Mad as Hell, political pollsters Scott Rasmussen and Doug Schoen discuss how the Tea Party movement is fundamentally remaking our two-party system and what it means for the future of American politics. For political junkies of every stripe--from both the left and the right side of the aisle--Mad as Hellis mandatory reading.",418
"Aquaman, Volume 8: Out of Darkness","Aquaman's exile may finally be resolved, but it's going to take more than a return to Atlantis for his constituency to trust him again. It's not going to be easy. Meanwhile, a lethal enemy can reach anyone through even a drop of water and is out for the kill. Dead Water seems nearly unstoppable, and Aquaman is going to need some help. But who could help with this kind of job? Sounds like a good time for Aquawoman!
Collecting: Aquaman48-53",442
The Sunlit Summit: The Life of W. H. Murray,"William Hutchison Murray was one of Scotland's most distinguished climbers in the years before and after the Second World War. As a prisoner of war in Italy he wrote his first classic book, 'Mountaineering in Scotland', on rough toilet paper which was confiscated and destroyed by the Gestapo. The rewritten version was published in 1947 and followed by the, now, equally famous, 'Undiscovered Scotland'. This book profiles the life of this most noteworthy individual.",468
Diary of a Dork - Articles of Sarcasm and Irreverence,"Statements, thoughts and diary entries written by the violent, the naive, and the perverted. Sarcasm and irreverence abound in this collection of humorous articles.
Author's note - this book has now been unpublished, mostly because it was a bit daft. Sneaky people will be able to find it on torrent sites...",308
"Fabric Painting with Cindy Walter: A Beginner's Guide: 11 Techniques, from Colorwashes to Painted Quilts","Shows how to create your own fabric for sewing quilts, crafts, clothing, home decor, and more. This book helps you learn how to create colourwashes and use resist techniques, paint a Hawaiian quilt and a traditional block quilt, as well as use sun-printing, scrunching, and salting techniques to create personal fabrics.",320
Replication: The Jason Experiment,"Abby Goyer is forced to move to rural Alaska when her father unexpectedly takes a job in a remote laboratory. She becomes suspicious of her father's decisions, and when she goes to investigate his research she finds more than what she was looking for. Martyr, one of hundreds of identical clones, escaped from the underground lab Abby's father works at, with one wish: to see the sky before he fulfills his purpose and 'expires.' Abby helps Martyr see God has a purpose for his life, one that may be",499
Sigyn: Lady of the Staying Power,"Sigyn, the Norse goddess of constancy and compassion, is the second wife of the Trickster God Loki. She gathers broken things, and people, to her breast to heal. In this book, Galina Krasskova reveals the beauty of this little-known Goddess whose name means Victory Woman. With prayers, poetry, personal and group rituals, this is a manual for all those who would offer to devotion to this gentlest of divine figures.",417
Star Trek: Movie Adaptation,"JJ Abrams' blockbuster revitalization of the Star Trek franchise was the most thrilling film of the year. Now, under the direction of Abrams and screenwriters Roberto Orci and Alex Kurtzman, comes the highly anticipated graphic adaptation of the film! Additionally, new scenes and moments cut from the movie are revealed - an event no Star Trek fan can dare miss!",363
Journey into Stone,"Nothing much ever seemed to happen in the sleepy little village of Parkley until the night The Walls was robbed. It was a crime enormously complicated by the personal life of the detective trying to solve it. And in the long run, it was to become the catalyst for a series of baffling events that brought terror to almost every person in the village and, to more than one of them, death.",387
The Love Song Of Alfred Hitchcock ; Three Novellas,"Maythil Radhakrishnan took the Malayalam literary world by storm when he staged a comeback in the Nineties: here was a fiction-writer entirely cosmopolitan in his choice of themes and his moorings. There are very few in Indian fiction who can compare with this author in artistic innovation, intellectual subtlety and original perception of things and of life. The three novellas here represent all that is newest in Indian fiction.",432
Substitute Heart,"Three years have passed since Travis buried his husband, but he is unable to let go and move on. Even the support of his late husband's fellow Marines cannot motivate him to live again. His apathy for life reaches a breaking point when he is fired days before Christmas, and an unexpected visitor shows Travis that he has one last chance for a happy future, else he is doomed to one far bleaker ...",398
Sabat 4: Druid Connection,"Mark Sabat, ex-priest, ex SAS-trained killer, exorcist, is a man with a dreadful mission. Driven and haunted, he has to seek out and destroy his mortal enemy. He stood upon twice-holy ground. A country churchyard, consecrated and tended for hundreds of years. But before that, long long before, ground sacred to a dark and bloody religion. A religion most thought long vanished, its otherworldly horror deep buried and forgotten save in the nightmares of the deranged",467
One Punch (Paul Storey #2),"Paul Storey is an ex-cop looking for a job. Bran Doyle was a boxer but he's now looking for a driver. And perhaps a little more.
Storey takes the job but soon finds himself involved in more than driving. There's a murder. And conspiracy. And another murder.
And then the real trouble starts.
One Punchcontinues the series begun by Storey.",338
"Lila, the Divine Game","After 7 years and three records the mythology behind the band is complete!
The last installment, revealing the whole meaning and purpose behind Madina Lake is told only in these pages.
""Lila"" is a 198 page book that includes each part, the ""Auspice,"" ""Scorched Earth,"" and ""World War III.""
Also included is an epilogue explaining each of the clues left in artwork, shows and in the records, as to the mystery of the town",420
Maggie's Men,"Maggie West has a knack for attracting trouble, but this time she's attracted the perfect man. The love is instant, powerful, and unprecedented for Maggie, but it's not without roadblocks. As the saying goes: when it rains, it pours. Maggie has to fend off two other interested men while pursuing Mr. Perfect. Not only that, but a sudden cancer diagnosis is sure to complicate things. As things steam up with her love life, she must keep it all together or risk losing it all...",478
Vampire Hunter D Volume 18: Fortress of the Elder God,"D, the ageless, supernatural Vampire Hunter, takes charge protecting the survivors of an aircraft that has crash-landed in a deadly zone known as ""the Playground."" But before D can assist them, he must first battle a legion of undead warriors swarming from the fortress of the Sacred Ancestor, the oldest vampire in existence!",326
Seeing the girl,"Seeing the girl is the story of three women who live inside one another's lives - dangerously. Janaki is poised to enter into a conventional 'arranged marriage' when unanticipated events break out.
Janaki narrates the dark and intricate story of her family, pausing to let Amma and Leela too interweave their versions of the truth.
Seeing the girl was long listed for the 2007 Man Asian Literary prize, while it was a manuscript.",429
Heaven: My Testimony About Life In Heaven (Miraculous Book 1),"In his book, Christopher Roberts shares his fascinating visits to heaven, how God sent an angel to rescue him one dark winter's night, and how God opened a door for him to meet the Queen of England. Your faith will be encouraged like never before, once you have read Christopher's encounters with God.",301
All About Vegetables,"How to use this book: If you have room for a small vegetable garden, one way to use this book is to put it aside, and think what you would do without it. You can believe that we know vegetable gardening doesn;t have to be a complicated afair and we have no intention of making it so. We just hope that the suggestions and ideas in this book help you avaoid some of the errors you might make and at the same time add a little excitement to your gardening experience.",465
Days of Toil and Tears: The Child Labour Diary of Flora Rutherford,"Young Flora is happy to leave the orphanage behind and join her aunt and uncle, even though it means working at a textile mill where there is the constant threat of being injured or going deaf. She writes about her feelings in her diary, addressing her father and mother who died when she was five. Then her uncle loses several fingers at the weaving machine leaving him unable to work, and money is very tight. Can Flora help her aunt and uncle survive?",454
Olivia Meets Olivia,"When a new girl joins Mrs. Hoggenmuller's class, Olivia is very upset--they're both named Olivia! Olivia is convinced that she lives in a ""one Olivia town"" so she decides to change her name to Pam. But Olivia doesn't feel Pam-ish--she feels Olivia-ish! Come along as Olivia discovers a lesson about sharing and friendship in this hilarious storybook.",350
Gardening For Stress Relief,"Women tend to carry their stress in both mental and physical ways, and that's why the combination of an artistic outlet and an exercise program can truly benefit a woman. There is no easier hobby to begin than gardening, no matter how complex that actual garden. Whether you choose a container gardening garden plan, or toss some seeds into the backyard, this book will show you how to use gardening for stress relief as a wonderful addition to your life and lifestyle.",469
Sand Dunes,"Where is life going to take Sandy now that she is on her own, with her parents gone and no close family? Her so-called husband and colleague used her. When Dean came along, she just knew he was the one. She was ready to try love again. Sitting in the sand dunes when a stranger came along, will he make her life better or worse? Would she ever see him again? I hope you enjoy this book. There are so many twists and turns-you won't know what to expect next.",457
Dot-to-Dot: Nature: Connect Your Way to Calm,"Your favorite childhood activity has grown up.
Discover dot-to-dots like you've never seen before. These 31 puzzles are intricate and complex, and will keep you guessing from number 1 all the way up to 500. Watch as the lines transform into cascading waterfalls, flying geese, timid deer, and so much more.
Fun for all ages, these puzzles will also promote concentration, relaxation, and mindfulness. So grab your pencils and feel the stress melt away as you bring these playful scenes to life!",494
Bartleby the Scrivener: a tale of Wall Street,"Bartleby, the Scrivener: A Story of Wall Street is a novella by the American novelist Herman Melville (1819-1891). It first appeared anonymously in two parts in the November and December 1853 editions of Putnam's Magazine, and was reprinted with minor textual alterations in his The Piazza Tales in 1856. ( Summary by Wikipedia )",329
Dracula: A BabyLit® Counting Primer (BabyLit Books),"Meet 2 friends, Mina and Lucy, and the 5 heroes who try to save them from the dreaded Count Dracula in Dracula: A BabyLit(r) Counting Primer. Make sure you're wearing a necklace of 10 garlic flowers as you count wolves, ships, tombstones, and boxes full of soil in this witty retelling of Little Master Stoker's classic gothic tale.",332
Vampyre Sanguinomicon: The Lexicon of the Living Vampire,"Since the dawn of civilization the vampire has danced through the dreams and nightmares of every culture, expressed in folklore, literature, and art. Today, this fascination resonates in pop-culture, through television shows and movies and books. But what does it mean to be a vampire, a living and modern vampire?",314
The Best Book of Spaceships,"Join the astronauts on their exciting adventures into the unknown. Watch as spacecraft are launched on a variety of incredible missions. Travel to Mars, see a weather satellite gathering data, and blaze through the Earth's atmosphere on the way home.
* Realistic artwork details all sorts of spacecraft
* Full-page scenes take you into outer space and beyond
* Step-by-step illustrations show the astronauts in action
Blast off on an amazing rocket tour!",454
Glorious Angels: A Celebration of Children,"Children are our most precious gift and we should cherish them with all our hearts -- that is the universal message in this breathtaking companion volume to Walter Dean Myers' bestselling ""Brown Angels."" Turn-of-the-century photographs of children from many different ethnic and cultural backgrounds grace the pages of this moving picture book, framed by loving, lilting verse that sings of the wonder and necessity of celebrating children around the world.",457
Human Services: Concepts and Intervention Strategies,"Human Services: Concepts and Intervention Strategiesprovides a comprehensive grounding in the broad range of careers available in the human services, an introduction to the skills that are required for those careers, and case examples to help students visualize different career choices. The Eleventh Edition of this trend-setting book offers a comprehensive introduction to the field of human services, with an emphasis on practical application, and increased coverage of multicultural issues.",494
The Spare Room and Other Stories,"Spanning a variety of genres from fantasy to horror, this joint anthology from brothers Joshua Danker-Dake and Sean Danker-Smith brings you 26 original short stories ranging from the comedic to the downright grim, including ""The Trash Gun,"" ""The Devil's Amusement,"" ""The Gibbins Tree,"" and ""The Jerk and the Gypsy.""",315
You Can't Eat A Princess!,"It's Princess Spaghetti's birthday, but her father King Cupcake has been kidnapped by aliens! Without a moment to spare, Princess cranks up the royal rocket ship and zooms into space on a rescue mission. In record time, she discovers the offending group of aliens just as they are about to turn her father into a vat of soup. But how can one tiny little princess overtake an entire group of aliens? And what on earth could chocolate have to do with any of it?",459
"Doctor Who: The Eleventh Doctor, Vol. 3: Conversion","It's the triumphant conclusion to the Eleventh Doctor's epic first year, as his first fifteen-issue arc builds to an unforgettable crescendo!
How will the Doctor's new companions - Alice, ARC and Jones - be affected by the end of this book... and will anyone make it out alive for Year Two?!
Collects Doctor Who: The Eleventh Doctor issues #11-15",346
Stabbing Stephanie,"Deciding to take a much-needed vacation, literary agent Jane Stuart gets a call from her late husband's cousin, Stephanie, asking if she can stay with Jane for a few days before she starts her new job as editor at a hot publishing house. Jane reluctantly agrees, but soon realizes something rotten is going on in the publishing house. When Stephanie is found murdered, Jane goes undercover to find the killer.",409
The Late Bus,"I thought the bus was filling with smoke. But then the smoke took the shapes of shadowy, faceless people. ... Lamar takes the late bus home from school after practice each day. After the buss beloved driver passes away, Lamar begins to see strange thingsdemonic figures, preparing to attack the bus. Soon he learns the demons are after Mr. Rumble, the freaky new bus driver. Can Lamar rescue his fellow passengers, or will Rumbles past come back to destroy them all?",466
Frightful Tales for All Hallows' Eve,"Vengeance-seeking ghosts, creatures beneath the stairs, heartache and grief, and the joy of young children's trick-or-treating exist side-by-side in this drabble collection. Written specifically with a Halloween theme by members of Fiction Writers Group, the stories in this anthology come from authors across the globe, and span a wide variety of genres. Open a page and join us in celebrating Hallowe'en!",406
Whole: A Call to Unity in Our Fragmented World,"In her hope-filled new book, Sharon Watkins, the General Minister and President of the Christian Church (Disciples of Christ) and moderator-elect of the National Council of Churches, shares her vision of how the good news of Jesus calls American Christians to unite around justice, mercy, and openness in the 21st century.",322
Logick and the Dream,"A demented adventure with everything you desire! Eternalism explained to a sex worker and CEO! Multiverse-theory-based first-person prose! Perceptually distorted pornography for the purpose of persuasion! Possession by the monstrous entities! Intelligent animals! And so much more!
The only thing better is chocolate sex.",321
The Prospect of Wings,"The 80 poems that make up this collection were all written in a transitional period, between confusion and conviction, between resentment and betterment, between childhood and adulthood. These poems map a process of change and growth that is both wholly individual and accessible by all.
Heartfelt, powerful, poignant, and at times raw, this is poetry at its most honest.",371
Just a Man: The Real Michael Hutchence,"This is the tragic true story of Michael Hutchence by the women who knew him best. Since the November day in 1997 when Michael's death in a Sydney hotel room became world-wide news, his mother and sister have read tales spun by journalists, lovers and business associates, people who only knew him for a fraction of his 37 years, if at all. These stories tell of the notorious highs and lows of Michael the superstar, and of the doting, but unconventional, father of Tiger Lily.",478
"A Change of Scenery (Change, #2)","After losing a promotion he should have gotten, construction project manager Conway Danvers gets outta Dodge - heading to a small town to change his life. He is not at all prepared for the attraction he feels when he meets Stephen Rydell - the sexy, elegant garden shop owner.
Con doesn't want to feel anything for Stephen - not desire, not attraction... but southern gentleman Stephen can be very determined when he wants something.",433
All That Desire,"All that Desire collects works from nine of Besty Struthers' previously published books of poetry, from 1984 until the present, alongside a selection of 15 brand new poems. Follow Struthers' writing, over the years, as old poems rest against new, offering a fresh context and perspective. The bodies that inhabit Struthers' writing cycle through birth, life, and death, families coming together and falling apart; however, Struthers' imagery is so arresting, so specific, that every moment is new.",497
Children of the King,"Three children have been sent to live in the countryside, safe from the war in London. When they find two boys hiding in a castle, the past and future come together to make an extraordinary adventure.
A hauntingly beautiful story from one of Australia's most acclaimed writers for adults and children.",301
"Dead End (Teen Power Inc., #30)","Hide your valuables and don't walk the streets alone. Six young troublemakers are on the loose in Raven Hill. Witnesses say the culprits look surprisingly familiar -- just like the Help-for-Hire gang! If the real Help-for-Hire gang doesn't figure out who's trying to set them up, it could mean the end of their friendship forever. And once the kids begin disappearing one by one, Nick discovers that it could mean the end of a whole lot more.",442
"A Man Apart (A Family Bond, #1)","HE WAS THE MOST MAGNIFICENT MAN SHE'D EVER ENCOUNTERED
Maude Ann knew she was in trouble when wounded detective Matthew Dolan was sent to Henley Haven to recuperate. The nurturing foster mom couldn't afford to fall for another man in blue, yet Matt's piercing eyes and gut-wrenching loneliness stirred something deep inside of her. Now it wasn't a question of IF she'd surrender to their electrifying passion but WHEN....",421
Stolen Journey,"WWII POW tale of capture and escape.
In 'Stolen Journey' Oliver Philpot shows that P.O.W existence had, for the R.A.F., one objective - to escape. His attempts may sometimes be ridiculous, a muddled scramble of half-in and half-out of a train window, or sometimes eerie tunneling twenty feet deep in the clay and earth of Poland ...",332
"Statics, Engineering Mechanics","This work and its companion, Dynamics, deliver a consistent problem-solving methodology for statics and present a precise and accurate treatment of the fundamentals of dynamics. Features include: real world applications; chapter openers illustrating an application of the ideas in the chapter; and the use of visualization techniques which isolate the figures which should be studied.",384
"This Is All I Ask (de Piaget, #6; de Piaget/MacLeod, #3)","Gillian of Warewick knows no other treatment than the terrible physical and mental abuse issued by her father. When he arranges a match for Gillian with Christopher of Blackmour, she is fearful: Blackmour is rumored to be an evil sorcerer. When Gillian meets him, he proves to be far more of a man than her father is, yet he is unwilling to be a lover to Gillian. She finds that Blackmour has as many psychological scars to heal as she has physical scars.",455
The Book With a Hole,"The Book with a Holeblasts a hole through the middle of the book itself. Sometimes the hole is an eye the reader can look through; sometimes it is a mouth and the reader's fingers make the teeth! The next minute it is a plate (with food drawn by the reader on a sheet of paper behind the book), an obstacle to jump across, or a saucepan. It's crazy! It's a Book with a Hole!
Packed full of Herve Tullet's zany drawings and inventive ideas, this is bound to enchant children of all ages.",486
"Masquerades (Forgotten Realms: The Harpers, #10)","When Alias crosses swords with the underlings of the Lord of Westgate's criminal guild, known as The Faceless, he vows to destroy her. Accepting the challenge, Alias gathers old allies and new. Alias becomes even more entangled in the web woven by the Faceless, a web whose silken strands are spun from intrigue, political machinations--and murder.",348
The Crayon Box,"This book is a story about a black crayon who cannot find its place in the crayon box. The black crayon journeys through the crayon box asking each group of crayons if it can stay with them. Despite constant rejection the black crayon pushes through until it finds its place. This story helps children understand that they are never alone, there is always a silver lining to each cloud, and to never stop reaching for their dreams.",431
"Double-Crossed (Almost Identical, #3)","There's a new set of twin boys on the scene, and like Sammie and Charlie, these twins are almost identical. Charlie's friends, and the popular kids, are quick to accept the cuter boy. But when a bonfire on the beach gets out of control, Charlie's group blames it on the other twin. Both Sammie and Charlie know he isn't the boy to blame, but will they have the courage to come forward to tell the truth and double-cross the popular kids?",437
Caillou Goes Birdwatching,"In the Backpack series, children rediscover the adventures they've seen in the animated Caillou television series produced by CINAR Corporation. Caillou continues his discovery of life as he starts to explore the world beyond his home. Caillou goes birdwatching in the park, where a chickadee eats right out of his hand!",320
The Last Sacrifice (The Tides Of War #1),"Since time began, the Grakhul - immortal servants of the gods - have taken human sacrifices to keep the world in balance and the gods appeased. When they choose the family of warrior Brogan McTyre, everything changes.
Brogan begins the toughest battle of his life to free his family from their terrible fate. But when you challenge the gods, you challenge the very fabric of society. Declared an outcast, Brogan and his kin are hunted like criminals - but nothing will stand in his way.",486
Doctor Who - Timeframe: The Illustrated History,"To celebrate 30 years of Doctor Who - the TV series - and 20 years of the novelizations, this book takes a look back at the history of both through a collection of book cover art, reproduced for the first time as poster-sized prints. It is also illustrated with photographs, artwork and merchandize connected with the cult programme.",333
Skin Deep Magic,Magic is more than skin-deep. It hides in the folds of a haunted quilt and illuminates the secret histories of Negro memorabilia. Magic reveals the destiny of a great storyteller and emanates from a sculpture by an obscure Harlem Renaissance artist. Magic lurks in the basement of an inner-city apartment building and flourishes in a city park. Magic is more than skin-deep; it shimmers in the ten stories in this collection.,425
Not a Hazardous Sport,"After Nigel Barley's insurance company determined that anthropology was not a hazardous sport, he was free to set off for Torajaland, a remote district of Indonesia. His visit sparked an enduring love afair which led his friends, the Torajans, to London. Their hilarious visit makes a fitting climax to Barley's book.",317
The Age Of Shakespeare,"Shakespeare made his unique contribution to British and world culture in the midst of Elizabeth's great reign. Here, the circumstances of each play's composition are acutely described, and set within a masterful portrait of Shakespeare's England - its early capitalism, its court, its bursting population, and its epidemics, as well as its arts - including, of course, its theatre. An important, lasting, and concise companion to Shakespeare's time.",449
"Lectures on Architecture, Volume I","Volume 1 of an unabridged reprint of extremely influential work by great 19th-century architect, champion of the Gothic Revival. Coverage of Greek and Roman architecture, Byzantine architecture, teaching of architecture, monumental sculpture, domestic architecture, much more. Over 230 engravings and woodcuts (most by Viollet-le-Duc) enhance the text.",352
The Treasure of Barracuda,"Sparks is an 11-year-old cabin boy on the Southern Cross, a pirate ship led by Captain Barracuda. When he and the crew discover a book left by the infamous pirate Phineas Johnson Krane, they must learn to read in order to decipher its contents and go in search of Krane's hidden treasure. A satisfying tale packed with pirates, outlaws, danger and, in the words of its narrator, ""no second chances.""",399
Case 48: The Kidnapping of Isaiah Rae,"A free digital short story
Featuring Selena and Ed Cole, from Emma Kavanagh's new novel The Missing Hours
When Elliot, the son of an electronics corporation CEO, is kidnapped and held for ransom, Selena and Ed are brought in to act as liasons. To make sure things run smoothly. To make sure Elliot comes home.
But when Selena discovers that Elliot's biological mother was recently released from prison, things soon become more complicated, and more deadly, than they can possibly imagine ...",491
Roads To Santiago,"A many-tangented pilgrimage through ten centuries of Spain's history, its politics, its art, literature and architecture, its climate and its people, in which Nooteboom unlocks doors to an undiscovered Spain and reveals his obsession for a country he has come to know intimately over the course of forty years.",310
Up Over Down Under,"Eliza Ritter has high expectations for her semester in Melbourne, Australia. Sure, she's participating in an environmental program, but really she hopes to spend her time meeting cute boys. So when she meets a hot surfer, she is thrilled! Aussie Billie Echols, on the other hand, actually does have an interest in the environmental program she's signed up for in Washington, D.C. But the States are nothing like she expected, and soon Billie is caught in the middle of an unexpected controversy.",495
Wonder Boys,"Grady Tripp is a pot-smoking middle aged novelist who has stalled on a 2611 page opus titled Wonder Boys. His student James Leer is a troubled young writer obsessed by Hollywood suicides and at work on his own first novel. Grady's bizarre editor Terry Crabtree and another student, Hannah Green, come together in his wildly comic, moving, and finally profound search for an ending to his book and a purpose to his life.",419
An Officer and a Gentleman,"""An Officer and a Gentleman"" Short Story TOR.COM Exclusive.
In the short story ""An Officer and a Gentleman,"" set in the world of The Chronicles of the Pneumatic Zeppelin steampunk adventure series, the young Lieutenant Romulus Buckle faces his first great test under fire when his armed trader airship Bromhead is attacked and boarded by pirates.",346
Dave's Blow Job,"(2800 words) (Warning: this story contains oral sex.) I always wondered why my friend Dave, who clearly wasn't gay, never hung out with the guys on Friday night, and he never had a girlfriend, nor seemed interested in getting one. One night my curiosity got the best of me so I followed him and spied on him. What I found out blew me away.",339
"Uh-oh, Calico!","Calico is having a bad day! She falls while chasing a bee, tramples a flower garden, and even spills her milk! Poor Calico! She feels like she can't do anything right... until her mother reminds her that everyone makes mistakes, and she still loves her--no matter what! This second book in the Calico board book series is perfect for even the youngest readers.",360
Marketing Research For Beginners: A Practical Handbook,"This book aimed at providing students and corporate professionals with some understanding of the basic principles of marketing research. By setting the foundation of the necessary skills to conduct research in the marketplace, readers will learn how to gather valid information for better managerial decision-making.",316
The Medusa Frequency,"An inexplicable message flashed onto the screen of his Apple II computer at 3am heralds the beginning of a startling quest for frustrated author Herman Orff. Taking up the offer of a cure for writer's block plunges him into a semi-dreamland inhabited by a bizarre combination of characters from myth and reality; the talking head of Orpheus, the young girl of Vermeer's famous portrait, and a frequency of Medusas.",414
Embracing Ashberry,"The Marquess of Ashberry had never planned to marry or have children, but there is something about Ella Whitney he can't quite ignore. Her skittishness, her inclination to overlook his existence and her vulnerability has him re-thinking his future.
Ella Whitney is skittish, and for very good reasons. But she can't avoid Ashberry's company all the time with her brother marrying his sister. Instead she has to face her fears, stand up to her family, and remember her dreams.",475
"Witch's Guide to Cooking with Children, The: A Novel","2010 ALA Notable Children's Recording. The New Yorker recommends: http://www.newyorker.com/online/blogs...for info. USA Today also really liked it, calling it ""scary, funny, and subversive."" A 2011 Texas Bluebonnet Book and 2012 Hawai'i Nene Award Nominee. Publishers Weekly said: ""McGowan makes a strong debut with this contemporary recasting of Hansel and Gretel."" BCCB recommended it.",387
"God's Not Dead (and Neither Are We): The Story of Christian Alternative Rock's Pioneers Then and Now, as Told by the Artists Themselves","While bands such as Switchfoot and Jars of Clay are household names, the artists who paved the way for their success by first introducing modern rock to Christian music are all but forgotten by the very industry they created. Now, they are telling their story from the beginning to the present day. This book isn't about where are they now, but who are they now as with frank and sometimes shocking openness the ones who went before talk about their lives and times... a time that is not yet passed.",499
Cowboy And Wills,"The day Monica learns that her three-year-old son, Wills, has Autism, she takes him to buy an aquarium. It's the first in a string of impulsive trips to the pet store to buy animals as a distraction from the reality of Wills's diagnosis. When Wills is six, Cowboy, a golden retriever puppy, joins their family.",310
Summer of Elves,"Aly's world suddenly changes when she goes to work for her grandmother. Her position of helping in her gardens soon turns into a training camp to become the new guardian of a band of light elves. Creatures known from Norse Mythology appear wherever she goes. Some are friendly with her and some are very dangerous. Her summer is spent learning how to adjust to a life where both humans and creatures live.
Summer of Elves Trailer
https://www.youtube.com/watch?v=Eil1T...",470
They Used Dark Forces,"It is 1943, World war II, and secret agent Gregory Sallust is parachuted into Nazi Germany. In the company of an ex-Bolshevik General named Stefan Kuporovitch, the two of them join forces with the widow of a German diplomat who is in contact with Allied Intelligence. It is through her that Gregory becomes unwillingly involved with a Black Magician and when, sixteen months later, they meet again, each decides to use occult forces in an attempt to destroy Hitler once and for all...",484
Heller’s Decision,"Book 5 in the Heller series. Tilly Chalmers' new job as a researcher for a major TV star is turning out to be more eventful than she ever expected. Always on the lookout for a high rating story for her famous boss, she tangles with adult movie stars, and the man who inspired a couple of blood-thirsty young murderers. An unwelcome encounter with a long-time enemy stirs up trouble, and what important decision does Heller make that threatens to jeopardise their relationship?",476
Problems of Christian Leadership,"Christian leaders face challenges. But God works with us and through us to accomplish his purposes. Available here for the first time in English is John Stott's practical wisdom for younger leaders. Speaking personally from his own experience, Stott addresses issues of discouragement, self-discipline, relationships and youth.",327
Love is My Reason,"A STRANGE, ELUSIVE GHOST OF A GIRL...
David Manworth thought when he first glimpsed Anya. She was living with her stepfather in a displaced persons' camp in Germany. Her future looked decidedly bleak. Then her stepfather died, and David's influential family brought her to England. They took charge of her life - but it was David who controlled her heart. Yet, until she became independent, how could she possibly transform his pity into love? Or was that to much to hope for?",476
Of Masques and Martyrs (Shadow Saga #3),"Led by Peter Octavian, the Shadows must drink blood. Yet they do not steal life. New Shadows are created only by individual choice. Peace is their only hunger. The minions of Hannibal have a different goal: the enslavement of humanity. They kill for pleasure and for thirst. They indiscriminately create more of their own. And they embrace the title of terrible legend: vampire. Shadows and vampires. One and the same. Their war continues...",441
Pride & Prejudice,"Pride and Prejudice does it all. It shows us how life should flow, with gentlemen and ladies, heroes and gallantry, changes brought about by love, wealth and influence, and as only possible in Regency England. Yes, the petty minds, the rascals, the extortioners, and the simple minded all take their places, but they do not overshadow Elizabeth and Darcy. And that is all we can tell without explaining too much about why this is one of the most important pieces of English literature.",485
Under Fire (Elite Force #3),"When Rachel Flores' tumultuous relationship with Major Liam McCabe ended abruptly, she refocuses her energy onto her career. She plans to forget Liam and live a peaceful life supplying therapy dogs for recovering military vets-until a patient reveals a traitorous plot within the epicenter of military intelligence. Rachel finds herself ensnared within a web of danger, and only one man can help her...",402
The Avengers and Me,"For the first time, Patrick Macnee tells all The never-before revealed secrets of the hit TV series The Avengers are laid bare by the man who played John Steed in no less than seven series of the show. . Lavishly illustrated, with many unpublished stills, behind-the-scenes photos, and snaps from Macnee's private collection, this is a very personal portrait of the world's best-loved cult action-adventure series.",414
The Moon Is Broken: A Mother's True Story,"Ann Craig was an honors student at an Ivy League university until, seemingly overnight, she suffered a mental breakdown, was hospitalized, and was put on suicide watch. She refused further therapy and fell into the drug culture of New York. This poignant account resonates with the ironic pain of a gifted therapist unable to heal her own beloved daughter.",356
"The Price of Fame (Tales from Grace Chapel Inn, #14)",The winter doldrums are just settling over Acorn Hill when a movie crew comes to scout locations for an upcoming project. The director loves the small-town feel and hopes to film a pivotal scene in Grace Chapel. He leaves behind a crew member to convince the town council to allow the shoot. Will Ore citizens of Acorn Hill make a wise decision?,345
"The Blushing Bounder (Iron Seas, #0.4)","In The Iron Duke, Constable Newberry helped save all of England. But before the events of that novel, Constable Newberry's faced a danger of another kind: to his heart, by the woman forced to marry him. What will it take for this prudish bounder to convince his wife to stay?
The Blushing Bounder was previously published in the anthology Wild & Steamy.
The Blushing Bounder is a short story/novella of approximately 13,400 words (50 pages.)",441
Stories from the Edges - A LongShortStories Collection,"In this 2011 ebook debut collection of Wayne C. Long's 34 miniature masterpieces, discerning adult short story readers will thrill to a rollicking roller coaster ride of fiction genres: literary, sci-fi, romance, dark humor, fantasy, Native American, and military. Add in cutting-edge stories that aggressively resist straitjacketing and you have the breakout Stories from the Edges.",383
Midnight Rhythms,"The last thing Sam had wanted was a stranger in the house for three long months!
David was always there-making her angry, making her laugh, giving her all the fun she'd been missing...and, during the long, sleepless nights, showing just how much he desired her. Sam didn't ""want"" to fall in love-but David's irresistible charms were slowly breaking down her defenses.
But in just three short months he'd be gone...wouldn't he?",426
Five-A-Day Fruit and Vegetable Cookbook: Over 200 Recipes to Ensure You Achieve the Health Experts' Recommended Five-Portion Daily Minimum for You and Your Family,"This comprehensive guide explains all there is to know about these exquisite foods and how best to enjoy them. Government advice, backed up by leading nutritional experts from all over the world, is that five portions of fruit and vegetables per day will extend and improve the quality of life for all - and here's how to get them.",331
Embracing the Chaos: Theological Responses to AIDS,"embracing the chaos is intended as a helpful theological and pastoral resource for all who are affected by HIV / AIDS, whether as carers or sufferers. with that in mind, the ten main essays are interspersed with short reflections by men and women who have been diagnosed hiv positive, and who have been invited to speak for themselves about personal struggle to live fully and creatively in the face of chaos and the prospect of death.",435
Finsterhall of San Pasqual,"A fictional story of San Diego's own Wild Animal Park. From the back cover: ""Finsterhall and his friends--and some enemies--lived in the peaceful little San Pasqual Valley where the order of things had been established as far back as perhaps ten thousand grandfathers ago. But these little Southern California creatures had no built-in instincts to tell them how to live with the strangers who had come to the valley. The BIG strangers.""",437
Combat Jerk,"For a young Marine, hunkered down in his mud-hole during a night of patrol in Viet Nam, what else is there to do to pass the night? When he needs that extra degree of stimulation, where else cane he go but into his memories? Combat Jerk is a tale of self-satisfaction during a time and in a place where there is little else of value to him.",340
Campaign of the Gods,"When Norse god Tyr suspects his friend Thor is cheating in the phenomenal board game 'Campaign of the Gods' he takes matters into his own hands and searches out the only being in Asgard who can help solve his problem.
But things are not what they seem...
And once the forces of Hel are unleashed, only legendary Viking berserker Ivar Ragnarsson and his men can possibly save the day.
They just have to work out when in history they are first - and why are the local townspeople so strange?",489
The Reformed Faith: Exposition of the Westminster Confession of Faith,"The Westminster Confession is the most accurate and comprehensive creed so far produced by the church. Many of its statements are short explanations of a profound doctrine that needs to be unpacked. The classic explanation of the confession provides a thorough theological grounding.
This book is completely re-typeset for this 5th reprint by Christian Focus Publications.",372
Cruel Angels Pass-by,"Angels are hither and thither. However, some angels are not so sweet. In particular in the case of this man. A man who lived normally. Spending sleepless nights, indifferent to neighborhood events, but he got an event of his own by a sound. It was the beginning of all.
A short story of about 2500 words.",304
Romans: An Exposition of Chapters 3.20-4.25: Atonement and Justification,"In this volume the preacher moves step by step through the massive reasoning of the Apostle Paul on atonement and justification, yet the detail of the exposition does not stand in the way of a clear view of the whole, and the reader is constantly shown how every section fits in the theme of God's complete plan of salvation.",325
"Poor Jenny, Bright As A Penny","Fifteen-year-old Jenny Middle struggles to hold her family together despite poverty, constant moves, the jail sentence and drunkenness of her mother, and a sister tragically involved with drugs.
The title has been changed to UNSETTLED on the ebook edition, issued in 2011. This timeless story of growing up forty years ago will be as relevant and moving to girls of today as it was to those who read it when first published.",424
Old Man Logan (2015-) #3,"Having survived his first step in his quest across the realms of Battleworld, Logan has come face to face with the horrors mutantkind can produce. But mutants are not the sole purveyors of horror on this patch-worked planet. And Logan's job is far from finished. With his next step, Logan comes face to face with the sins committed by the machines of man.",355
Among the Lost,"Among the Lost, set in the modern American rust belt, is a meditation drawn from Dante's Purgatorio. To Dante, Purgatory was the mountain where souls not damned went after death to cleanse themselves of sin in preparation for entering Paradise. What, Steinzor asks, are we preparing ourselves for, having lost the fear of hell and the hope of heaven, in the course of our daily urban existence? And whatever that is, how do we go about preparing for it?",453
Devil to Pay,"Blake Turner had it all--until a demon decided to take residence in his soul. Plagued with constant black outs and a trail of dead bodies in his wake, Blake thinks vampire Elise is his best chance at ending the nightmare. It's just too bad he's fallen in love with the gorgeous vamp right before he has to die... Featuring characters from New York Timesbestselling author Jeaniene Frost's Night Huntress world. (Originally appeared in Four Dukes and a Devilanthology)",467
"Before Watchmen: The Comedian #3 (Before Watchmen: The Comedian, #3)","What happens when you find out the whole world is a joke? You become the Comedian. Writer Brian Azzarello teams with artist J.G. Jones to explore the mad mind of one of WATCHMEN's darkest characters.
""I am a blood brother."" Plus: Don't miss the CRIMSON CORSAIR backup story by writer LEN WEIN and artist JOHN HIGGINS!",317
The Witch Who Saved Halloween,"Witchard must solve a mystery. The situation is serious. Pollution is making it hard to breathe, buckles tarnish, and all sorts of unpleasant things are happening. And the witches are thinking of leaving the Earth to live on a cleaner planet!
Witchard finds a satisfactory solution to the pollution problem and in doing so meets some Earthling boys who become his friends and teach him to play touch football.",409
My Name is Charles Saatchi and I am an Artoholic,"One of the most influential art collectors of our time and founder of the global advertising agency, Charles Saatchi reveals his opinions on collecting, artists, dealers, advertising and investing in art with unflinching honesty. Famously reclusive, he has answered questions asked to him by journalists, critics and the general public about the art world and his personal life. The book?s release coincides with the BBC 2 broadcast of Saatchi?s Best of British.",462
"Casanova Was a Book Lover: And Other Naked Truths and Provocative Curiosities About the Writing, Selling, and Reading of Books","Providing a hilarious cornucopia of biblio-information, Hamilton--a longtime journalist and public radio commentator--proves the best way to study books is not to take them too seriously. His book, now in paperback, gives a succinct overview of the state of the industry today, including writing, marketing, promoting, reviewing, ghostwriting, and collecting. NPR radio giveaways.",380
Spellbound: Fantasy Stories,"This collection of eighteen stories introduces young readers to the best in both classic and contemporary fantasy. Featuring extracts from enduring classics such as Puck of Pook's Hill by Rudyard Kipling, C. S. Lewis's The Silver Chair, and Five Children and It by E. Nesbit, this anthology provides the perfect sample of a very popular genre. Carefully selected by Diana Wynne Jones, each story is sure to delight, enchant, and entice youngsters into the imaginative world of fantasy fiction.",493
Strawberries in November,"Like my first two books, ""The Orange Crystal-like Doorknob"" and ""The Ol' Dog and Duck,"" this one has fun, food for thought, and emotional feelings that I hope readers can relate to. But this one, although not exclusively so, has a theme running through many of the poems, and that theme is about getting older or maybe denying the fact and the general consequences. Some are thought-provoking, but I still like to have fun with the poems, so many of them I hope you find funny and enjoyable.",491
Only a Signal Shown,This is a long-distance love story set in several continents over three decades. Eleanor meets Alec at university but is forced to leave him in order to find out what she is truly capable of. She becomes an artist and eventually wins an international prize for travel writing. Meanwhile he is established in television.,319
The Fashion Committee,"What if one contest could change the course of your entire life?
Charlie Dean is a style-obsessed girl who eats, sleeps, and breathes fashion.
John Thomas-Smith is a boy who forges metal sculptures in his garage and couldn't care less about clothes.
Both are gunning for a scholarship to the private art high school that could make all their dreams come true. And whoever wins the fashion competition will win the scholarship.",426
Queer Fish,"Love takes many forms-and Queer Fish covers most of the ones you've never thought twice about! This eclectic anthology of gay fiction is packed with memorable couples just trying to make it work, whether ""it"" is as simple as distance or as complicated as figuring out how to date a headless ghost, an insidious incubus, an overworked superhero, or a big stupid Irish guy from South Boston. Whatever challenges these heroes face, there's never a shortage of passion, intrigue and zombie attacks.",494
"Called by the Bear, Part 6","As Carly Le Roux I'm an alpha, clan leader, and a mother. I thought my life as a tattoo artist was a closed chapter. But, Brady doesn't want me to lose the person I am and Sierra and I are presented with a new business opportunity that will open a few unexpected doors....
As Mrs. Lily Veilleux I've entered a world I didn't know existed. Becoming a werebear was my first shock, and I'm afraid there are more surprises on their way...",434
Craving Secrets: Everyone Has A Secret (Craving Series Book 3),"I've got a secret...and so do you.
We all have something we keep hidden from our friends, our families--and sometimes even from ourselves.
But nothing stays secret forever.
Sooner or later you trust the wrong person, a friend overhears a forbidden conversation, or your lover discovers the one thing you were sure was safely concealed.
It might devastate your family--or destroy your career.
You may think your secret is securely locked away...
But someone always finds the key.",478
God's Funeral: The Decline of Faith in Western Civilization,"During the course of the 19th century, the idea of God became unknowable and then scientifically impossible. And yet, as award-winning novelist and biographer A.N. Wilson asserts in this dazzling synthesis of biography and intellectual history, ""the God-Question does not go away"".Drawing on his wide-ranging knowledge of Western culture and engaging sense of biography, Wilson has written a profoundly important book about the emergence of a new imaginative order.",465
"Black God, Vol. 5","Still in Okinawa, Kuro and the twins unvover a Shishigami plot to systematically destroy sources of tera around the world! But the conflicted Keita isn't really in a position to be much help as he juggles getting to know his mother's doppeliner, Shinobu, with fulfilling his duties as Kuro's partner. But when the Shishigami invite Keita to join them, will that be enough to snap him out of his confusion?",405
Don't Forget to Come Back!,"Parents, kids, and babysitters alike will relate to--and laugh at--this all-too-familiar tale, wisely and wittily penned by an expert in child development and brought wickedly to life with detailed illustrations by a noted New Yorker cartoonist. With warmth, empathy, and a healthy dose of hilarity, Robie H. Harris and Harry Bliss capture the many emotions children feel when parents go out--and a babysitter comes in!",419
Stealing Water: A Secret Life in an African City,"Tim Ecott's family swapped Northern Ireland for apartheid Johannesburg in the 1970s. But just six months after arriving, the family was bankrupt and evicted from their home. Funny, witty and affecting, this is a very different African memoir about how the worst of times can become the most valuable period of a person's life. (Warning - may contain strong language)",366
"Edith Stein, a Biography","This is the powerful and moving story of the remarkable Jewish woman who converted to Catholicism, gained fame as a great philosopher in Germany, became a Carmelite nun, and was put to death in a Nazi concentration camp. Recently beatified by Pope John Paul II, Edith Stein was a courageous, intelligent and holy woman who speaks powerfully to us even today.",358
Madden NFL 08: Prima Official Game Guide,"Over 180 in-depth play breakdowns will have your game on overload.
* In-depth coverage of each NFL team.
* Super pass route combinations to shred the defense.
* Powerful online play strategies to make you more competitive than ever.
* Unleash the Hit Stick 2.0 to stop ball carriers in their tracks.
* Stats and analysis for Fantasy Football picks.",348
"Defensive Tactics (Defensive Tactics, #1)","Paul Stephens has it all--a wonderful job at the FBI, a new girlfriend, and a great apartment. Even when Jimmy, a friend from his past, unexpectedly ends up on his couch, Paul has no worries. But when arresting a corrupt judge puts his girlfriend's life in danger, Paul and Jimmy will do anything to save her. How far will Paul go to protect the ones he loves? Filled with suspense and action, Defensive Tacticsshows just how much the bonds of friendship can endure.",466
Lilies and Steel,"Jane Davis has worked two years growing her party planning business and it is finally paying off when she has the opportunity to plan a Gala for Daman Steel, CEO of Steel Publishing. She gets more than she bargains for when Daman decides that he must have her. Daman is a man who gets what he wants. Jane fights determined to keep everything professional even though her body wants more.",387
Three Men and a Maid,"When I said I would marry you, you were a hero to me. You stood to me for everything that was noble and brave and wonderful. I had only to shut my eyes to conjure up the picture of you as you dived off the rail that morning. Now--her voice trembled--""if I shut my eyes now, --I can only see a man with a hideous black face making himself the laughing stock of the ship. How can I marry you, haunted by that picture?""",416
A Small Child's Book Of Prayers,"A charming book of prayers to help little ones say, ""Thank you!""
To help children give thanks for the day's small blessings, Cyndy Szekeres offers a collection of simple prayers featuring her engaging woodland animals.
Filled with joy and faith, the fifteen prayers in this charming collection are guaranteed to become favorites for children and parents alike.",360
A Perfect View,"Cici is ready for all her favorite camping activities! She has everything planned for the trip with her dad, her sister, and her friend Kendra. But with Cici's new fairy powers, nature has more in store for her than she'd expected. A campsite mix-up, stormy weather, and a forest sprite keep testing her good spirits. Can Cici come to see the magic in surprises, before their whole trip is ruined?",397
The Swordbearers: Supreme Command in the First World War,"Four of the most important World War I commanders-in-chief helped determine its outcome--and, by extension, the course of the 20th century. Here are the stories of Colonel-General von Molke, who attempted to defeat France in a mere 6 weeks; Admiral Sir John Jellicoe, who struggled unsuccessfully to crush the German High Sea Fleet; General Petain, whose inaction led the French troops to mutiny; and General Ludendorff, who mounted a titanic German offensive...that failed.",474
Wash Me Away,"Monsters have a way of following you.
Immersed in a new world at boarding school, Addy Buckley learns she's not the only one with secrets. While trying to navigate the minefield of painful lies that seem to be rattling around her family's past, she meets soft on the eyes and heavy on the heart, Napoleon Blake.
When faced with the darkness, Addy must decide to cling to her new life and friends or let the monster carry her away. The choice is hers, sink or swim.",464
"Puella Magi Oriko Magica: Sadness Prayer, Vol. 2","Oriko sees her use of Kiriko as an attack dog against other magical girls as a justifiable means to achieving a greater purpose--protecting the world from the destructive force of Walpurgisnacht. However, their arrangement has piqued the interest of another magical girl, who has her own reasons for wanting a magical killer like Kiriko at her beck and call...Will her savory offer sway Kiriko's allegiance and leave Oriko herself open to attack?!",447
De Otio; de Brevitate Vitae,"This edition of Seneca's De otio and De brevitate vitae introduces undergraduates and more advanced students to Senecan philosophy. Both texts promote the benefits of living an inner existence insulated from everyday pressures. This edition emphasizes the relevance of the provocative Senecan message of a ""balanced"" life and his views on the complex relationship of the individual to society.",393
Montreal Stories,"'I grew up without a home - what was it, the south, Pittsburgh? - and by my mid-twenties the anxiety had grown palpable. My most potent memories were southern, but the inherited memories were of my parents' Canada, especially Montreal, where they had met and life had taken an improbable turn for both of them.",310
Soul Food,"A woman dead in a derelict hotel. Hardly an unusual sight working homicide.
Already under IA scrutiny, Blake must hunt the killer through a maze of cults, criminals, fake mediums, and things whose existence makes him question his sanity. All the while trying to shoot as few people as possible. Fatally, at least.
And there's the very unreal possibility of his soul becoming food for things that shouldn't exist.
A paranormal suspense story.",441
Lost Tales: Stories for the Tsar's Children,"Created for Tsar Nicholas's children in 1918, when they were held captive in Siberia, Botkin's poignant tales are by turns allegorical and political. Smuggled out of the Soviet Union in 1919, the beautifully illustrated tales are being published here for the first time. Foreword by acclaimed Romanov biographer Robert K. Massie. 50 color illustrations.",353
Saints' Lives In Middle English Collections (Teams Middle English Texts Series),"This volume is conceived as a complement to another Middle English Texts series text, Sherry Reames' Middle English Legends of Women Saints. This selection is intended to be broadly representative of saints' lives in Middle English and of the classic types of hagiographic legend as these were presented to the lay public and less-literate clergy of late medieval England.",372
X-Men Origins: Emma Frost #1 (X-Men Origins (2008-2010)),"Witness the birth of the White Queen! From the mousy girl from a rich New England family, to the rich and terrifying queen of a secret society, to the leader of the X-Men, Emma has cut a powerful swath through the Marvel Universe. See her rise to power in this one-shot by Valerie D'Orazio and Karl Moline!",306
"Sin City, Vol. 6: Booze, Broads, & Bullets (Sin City, #6)","Dark Horse proudly releases the latest Sin City collection from comics master Frank Miller. This new book features never-before-collected stories in Miller's harsh, dramatic black-and-white style, with some highlighted in a special color. This volume also features new art by Miller created especially for this collection. Collects The Babe Wore Red; Silent Night; Lost, Lonely, & Lethal; Sex & Violence; Just Another Saturday Night; and more.",443
13 Rue Thérèse,"As he settles into his Paris office, American academic Trevor Stratton discovers a box full of century-old artifacts. The pictures, letters and objects in the box relate to Louise Brunet, a Frenchwoman who lived through both World Wars. But, as he becomes enamoured with the feisty lady in his mind, he notices another alluring woman.",334
"Nightwing: Rebirth #1 (Nightwing 2016, #1)","He's been Robin, Batman, a spy, a ghost. Now, Dick Grayson returns to Gotham City to reclaim the life that was taken from him. But when a new evil threatens those he loves most, Nightwing faces being torn away from home once again in order to destroy the dark force once and for all. Powerhouse artist Yanick Paquette (BATMAN, SWAMP THING) joins series writer Tim Seeley (GRAYSON, BATMAN & ROBIN ETERNAL) to return Nightwing to the DC superhero stage!",451
The Story Of Atlantis,"The place of origin of the Tlavatli or 2nd sub-race was an island off the west coast of Atlantis. The spot is marked on the 1st map with the figure 2. Thence they spread into Atlantis proper, chiefly across the middle of the continent, gradually however tending northwards towards the stretch of coast facing the promontory of Greenland.",337
Eating Peaches: What Happens When You Swap City Lights for the Simple Life?,"There is nothing wild about Elena--every inch of her shiny blonde hair and tailored suit screams modern working woman. But all that is about to change, thanks to a man called Tyrone Power. He's her boss and is about to offer her the promotion she's always wanted, but there's a catch--she has to set up a new office for him in his sleepy home town of Ballyknock.",362
Dinosaur,"Full-color photos. ""From cover to cover, this openly invites the reader to discover the delights of dinosaurs. The visual appeal is impressive. The text is informative. Fossilization, skeleton reconstruction, and a superb time scale round out a stunning and compelling book. Complete, authoritative, exact, and imaginative, it is sure to survive when other dinosaur books become extinct.""--(starred) Science Books & Films.",422
100%,"All five issues of the groundbreaking sci-fi miniseries from writer/artist Paul Pope are collected is here one stunning package. This ""graphic movie"" tells three separate but interconnected stories in Pope's trademark dynamic style, shifting viewpoints and characters across the urban maze of 2038 Manhattan. Filled with wit, charm, sex and menace, 100% brings a surprisingly true-feeling future to gritty life. Suggested for Mature Readers.",441
Here I Stay,"The HauntingTurning a decrepit old mansion into a beautiful country inn isn't easy, but for Andrea Torgesen, the hard work is exactly what her young brother, Jim, needs after a serious car accident. Or, so she thinks--until Jim is haunted by unearthly voices and eerie visions, and becomes obsessed with a long-neglected graveyard. Suddenly, the impossible becomes terrifyingly possible and Andrea must battle an evil force that threatens to destroy their lives.",462
The Easter Bunny,"Jeff has always found comfort in the sense of community he gets from his church. He grew up with these people, and they know everything about him... except that he's gay. When a cute, new boy shows up as a volunteer Easter Bunny, Jeff decides to finally make a move, but the choices he makes on this Easter Sunday could completely change the life he's always known.",365
Forensic Astrology for Everyone,"Forensic Astrology is both science and art. Using this new method of chart analysis, you can solve mysteries, locate lost objects, project the outcome of events and find clues in cold cases. You no longer have to be an Astrologer to do these things. Using this new method of analysis along with the reference tables and charts in this book, you can quickly learn to read forensic charts. There is no need to memorize anything.",426
What Every Woman Wants in a Man/What Every Man Wants in a Woman: 10 Essentials for Growing Deeper in Love |10 Qualities for Nurturing Intimacy,"Opposites Attract...and can thrive in a marriage built on God.
The book starts with the results of a survey detailing the ten most important qualities that each man or woman wants in a spouse, then teaches us how we can be the person who breeds that quality in our husband or wife. Throughout the book the authors use their own personalities and experience with marriage to demonstrate how to do marriage right.",411
"Talons of Power (Wings of Fire, #9)","The war is over. The false prophecy has been fulfilled. But the dragonets still have enemies. A dark evil, buried for centuries, is stirring.
And a young NightWing may have had the first true prophecy in generations . . .
Something is coming to shake the earth
Something is coming to scorch the ground
Jade Mountain will fall beneath thunder and ice
Unless the lost city of night can be found.
Don't miss the next chapter in the epic, bestselling Wings of Fire series!",468
Nathanial's Window,"Tommy Cooper's life is hellish...that is, until it gets worse. A series of devastating losses later and Tommy's in the wrong place at the wrong time. Again. When he and his friend, Nicky, desecrate a tomb in an all but forgotten part of the cemetery, they unleash a power they don't have the ability to reckon with. Hell was just the easy part--the part before Jesse Eades came back!",383
Resonance,"Twins Kirsten and Kaytlin enjoy living on a secluded wooded estate, until strange events take place around their home after Kieran buys a mysterious painting. Kaytlin is convinced the painting is a mystical object, but Kieran is convinced that nothing is wrong. Who's right? Is it a coiencidence, or something else?",315
"Assegai (Courtney, #13)","1913. Leon Courtney is in British East Africa guiding rich and powerful men from America and Europe on safaris in the Masai tribal territories. One of his clients has a company which builds aircraft and vehicles for the Kaiser's army. He hadn't bargained on falling in love with Eva, the Count's mistress.",305
Even Fairies Fart,"Jill Davis at HarperCollins/Katherine Tegen Books has bought world rights to Even Fairies Fart, a picture book by psychotherapist Jennifer Stinson that addresses the embarrassing things we all do. Rebecca Ashdown is set to illustrate, and publication is scheduled for summer 2017. Liza Dawson of Liza Dawson Associates represented the author, and Anne Moore Armstrong of The Bright Group represented the illustrator.",416
How Turtle's Back Was Cracked: A Traditional Cherokee Tale,"Long ago when all the creatures still spoke the same language, Turtle's back was smooth and shiny. Then one day a wolf tried to steal persimmons from Turtle and his best friend, Possum. It was Possum who fixed the thief but Turtle convinced himself that he was the mighty hunter who had slain the greedy wolf--and his boastful ways soon lead to trouble. Full color.",365
Scandalous Defense,"Dominic Maldoven is a legitimate businessman who just came back to town, but he'll never shake his family's notorious reputation. It shouldn't even be a surprise when he winds up arrested for murder just weeks after his return to Minneapolis. Hotshot attorney, Raven Lassiter, knows it should be a clear case of self-defense, but everything is a lot more complicated-especially since her handsome client keeps trying to get her to break the rules.",447
Delia's Dull Day,"Poor Delia, nothing ever happens to her. Her life is so dull, dull, dull. But perhaps if Delia decided to look up or turn around, she'd see the elephants marching through her house the pirate sitting behind her on the school bus or even the submarine that rises to the surface right after she leaves the pool! If Delia ever paid attention, she'd realize her life is quite exciting after all.",391
Interstate 64,"His name is Tom, just Tom. After a tumultuous childhood of ill begotten love and psychological torment, Tom decides it's time to leave his past behind and make a new life for himself. He strikes out on his own, taking to the roadways, leaving death and destruction in his wake with remnants of his previous life haunting him at every turn. The interstate will never be the same. Are serial killers born or bred? Find out in Interstate 64.",438
"One Degree Beyond : A Reiki Journey Into Energy Medicine(Your 21-Day Step by Step guide to Relax, Celebrate and Open) With New Material from the Usui Diaries","Put Reiki to work in your life with Janeanne Narrin's ""One Degree Beyond,"" the only Reiki book in a workbook format. The book is a ladder of opportunity to release stress, find creative zest, and BE something different ""Awareness Magazine"" writes: ""What a pleasure to find a book on Reiki that has the ability to bring healing, even by reading it "" Nominated for the prestigious PNBA Award.",390
The Invisible Force: 365 Ways to Apply the Power of Intention to Your Life,"Dr. Wayne W. Dyerhas put together this little book in order to convey the fact that intention is a field of energy that flows invisibly beyond the reach of our normal, everyday habitual patterns. It's a force that we all have within us, and we have the power to draw it into our lives by beingthe energy we want to attract.
Use the uplifting material within these pages to bring the power of intention into your life for many years to come, and experience the world in a new and exciting way!",492
Solemn Contract,"Connecticut, 1720: In an attempt to give his family financial security, school master Jem Bradley hires himself out as an indentured servant - and thus begins an odyssey which will take him to the small settlement of Kennet and a burgeoning friendship with enigmatic blacksmith Will Middleton. Trouble is never far away, however, and when Jem is accused of committing a bloody murder his future begins to look very bleak indeed...",430
"The Discovery (Robert Irwin, Dinosaur Hunter, #1)","Discover a world of prehistoric adventure with Robert Irwin! After discovering a dinosaur fossil in outback Queensland, Robert stumbles upon a way to travel back to the Australian age of dinosaurs, 95 million years ago! But dodging a dinosaur stampede isn't Robert's biggest problem. If he can survive the day, how will Robert find his way home?",345
Copywriting For The Rest Of Us (Marketing For The Rest Of Us #2),"Copywriting advice for the rest of us.
This second book in the Marketing For The Rest Of Series will take you step-by-step through the process of learning how to craft your very own high converting sales page without the need of hiring an expensive copywriter.
Words sell, and if you know how to write them the universe will reward you.
Join Mike Shreeve as he takes you by the hand and turns beginning copywriters into sales page creating experts!",448
Figuring Out Geometry,"Triangles, segments, and angles, oh my! But dont worry; this book makes it all clear. Learn about circles, symmetry, and line relationships. Practice finding perimeters, areas, volume, and circumference. Whether you are learning this information for the first timeon your own or with a tutoror you would like to review your math skills, this book is a perfect choice. And dont forget to download the FREE WORKSHEETS for even more practice!",439
The Beginner's Guide To The Gift Of Prophecy (Beginner's Guides,"Using examples from his extensive experience, theologian and top-selling author Jack Deere explains the gift of prophecy and its essential contribution to the church. His straightforward presentation demonstrates that prophecy is not an exotic frill but an important gift for building up the body of Christ. He offers sound pastoral wisdom for the discernment and use of the gift to help readers avoid abuses and excesses that may occur in the exercise of the gift.",465
Hunting Them Gently,"Detective Peter Murphy has been given a second chance when he is shot twelve times. He must return as Detective Alex Weller and solve strange and unexplainable crimes that will push him to the limits. If he successful he may be able to return to his wife and son. He doesn't realize there are hidden forces working to destroy him.
A woman is shot in the head while sitting in her car. Her baby is missing. Detective Weller must find who did it before any more babies are kidnapped.
7,400 words",493
Catalogue Houses Eatons and others,"Les Henry, a professor at the University of Saskatchewan, grew up in a foursquare farmhouse originally ordered from a catalogue. In the late 1990s he and his wife began to research and visit many catalogue houses across Western Canada, and he compiled this book of original house plans, personal histories and current photographs. It is self-published, and the author makes no claims to accuracy, but his years of academia are visible in this carefully-crafted product.",469
Margot and Rosalind,"http://www.tor.com/2017/03/08/margot-...
Original Fiction, Short Story
On International Women's Day, several of the best writers in SF/F today reveal new stories inspired by the phrase ""Nevertheless, she persisted"", raising their voice in response to a phrase originally meant to silence.
The stories publish on Tor.com all throughout the day of March 8th",355
Bow-wow Wiggle-Waggle,"What begins as a playful game of fetch between a boy and his dog turns into a wild goose chase that springs from one page to the next in this delightful book. Young readers will find themselves caught up in the bright and charming watercolor paintings as they follow the pair on a frolicking escapade, and ultimately, to an endearing reunion.",342
Man,"Man is premised on the fact that most individuals in our culture have, over the last two generations especially, drifted beyond rebellion or rejection of spiritual matters into a purely worldly menu of causes to explain what occurs to them. Nonetheless, the spiritual--in a universal sense although here it is referenced by the Judeo-Christian tradition--retains, strangely, its capacity to condition and inform our sense of the man-character's life.",450
Return to Lovecraft Country: Fifteen Frightening Forays into the Lovecraftian Landscape,"Take a journey through the New England of H.P. Lovecraft and return to many of the locales immortalized in his chilling tales of the Cthulhu Mythos. You will be guided by some of the finest authors of horror fiction, both past and present, as well as many up and coming talents who will take the dark children of Lovecraft into the mellennium. This collection contains works by T.E.D. Klein, Richard Lupoff, Thomas Ligotti, C.J. Henderson, and a rare reprint of a story by the great Lin Carter.",494
The Art of Barbie,"Say happy birthday to an American legend. Introduced 35 years ago, Barbie is by far the most popular doll ever created. To celebrate, over 100 artists, photographers, fashion designers, illustrators, and Barbie-philes created a stunning visual homage in full color and black-and-white. Witty, surprising, and irreverent interpretations, from the creator of The Art of Mickey Mouse.",381
Quennets,"The poetic form used in these pages is one invented by Raymond Queneau in his 1975 bookMorale elementaire; it has come to be called the ""quennet"", after its inventor, as it has one more line than a sonnet. The three sequences which make up this collection experiment with psychogeographical quennets inspired by walking around the Essex estuary and the Berlin Wall Trail, with the final sequence retracing the steps of W.G. Sebald through Suffolk.",447
Pet (Billionaire's Pet #1-3),"Billionaire CEO Griffin Montgomery thought he could buy the sexual submission of unemployed charity analyst Katelyn Willow without losing his heart.
He thought wrong.
**********
This 44,200+ word series collection is for readers who crave a dominating billionaire who wants more from his naive pet than her body and obedience. He wants her heart -- even if he hasn't quite figured that out for himself! (Available separately as Billionaire's Pet 1-3)
**********",461
Dragons and Dragon Lore,"Fascinating book teems with information about powerful serpents of the deep and land-roving, fire-breathing monsters that first appeared in the creation myths of the ancient Far East. Dragons in China, Korea, and Japan are covered, as are those in Babylonian and Egyptian legends, and in English, Irish, and French tales.",321
Reaching Kendra,"She has an exciting life with a dangerous job.
He's bored and lonely but doesn't trust beautiful women.
But then he meets Kendra and throws caution to the wind.
When the world comes between them, separating them first with senseless violence, then with lethally good intentions, Keith will do anything to reunite them.
Even if everyone thinks he's completely lost his mind.",373
First Time at the Swinger's Club: Group Sex Erotica,"My wife told me to be prepared for something special, and to make sure I got plenty of rest because it may be a long time before we were able to come home. To my surprise, we didn't go to any old strip joint or bar, but she actually brought me to a swinger's club, where another woman humps me, licks my wife's juicy vag, and let's my wife fuck her man... we kept going all night with several couples doing the same...",418
The Manufactured Home Buyer's Handbook,"This handbook details the steps the shopper must follow when buying a manufactured home. It offers advice on choosing a dealership, negotiating with sales people, understanding mortgage options, avoiding common trouble spots in setup and delivery, and customizing the new home. Included as an appendix are the addresses of the state agencies dealing with consumer concerns about manufactured housing.",400
The Films of James Cagney,"Librarian's Note: this is an alternate cover edition - ISBN 10: 0806502770
This book is the complete record of Cagney's career, illustrated with hundreds of stills selected from every film he made. The films are presented in chronological arrangement, complete with cast listings, credits, synopses and reviews. The book contains a biographical study of Cagney, the man and the actor, as well as many candid photographs - some hitherto unpublished.",448
Stripping for Daddy,"Virgin runaway, Holly, is a big girl now, all grown up and ready for her first job as an adult. Her career choice? Stripper. But, when she arrives at Roxy's, she's surprised to find out that her ex-foster father is the owner... and that he'll be ""interviewing"" her. What starts as a pole dance quickly turns into something more when ""Daddy"" shows Holly how happy he is to see her again. (5,000 words)",400
Mary Had a Little Lamp,"Updating the classic rhyme with ""appliance humor,"" gives this book a hilarious twist and a great new take on the ""beloved transitional object"" story. Mary has a little lamp that she takes everywhere: to school, the movies, the circus, the zoo, even a wedding. One day Mary heads off to summer camp without her bendy-necked lamp and discovers that life without a lamp isn't so bad! In fact, when Mary returns home, her little lamp stays on her shelf for good. Now what will she find instead?",490
"Wampeters, Foma and Granfalloons","Wampeters, Foma & Granfalloons (Opinions)is a rare opportunity to experience Kurt Vonnegut speaking in his own voice about his own life, his views of the world, his writing, and the writing of others. An indignant, outrageous, witty, deeply felt collection of reviews, essays, and speeches, this is a window not only into Vonnegut's mind but also into his heart.",362
Just Sixteen,"Sam and his mates enjoy boasting about their success with girls, until Sam meets Priya. Suddenly, girls are no longer just sex objects or trophies. He can actually talk to Priya and he cares about her. But of course he fancies her too, and Priya feels the same way about him. Making love feels right for both of them. But what happens when Priya discovers she is pregnant?",372
Better Off Wed?: Fling to Ring--how to Know Which Finger to Give Him,"With this no-holds-barred guide, women will learn the truth about their relationship--for better or worse--before it's too late. Packed with advice, hilarious quotes, and real-life insights, this book helps women answer the tough questions, make the right decisions, and determine if they truly are ""better off wed.""",316
I Was Thinking of Beauty,"It's been said about Lea that ""this extraordinary poet finds an elegance and beauty that can be glimpsed throughout his often harsh landscape."" This new collection evidences that skill. Here the natural world coexists with the poet's boundless intellect. Lea's keen narrative eye keeps us fully in the present as he reminisces on the past--which Lea unravels, chisels away at in search of a deeper understanding--so vivid it could be our own.",442
The Official High Times Pot Smokers Handbook: Featuring 420 Things to do When You're Stoned,"Since 1974, High Timesmagazine has covered marijuana in all its aspects and wonders, from cultivation to legalization to the herb's enduring (and exalted) place in popular culture. Packed with inside information, The Official High Times Pot Smoker's Handbookrolls up all of this collected wisdom into one indispensable ganja guide. With a life-changing list of 420 things to do when you're stoned, this is truly, finally, the ultimate guide to green living.",457
"Loving Eliza (South Dakota Historicals, #1)","John Evans has never belonged in his small town, so when Eliza shows up and treats him better than anyone ever has, he's ready to marry her before she finds someone she'd rather be with. But she harbors a secret that makes someone like her unsuitable for marriage, and she is determined that no one will ever find out. Ever. Until her secret is out. Then who is going to dare love a woman like her?",398
Gorgeous Gifts: Use recycled materials to make cool crafts,"Wow friends and family with eco-conscious, cool, and highly individual gifts that cannot be found in any store -- perfect for birthdays, holidays, and much more! From cute and colorful sock puppets for a younger brother or sister to a stylish stationery set for Dad and a beautiful bracelet for Mom, these accessible and easy-to-follow projects will keep children engrossed for hours.",384
A Love Called Wildflower,"Featuring poems expressing love, loss, and life, A Love Called Wildflower is one writer's struggle to deal with the emotions left behind in the wake of the unforeseen. Written with a unique voice, and unusual style, these poems will pull you in and take you along for the ride, hopes and heartbreaks alike.",306
Mrs. October Was Here,"Mrs. Septimus October, a lady of vastwealth whose hobby is revolution descends with her mysterious entourageto stage her great experiment one aimed at ridding the world of hatredby focusing it on one single individual and destroying him. Her strangecadre of agents grows amid surprising, even sinister circumstances. Herbright and terrible revolution, however, takes a turn she had notanticipated, and the novel reveals itself as a ferocious, many-leveledfable.",461
"His Angel (The Angel Trilogy, #1)","When Evan Young walks into Abigale Hayes's life she falls; mind, body, and soul for the man she thinks he is, having no idea that the secrets he holds in his hands will destroy the girl she is. Abigale must decide how the truth will affect the relationship that has her craving more with every breath she takes and how she will take revenge into her own hands. Evan will die to protect Abby and will kill for her too. The events that unfold will change who Abigale Hayes is forever.",482
Elfquest Book #09: Rogue's Challenge,"Rayek. To followers of the Quest, the name speaks of pride, magic and, thwarded ambition. Why is the black-haired Sun Villager the way he is? What secrets lie buried in his centuries-old past? What drives him to become the rogue elf who issues the final challenge to Cutter, Blood of Ten Chiefs -- his only rival -- for the love of the healer Leetah?",350
The Last Of The Menu Girls,"THE LAST OF THE MENU GIRLS is comprised of seven interrelated stories that, through shifting narrative voices, define the protagonist, Rocio Esquibel, as she takes stock of her family and society. An acute awareness of accent, tone and dialect enliven characters rarely depicted in fiction: janitors, gardeners and nurse's aides.",329
The Christmas Crocodile,"On Christmas Eve Alice Jayne finds a crocodile under the tree. The Christmas Crocodile doesn't mean to be bad, not really, but soon he is eating everything in the house, even the Christmas tree! ""Send the beast to Africa,"" huffs Uncle Theodore. Aunt Figgy thinks he should be put in an orphanage. ""Maybe the zoo?"" suggests Father. But Alice Jayne wants to give him a home. Will their Christmas survive if she doesReaders' appetites for humor will be well satisfied by this rollicking holiday treat.",498
"Nothing Venture, Nothing Win","The remarkable life story of one of the greatest adventurers of our century - conqueror of Everest, Antarctic explorer, friend of the Sherpas and tireless traveller. A man of outstanding physical bravery and skill, yet heart-warming modesty. A man whose triumphant achievements will ave a permanent place in the records of human endeavour.",339
"Nakedella 5 (Nakedella, #5)","After weeks of confinement in the Lair of the Midnight Demons, Nakedella wins her freedom with an exhibition that would make a virgin burst into flames. She negotiates with spirits, and brokers a treatise with the sun in an effort to reach her goal. Doing whatever she can to wake stone prisoners is a bit of a stretch. With her happily ever after just out of reach will Nakedella ever find her way to The End?",410
The Initiate: A Divergent Story,"More Four! Fans of the Divergent series by #1 New York Times bestselling author Veronica Roth will be thrilled by ""The Initiate,"" the second of four new short stories told from Four's perspective. Each brief story explores the world of the Divergent series through the eyes of the mysterious but charismatic Tobias Eaton, revealing previously unknown facets of his personality, backstory, and relationships.",407
"Wyst: Alastor 1716 (Alastor, #2)","The Alastor Cluster is made up of thirty thousand inhabited planets whose sole protector of law is the mysterious Connatic. On Wyst, world 1716 of the Cluster, can be found a Utopia - or so it seems; in one great city live millions of people, sharing alike, working in absolute equality for just a few hours a week. But there is something decidedly strange about it all...",372
Batman: Black and White Vol. 4,"The legendary, Eisner Award-winning series BATMAN BLACK AND WHITE returns in a brand-new volume featuring tales of The Dark Knight by some of comics' greatest writers and artists such asChip Kidd, Michael Cho, Neal Adams, Joe Quinones, Maris Wicks, John Arcudi, Sean Murphy, Sean Murphy, Rafael Albuquerque,Howard Mackie and Chris Samnee! Collects Batman Black and White #1-6.",376
"Awkward Silence, Volume 03","Yuji Sagara has enough worries already trying to find a part-time job to pay for college while his mother is in the hospital, so he's not happy that Takahito Kagami is adding to his troubles. Kagami is an incorrigible flirt, and all the girls on campus are after him, so why would he steal a kiss from Yuji...?",310
Classic Animal Stories,"Enter a world of curious elephants, terrible tigers, and courageous horses. Follow the adventures of a seal searching for a safe home, a rabbit trying to outwit a wolf, and a mongoose who must protect his home from a terrible threat. Crammed with timeless tales and beautiful illustrations, Classic Animals Storiesis a wild and wonderful collection for children to treasure.",374
Behind Bars (Cell Mates #1),"Arrested for a crime he didn't commit, eighteen year old Riley Parker is forced to carry out his sentence in prison. He expects a cold, hard life, filled with danger and uncertainty. What he doesn't expect is his cell mate Nathaniel Greyson. Nathan is gorgeous and more than a little frightening, but Riley soon finds himself feeling much more than attraction for this hard man, but you can't fall in love in prison..can you?",425
TouchThinkLearn: ABC,"Using the same innovative production technique and brilliant aesthetic cheered by parents, educators, and children alike in the acclaimed TouchThinkLearn series, here is an alphabet that literally adds a new dimension to learning. Raised die-cut pieces nestled in mirroring indented cut-outs engage readers on both visual and tactile levels. An impressive gift, this exquisitely executed design object is above all else a fabulously fun and educationally essential alphabet book.",479
How to Make a Great Presentation,"Perhaps you have never presented before or you are a nervous presenter or English is your second language and you dread presenting. Whoever you are this simple step by step method of presenting will be able to help you. Covering areas from understanding your audience to creating an easy but effective introduction to designing your slides and more.
This book is a short but essential read.",390
Berkshire Hathaway Letters to Shareholders,"This book compiles the full, un-edited versions of every one of Warren Buffett's letters to the shareholders of Berkshire Hathaway. In addition to providing an astounding case study on Berkshire's success, Buffett shows an incredible willingness to share his methods and act as a teacher to his many students.",309
The Darkness: Darkness/ Batman & Darkness/ Superman 20th Anniversary Collection,"Celebrating the 25th anniversary of Image Comics and the 20th anniversary of THE DARKNESS, this special volume collects THE DARKNESS ORIGINS (Issues one through six and Preview), THE DARKNESS/BATMAN, and THE DARKNESS/SUPERMAN! This is a one-time printing in honor of the anniversaries, so don't miss out!",304
Cruising for Murder (Myrtle Clover Mystery #10),"When Myrtle and her friend Miles set out for adventure on the high sea, they assume most of the trip's excitement will result from shore excursions to charming Alaskan villages.
They feel as if their ship has come in. But when a fellow passenger disappears, Myrtle realizes she must seize the helm and find the killer...before more souls are lost.",347
Life in the Father's House: A Member's Guide to the Local Church,"This book introduces us to the meaning of church membership, the traits of a good church, and how we are to function as parts of the body. Written for lay men and women, it includes practical discussions on church leadership, male and female roles, worship, spiritual gifts, confrontation, unity, and prayer. Revised and expanded with study questions and new conclusions.",371
Angst and the Abyss: The Hermeneutics of Nothingness,"This book takes Angst in the face of the abyss as its unifying metaphor. After a historical survey of Angst from ancient religions to Jacob Boehme, David K. Coe goes on to examine critically Angst in Kierkegaard, Heidegger, Sartre, and Tillich. He concludes by summarizing Angst in two modes: as a ""reflective apprehension"" of a self standing at the abyss (Sartre and Tillich), and as a ""pre-reflective apprehension of the abyss itself (Kierkegaard and Heidegger).",464
"Creampied Cutie (Fun With His Daughter's Friends, #1)","When Eddie spots his daughter's friend Kendall walking home at night, he helpfully stops to give her a ride. When the two get to talking, this naive young sweetheart reveals that she's got a lot to learn. Luckily, Eddie is there to give her the lesson that she needs!
This 3100 word story includes a confused young lady, a new bachelor Dad, sex in front of a fireplace, and an impregnating creampie!",399
Magic in Memphis,"Magic in Memphis...a Wiccan Yule Story.
Wicca practioner Victoria Bryant has a busy career in Atlanta. Her life is complacent until she meets sexy Englishman James Wellington at a holiday event. Will he break her heart at Yuletide? Or will a chance meeting in Memphis reveal a future filled with magic?",302
Sing a Season Song,"The shivering cold of winter. The fresh, new signs of spring. The toe-wiggling freedom of summer. The leaf-dropping days of fall. Each season is celebrated for many different reasons, but one never fails to roll right into the next. Jane Yolen's lilting verses and Lisel Jane Ashlock's sensitive portraits convey the cyclical nature of the seasons in this poetic tribute to the characteristics of the four periods of the year.",426
Moved - Move Me,"Kaydee and Mason set the stage alight. But off stage they are determined to keep things platonic.
She wants someone who ticks all the boxes on her 7 point checklist.
He wants non committed fun with blondes.
They have strict rules. With each other, and with their best friends.
Best friends are forbidden fruit.
And forbidden fruit are too hard to resist...
Part One of Move Me, 20k word Novellas.
K.M.Liss novels contain sex and adult language. 18+ advised.",457
Nugget and Fang: Friends Forever--or Snack Time?,"Friends forever--or snack time? 
In the deep ocean, tiny Nugget and big, toothy Fang get along swimmingly--until Nugget's first day of minnow school. There Nugget learns that minnows are supposed to be afraid of sharks! To regain Nugget's trust, Fang takes desperate (and hilarious) measures. But it's not until his big sharp teeth save the entire school that minnows learn this shark is no foe. Fantastically stylized artwork adds even more humor to this undersea story of unlikely friendship.",494
Audio Demystified,"The fast and easy way to learn audio-frequency electronicsThis new addition to the Demystified series offers practical, easy-to-understand information on the latest audio-frequency (AF) electronics technologies. You will learn basic electronics and mathematical concepts, followed by details on speakers, microphones, amplifiers, and equalizers. Specialized topics include computer recording, home and car audio system installation, amplifier design, and live sound reinforcement.",480
True Tangerine: A Collection of Intertwining Tales of the Everyday Lives of Ordinary People,"Set in a Midwestern small town, this novel follows a series of characters whose lives and goals intersect multiple times. From heartache to newfound love, deep loss to new life; the wide variety of experiences intertwine to bring people together and write a single story. Step into their worlds and watch them collide.",318
Nonplayer #1,"The future kind of sucks, and that goes double for Dana Stevens - she's stuck in a dead-end tamale delivery job, and she's way too old to be living with her mom. But in the online fantasy world of Jarvath, she's an elite warrior. When she slays the wife of celebrity game character King Heremoth, her fame seems all but guaranteed - that is, until the game spins totally out of control.",386
Don't Haunt This Place,"Seventeen-year-old Amanda has just learned that she's pregnant by her crack-dealing boyfriend. Estranged from her family and most of her friends, the pull of the drugs, Billy, and her old way of life is strong. But she can't do to her baby what her mother did to her. She has to find a way to break the cycle.
""Don't Haunt This Place"" is a contemporary YA short story, and includes a sample of ""The Engine Driver.""",414
Slow Startle,"Rohan Chhetri's Slow Startle is a collection of poetry. The inaugural winner of the Emerging Poets Prize, the collection was selected by Jeet Thayil (Narcopolis) and represents the best of contemporary poetry from India. Vibrant and haunting, the poems within leave the reader in a still and shimmering wake.",308
The Lost Crown of Sodor,"Knights in armor, ruined castles, long-lost treasure, and friends in danger on the Island of Sodor are all part of a brand-new movie, ""King of the Railway,"" starring Thomas the Tank Engine and his friends. This Thomas & Friends story, adapted from the movie, will thrill train-obsessed little boys ages 3-6. It's a tale they'll want to read again and again!",357
Christmas Companion,"A cornucopia of recipes, traditions, and stories, all carefully chosen to reflect the spirit and meaning of that most festive day of the year. It's an invaluable sourcebook for planning family fun and reawakening fond memories of Christmases past. Illustrated with over 100 line drawings and woodcuts.",301
Mated To A Lion,"Shawn Edwards has just arrived in Africa for his work as a wildlife photographer. He's there to study the creatures that have fascinated him since he was a kid: lions. When one lion transforms before his eyes into an incredibly sexy man, Shawn realizes that his trip is going to be much sexier than he anticipated. This lion man is looking for a mate, and Shawn is just his type.
What better way to capture his subject than an up close and personal encounter?",459
Ultimate Comics Avengers: Blade vs. The Avengers,"Vampires are afoot! Somebody is leaving behind a bloody trail of bite marks and Blade's stake-ready to take them on. Could the figure in an iron suit be involved? And what about the new figure leaping around in a devil costume? By superstar creators Mark Millar (Civil War) and Steve Dillon (PunisherMAX)!
Collecting: Ultimate Comics Avengers 31-6",347
Mystic Valley,"Matt Compton died mysteriously a year ago while camping in Mystic Valley which sits next to McClain Army base. A place where strange thins happen. Now Matt's brother Tony along with friends Brandi and Scott are going to sneak in to the base to find answers. The problem is not getting in, but getting out. Find out what mysteries they discover in this suspense thrill that adds conspiracy and horror to the mystery.",415
Junior Miss,"Judy Graves is the girl everyone knows. She's the kid next door who wears a sloppy sweater, two charm bracelets and a locket with pictures. Judy is one of the crowd giggling and laughing in the corner of the drugstore. But she's also the child who becomes a young lady the day she puts on her first formal gown. Judy is every teenage girl. She personifies the realities and fantasies of the in-between years, the joys and heartaches of growing up.",447
"Dark Star (Night Soldiers, #2)","Dark Star may be the most authentic espionage novel ever written. Set in the period of the Stalinist purges, it captures not only the intrigue and danger of clandestine life but the ennui, the bureaucratic infighting, the seediness of cheap rooms, the hasty moments of furtive sex, and the moral compromises of a life whose only goal becomes surviving a world where nothing is clear and betrayal is as common as death.",418
Heroes of the Holocaust: True Stories of Rescues by Teens,"Maria Andzelm was a Catholic teenager whose family took in two Jewish men in Nazi-occupied Poland and hid them under their barn floor. She brought them food and books, but they were caught and paid a terrible price. Maria's stirring story is one of five featured in this important book of young people putting their lives on the line for others.",345
Sadie the Air Mail Pilot,"ONCE UPON A TIME a few brave pilots in little planes flew the Air Mail. No wind, no rain, no cold, or flu, Can stop the Air Mail getting through!
Sadie is a brave and fearless pilot who overcomes the elements - and even a plane crash - to deliver the mail. Like all the dedicated Air Mail pilots, she is kept busy by the arrival of never-ending sacks of mail and the Air Mail HQ chief who barks orders at his staff. But that won't stop Sadie from getting it delivered.",468
Incredible Change-Bots Two Point Something Something,"The bestselling author of Darth Vader and Sonand Jedi Academypresents the latest installment of his shape-changing robot parody series. Collecting rare and never-before-seen material, Incredible Change-Bots Two Point Something Somethingincludes short stories, gallery art pieces, game and toy designs, artwork created for fan club members, interviews with almost every Change-Bot, and more.",390
A Very McStuffins Christmas,"Christmas Eve is full of surprises at the McStuffins house! When the toys sneak downstairs to leave Doc's present under the tree, they find Tobias, one of Santa's elves, delivering toys. But Tobias accidentally drops Donny's robot toy and breaks it! Doc and the gang head out on a magical rescue mission to the North Pole to visit Santa's workshop and fix the toy before Christmas morning. Includes special sparkly stickers for even more holiday fun!",450
"Basara, Vol. 25","Sarasa has led her army to victory, faced down King Ukon, and won the hearts and minds of her people. Now, in the final hours of battle, her actions--and Shuri's--will decide Japan's ultimate fate. Sarasa began her quest in Tatara's shadow. The time has come for her to step into the light, speak her real name, and accept her true destiny as the woman who will lead Japan into a new age of peace and freedom!",409
Justice League #47,"Super-star artist Jason Fabok returns as the second act of ""DARKSEID WAR"" begins! As the members of the Justice League struggle with their new Godhood abilities, Wonder Woman must turn to the beings that have fought the Anti-Monitor before: the Crime Syndicate! Plus, what secret does Grail hold that will change Diana's world forever?
This issue features open-to-order variant covers by Jim Lee that will be shipped in opaque polybags.",436
Forever Attraction (Attraction #2),"Brad has given Alexis an important choice. What will she decide? Will she walk the straight and narrow, ending her escort ways? Or will she forget about him and stay the path, enjoying her regulars and the cash that comes along with them?
Caution:This book contains heavy adult sexual content, and profanity. For ages 18+.",322
Russell Simmons Def Poetry Jam on Broadway ... and More,"This upbeat, one-of-a-kind collection brings the Def poets -- as featured in the Tony Award-winning Broadway show and popular HBO television program -- to life on the page. Among them: Suheir Hammad, Beau Sia, Steve Colman, Stacyann Chin, Mayda del Valle, Georgia Me, Poetri, and other well-established and up-and-coming Slam artists who have forever changed the face of poetry and offer a fresh, exuberant, insightful, and comedic look at who we are as Americans today.",470
We're Only Human,"We are flawed in our ways and yet His path is perfect. This is a story of individuals united by a common event, experiencing God's grace in unimaginable ways. A seedy story develops and delves into the underworld of human trafficking, drugs, death and life, connecting strangers whose hearts are open to all God can offer. Mans heart is no match for Christ's light; He knows our paths and is with us through it all.",415
"Bad Things Happen (Timely Tales of the Posthumans, #2)","Corbin Underwood and his son, Marshal, have set the standard for mentor-sidekick dynamics. As a former mercenary himself, Corbin taught Marshal how to think and work like the criminals they hunt. When one of the Rook's old rivals kidnaps his brother and shatters their family, Marshal uses that knowledge. This is the story of how the Little Bird fell.",352
15-Minute Diabetic Meals,"What can you cook in 15 minutes? More than you ever imagined! 15-Minute Diabetic Meals is packed with over 200 recipes that you can make in 15 minutes or less. By using convenience items - pre-cooked meats, poultry, and pre-cut produce - and taking advantage of the freezer section of the grocery store, you can make healthy meals in a snap!",341
Fancy & Adriaan,"Do you believe in love?
Do you really Believe in love?
Fancy & Adriaan is a fairy tale; a real love story.
Fancy was born in a flower, in a distant world.
Adriaan was born over tree branches, in the same world.
As a fairy and as an elf, they lived their lives and their platonic love, in that world.
One day, Fancy decided to seek permission to go to the human world.
Will Fancy & Adriaan's love survive?",404
Naked Girls Smoking Weed: Best of 420 Girls,"Could there be anything better? Naked girls smoking Marijuana, two of the best things on earth combined. Playboy Bunnies, Penthouse Pets, Amateur models and more, all promoting and standing behind Mother Nature! These are the top 420 girls from the 420 website and magazine, now between book covers for the first time. The finest selection of the hottest babesnbuds finally available as a delightful book.",405
"ME-109: Willy Messerschmitt's Peerless Fighter (Weapons Book, #4)","The Me-109 took to the air in 1935, and at war's end it could still fly and fight on even terms with the best fighters produced by its opponents. Through a host of variations and modifications, the Me-109 was probably the most consistently great aircraft in aviation history.
***
Me-109is part of Ballantine's Illustrated History of World War II, and is Book #4 in the Weapons Book series.",389
"Children of Wrath (Willi Kraus, #2)","On the same day that the stock market crashes in New York in 1929, the dark underside of Berlin flushes to the surface in the form of a burlap sack spewed by floodwaters from the city sewer system. What it contains calls Jewish Detective Willi Kraus to investigate perhaps the most vicious criminal heretofore known.",316
ABC Insects,"From egg-laying Aphids to the striped Zebra Longwing Butterfly, these colorful creatures will fascinate preschoolers. Developed together with experts at the American Museum of Natural History, ABC Insectsintroduces beetles, butterflies, flies, moths, and more, all straight from the famed museum's displays. With its extra-large letters, eye-catching photos, and fun facts on every page, this board book is a sure kid pleaser!",426
The Crow's Tale,"In the dark depths of winter, snow is falling and the animals are freezing and famished. Brave Crow sets out on a dangerous journey to find the Sun, and beg for warmth. Will Crow succeed, and what will happen to his colorful rainbow feathers?
Inspired by a Lenape Native American myth, this beautiful debut picture book shows how courage and kindness are what really matter.",374
Penelope and The Christmas Spirit,"Penelope gets more than she expected when her eccentric parents plan to celebrate Christmas as a home-schooling project in this short story prequel to the Penelope Mystery series. When someone moves into the old Compton house down the road and all they own is a Christmas tree, an arm chair and a lamp, Penelope decides to find out why. Therein lies a Christmas mystery, waiting to be solved.",392
Manifest,"The very last thing Chris expects when he's forced to take sewing lessons is to enjoy them. Or for sewing to lead him into the world of cosplay, and a friend with whom he begins to cosplay in earnest--and who convinces him to try dressing up as female characters.
He certainly doesn't anticipate the realizations that cosplaying stirs--realization that could cost Christ not just his best friend, but his family as well.",420
Introducing Consciousness,"Introducing Consciousness starts with the problem of the philosophical relation between mind and matter, explains the historical origins of this problem, and traces different scientific attempts to explain consciousness. Along the way, readers will be introduced to zombies and Chinese Rooms, ghosts in machines and Schrodinger's cat.",334
The Child's Story (Original 1852 Edition): Annotated,"Summary (differentiated book):
- Original book from 1852
- Book contains detailed biography of author
- Includes photos/illustrations of the author
Book details:
Charles Dickens story about once upon a time, a good many years ago, there was a traveller, and he set out upon a journey. It was a magic journey, and was to seem very long when he began it, and very short when he got half way through...",399
"JLA, Vol. 17: Syndicate Rules","In the wake of a scandal in which the JLA tampered with the minds of their foes, Batman has dissolved the team. But that doesnt change the need for heroesand with innocent citizens targeted for death, an obsessed Green Arrow desperately attempts to hold the team together. When the adventure ends, the JLA may never unite again!",328
The Fox in the Field,"David Carlyle and his fiancee Candice are on vacation in Ireland. But exploring the beautiful scenery around Haggard has not numbed over the troubles of their soon-to-be marriage.
David is plagued by Candice's strange behavior and distant attitude, but, none of this matters when David's life is forever changed the day he spots a peculiar little fox trudging through the hills with a mystical plan of its own.",410
Deadly Afflictions,"Anxiety is just one of Amy's problem. Her mother's tragic death has Amy heading to a new town and a new job, hoping to start fresh. Amy finds some things never change when first a murder than another death hits to close to home. The mysteries have Amy questioning not only her recent choices, but her sanity in this psychological thriller.",339
The Christopher Pepper Chronicles: The Silver Soda,"Christopher Pepper is an average middle school student, who thinks school is boring with the exception that every day he and his best friend Schwags have to deal with the school bullies. Christopher doesn't think he is special and wonders what life has meant for him. Everything changes when he drinks a mysterious silver soda at an old hidden antique shop. Now every time he drinks a soda he gains a",400
Expressing Myself Through Writing,"This is a compilation of my essays from my Year 2 to Year 4. It covers a variety of subjects that I wrote. I wish to express appreciation and thanks to all my teachers who had inspired me. Everyone of them had added a fusion of colors in my life, making it more fun and exciting. I hope to write more because writing helps me express my thoughts and interpret the world around me in a meaningful manner.",403
"The Boy Scout Treasure Hunters; Or, the Lost Treasure of Buffalo Hollow (Illustrated Edition)","Charles Henry Lerrigo (1872-1955) was the author of: Doc. Williams: A Tale of the Middle West (1913), Castle of Cheer (1916), The Boy Scout Treasure Hunters; or, The Lost Treasure of Buffalo Hollow (1917), The Boy Scouts to the Rescue (1920), The Boy Scouts on Special Service (1922), The Boy Scouts of Round Table Patrol (1924) and Son of John Brown (1937).",358
The Bridge of the Golden Horn,"In 1966, at the age of 16, our unnamed heroine leaves her native Istanbul and signs up as a migrant worker in Germany. Lying about her age, she gets work on an assembly line in West Berlin making radios, and lives in a women's factory hostel.
'The Bridge of the Golden Horn' is a witty, picaresque account of a precocious teenager refusing to become wise; of a hectic four years lived between Berlin and Istanbul; of a young woman who is obsessed by theatre, film, poetry and left-wing politics.",495
"The Missing Ink (Tattoo Shop Mystery, #1)","Murder leaves a mark
Brett Kavanaugh is a tattoo artist and owner of an elite tattoo parlor in Las Vegas. When a girl makes an appointment for a tattoo of the name of her fiance embedded in a heart, Brett takes the job but the girl never shows. The next thing Brett knows, the police are looking for her client, and the name she wanted on the tattoo isn't her fiance's...",371
Altar-ations,"When Jolie O'Keefe finds herself at the wrong church, she realizes she's stumbled into far more than the wrong wedding. Meeting Nate Webster will change not only her status as a single gal, but her long-standing opinions of herself. As for Nate, memories of the man he used to be has kept him from seeking the love of a good woman. But when Jolie sits beside him at the wedding, he realizes they're both about to experience a healthy dose of Altar-ation.",454
"Uncertain Allies (Connor Grey, #5)","After a night of riots and fires, the Boston neighborhood known as the Weird is in ruins. And when a body is found drained of its essence, ex-Guild investigator Connor Grey is drawn into the case against his will. And he has reason to be wary. Because the case will lead to an explosive secret that threatens to tear apart the city-and the world.",346
The Anna Magdalena Bach Book of 1725,"This authoritative new edition of the book contains the keyboard pieces only from the collection, including the well-known Minuet in G and Prelude in C, from The Well-Tempered Clavier, Part I. Also contains invaluable advice on appropriate tempo, phrasing, articulation and ornamentation in accordance with contemporary performance practice.",341
Rufus And The Blackberry Monster,"Rufus doesn't like picking blackberries because the blackberry bush at the bottom of the garden is big, dark and scary! Archie, his big brother, makes matters worse by telling him about the Blackberry Monster. When Rufus hears rustling noises while picking blackberries, he wonders whether there really could be a Blackberry Monster.",333
"The Silver Sun (The Book of Isle, #2)","In the Kingdom of Isle, where the Sun Kings reign with the power of the Book of the Suns, Hal and Alan are given a mission. They must use the ancient strength of wisdom to destroy the evil that plagues the kingdom. The two blood brothers venture throughout the land fighting the many forms that this evil takes so they can arrive at their destiny.",347
Cruel Summer,"A year after Janey's suicide, her friends reunite at a remote Spanish villa, desperate to put the past behind them. However, an unwelcome guest arrives claiming to have evidence that Janey was murdered. When she is found floating in the pool, it becomes clear one of them is a killer. Only one thing is for certain, surviving this holiday is going to be murder...
A compelling and psychological thriller - with a dash of romance.",429
Thalo Blue,A young man on the brink of true adulthood experiences the trauma of his life when a trespasser breaks into his home. Sebastion Redfield and the psychiatrist assigned to help him recover from the break-in begin to unravel a more disturbing truth about his ordeal: that someone or some thing has been hunting him.,312
Ebony Hill,"Vidya- a city in ruins- and Ebony Hill: two halves of a community trying to find a way forward from the tragedy of the past. But theirs are not the only way.
In a Battle for survival, is endurance enough? Is there more than one kind of courage?
As conflict rages, Ness and her fellow islander Ronan must come to terms with themselves, with each other and with their attitudes towards violence and belonging.
Will they be strong enough to survive the decisions they must make?",475
"One Family, Two Family, New Family: Stories and Advice for Stepfamilies","The authors capture the essence of the stepfamily experience. Through examples of crisis and heartfelt moments of joy, the authors offer narrative that helps lend understanding to the emotional minefield of stepfamily life. They share their perspectives, permitting you to read the thought bubbles of all involved. If you are in a blended family or are considering creating one, Cohn and Merkel present must-read insights.",422
The Landfill,"Billy, a high school senior, has lost a lot in the past year, including his younger sister, Sara. Billy lacks excitement and purpose in life until his curiosity takes him and his best friend, Connor, to an old, abandoned landfill along the river. Connor would rather forget the experience, but Billy can't help but feel invigorated by their findings. Taking it upon himself to uncover the mystery, Billy finds his life coming full circle - but is that a good or bad thing?",472
Little White Owl,"Once there was a little white owl who lived by himself in the snow. He didn't have a mommy. He didn't have a daddy. He didn't even have a name. But he didn't really mind too much. His head was full of happy stories... From bestselling illustrator, Jane Chapman, comes a touching story that celebrates the differences and the beauty inside each of us.",350
A Moment Before It Struck,"Free ebook download (epub & mobi).
A Prequel to The Dread Hammer
by Linda Nagata
FREE (Short Story)
A young soldier, remorseless and preternaturally skilled at warfare, finds himself a target of revenge in this dark fantasy short story, originally published at Lightspeed Magazine. ""A Moment Before It Struck"" is a prequel story to the Puzzle Lands scoundrel lit novel The Dread Hammer. Sample chapters are included.
dark fantasy, Stories of the Puzzle Lands.",459
Bella's Wishlist (Sydney Harbor Hospital #6),"Confined to her hospital bed, the only thing keeping shy Bella's vital signs in check (and giving her hope for the future) are the regular visits from Charlie Maxwell, SHH's most charming doc. Charlie's no stranger to crushed dreams but Bella's living on borrowed time. Suddenly, making Bella's deepest wishes come true is Charlie's only priority!",347
Deception on His Mind,"Balford-le-Nez is a dying seatown on the coast of Essex. But when a member of the town's small but growing Asian community, is found dead on its beach, his neck broken, sleepy Balford-le-Nez ignites. Working solo, without her long-time partner Detective Inspector Thomas Lynley, Sergeant Barbara Havers must probe not only the mind of a murderer and a case very close to her own heart, but the terrible price people pay for deceiving others...and themselves. ""From the Paperback edition.""",488
"The Crystal Snowstorm (Letzenstein Chronicles, #1)","It is 1847, a time of revolutions throughout Europe. Young Catherine Ayre has been called from her quiet home in England by a grandfather she scarcely knows, Grand Duke Edmond of Letzenstein. She becomes a pawn in the political unrest of the small country. Why does her grandfather so hate her uncle Constant, the rightful heir? And just who is Rafael le Marre? Catherine is swept into exciting adventures before she can feel herself a part of the small but fascinating country of Letzenstein.",493
Irenaeus: Life Scripture Legacy,"Champion of martyrs, scourge of heretics, erudite theologian, shrewd politician - no account of early Christianity is complete without consideration of Irenaeus of Lyons. Here scholars examine aspects of the saint's life, engagement with scripture, and his ecclesiastical legacy for succeeding generations.",306
Rogue Knight,"Cole Randolph, searching for friends kidnapped on Halloween, is trapped in the kingdom of Elloweer, a world between wakefulness and dreaming. With new friends Mira, Twitch, and Jace, Cole joins the resistance to find Mira's sister Honor.
A mysterious foe massacres towns, leaving no survivors. And a rebel ""Rogue Knight"" upsets the balance of power. Pursued by enemies, Cole and Mira use a new kind of magic for protection and to outwit the High King, ruthlessly seeking to regain what he has lost.",498
Range War in Whiskey Hill,"Almost ten years ago, eighteen-year-old Colt McCrae was sent to jail for a crime he didn't commit. When his estranged father is murdered, he is released, and returns to Whiskey Hill, Wyoming.
He's not welcome by everyone. Colt means trouble--because he knows who killed his father. Ruthless range baron Frank Drummond wants the land and will bury anyone who dares oppose him.
But Colt is no longer a kid with a chip on his shoulder. He's a prison-hardened man with a mind for justice...",486
The Eagle & The Arrow (Resistance #2),"Being the director of a secret agent isn't easy; we have almost no budget, all of our agents are stupid kids and extremists, and my boss is a corrupt senator, but it's a decent job. Or it was, until a few months ago, when an important package disappeared and one of our agents went rogue, killing three men. Now she's in Guantanamo and I've got orders to deal with her. Personally.",381
Grand Guignol,"After meeting and falling for him, Viscount Suga returns to Japan with Konrad. There Konrad is made Viscount Suga's butler and the indecent bond they share as master and servant cannot be severed. However, with the arrival of an old acquaintance, Viscount Shirakawa, the bond between master and servant is bound to be tested.
Prequel to Romantic from Tanbishugi",361
"The Expected One (Magdalene Line trilogy, #1)","When journalist Maureen Paschal begins the research for a new book, she has no idea that she is stepping into an ancient mystery so secret that thousands of people have killed and died for it. As she becomes more deeply immersed in the secret cultures of Southwest France, a long-buried family secret comes to light.",316
C Is for Coco: A Little Chick's First Book of Letters,"Sweet and hip at the same time, this board book featuring Sloane Tanen's adorable chick, Coco, is just the thing to introduce letters to the very youngest children. Playful rhymes and bright imaginative photographs showcase A through Z, reinforcing early concepts in a fun and engaging way for toddlers and providing plenty of laughs for parents, too.",351
"Good Night, Sam","""Stella,"" whispered Sam, ""are you sleeping?""
""Yes,"" answered Stella. ""Aren't you?""
Sam can't sleep without his beloved dog, Fred. But where could he be? Sam knows that Fred is afraid of the dark, of the monster that lives in the closet and of the giant toad that lurks downstairs. Luckily, Stella is there to reassure Sam as they search everywhere.",348
Bob the Builder: Sky-High Scoop,"Bob and the team need to build an elevator to take Mayor Madison to the top of the tallest skyscraper in Spring City. But a big job gets even bigger when it turns out that Scoop is afraid of heights. Can everyone work together to help Scoop and get the job done?
(c) 2016 Hit Entertainment Limited and Keith Chapman. The Bob the Builder name and character, related characters and logo are trademarks of Hit Entertainment Limited.",429
Deconstruction and Philosophy: The Texts of Jacques Derrida,"This volume represents the first sustained effort to relate Derrida's work to the Western philosophical tradition from Plato to Heidegger. Bringing together twelve essays by twelve leading Derridean philosophers and an important paper by Derrida previously unpublished in English, the collection retrieves the significance of deconstruction for philosophy.",356
"The Hidden Man (Jason Kolarich, #1)","Jason Kolarich is a Chicago attorney with a lineman's build, a razor- sharp intellect-and the grief of a tragic personal loss. When an estranged childhood friend is charged with murder, Kolarich must create a solid defense-even while doubting his client's innocence. But it soon becomes clear that Kolarich will have to uncover long-forgotten events from their shared childhoods to save his friend-and bring a relentless killer to justice before he strikes again.",463
Think Outside the Box,"Are you ready to bend your mind and think in new ways? Pit your wits against these super-cool puzzles and see where they take you! Use your eyes and memory to...
* find your way through mazes
* solve 3D puzzles
* turn a circle into a square
...and lots more. Devised by an expert on brain training, these mental challenges will fire up your powers of imagination and logic. There are handy tips if you need help, plus an answer key at the back!",444
Ballet 101: A Complete Guide to Learning and Loving the Ballet,"Like ""Opera 101"", its successful predecessor, ""Ballet 101"" takes an already popular yet sometimes intimidating subject and makes it accessible and understandable for everyone. Noted dance critic and teacher Robert Greskovic has written an entertaining, reader-friendly book that provides everything the novice needs to learn and to enjoy the ballet .",350
Star Creek,"When Helen's father died, she was grateful to Roger Trelawnce, his old friend and now her guardian, when he offered her a temporary home in his Cornish manor house --and it was not long before she found herself looking on him as much more than a guardian.
But that was before she discovered the existence of Mrs. Valerie Trelawnce.",331
Shoot-Out,"What happens when a star player ends up on the worst team? He either learns to lose or he stops playing the game he loves. These are the choices facing Jake, who has gone from champion to last place, testing his sportsmanship every time his soccer team gets waxed. It is his teammate Kevin who shows Jake that being a good captain means scoring and assisting off the field as much as being the star player on it.",412
The Were Four: A Short Story,"Instead of the world ending in 2012, the majority of the population turned into were-beings of their totem animal. Peter, Quinn, Romeo and Sam are four (lame) shapeshifters (platypus, mosquito, piranha, sloth) who also happen to be best friends and members of a (terrible) garage band. But the local Battle of the Bands is happening on the full moon and the boys are forced to turn to Sam's non-were (Goth) sister Natalie to help them out...",441
Teach Yourself Origami,"Both beginners and veteran folders will love this instructive volume and its clear directions and crisp diagrams. Readers learn the basic folds, one at a time, for 27 simple models (frog, star, piano, penguin), 12 intermediate designs (pig, kangaroo, camel), and 5 advanced models (deer, waterwheel, elephant, bee).",315
The Pussy Trap 3,"Fear, Grief and pain . . . the perfect mixture for the deadly cocktail that drives KoKo head first into danger as she tries to hold onto her thrown. Betrayal, distrust and a struggle for power almost destroys all that she has built. Kayson is back on the scene and will not bow to no one. The power is up for grabs and there are many hands in the pot. There s a boss that will live to the end, but who will succumb to Death by Temptation?",438
Harvey & Ethel,"Harvey is messy, grumpy, and short-tempered. His neighbor, Ethel, is proper, organized, and definitely up to no good. Each spends most days hating the other. And the two of them just happen to be in control of the world's good and evil.
Thumb tacks will fly in this quirky story by B. K. Brain, the author of Dead Yet Dying.
Some wars are epic...and some aren't.",362
2012: The Crystal Skull,"2012. The date is set. Time is running out.
The ancient Mayans predicted the End of Dayswith uncanny precision.
But they also provided the key to staving off apocalypse: a flawless sapphireof incomparable beauty carved into the perfect likeness of a human skull.
For more than four centuries, the skull, and its legacy of dark intrigueand murder, have been hidden, protected by a codefew can break.
Now it's about to be found.
But can we now uncover the secretthat may yet save the world?",488
Knight's Haven (Legend of the White Sword #4),"Jack's growing up, his body is changing, and he's living alone with the girl of his dreams.
They have a whole island to themselves (more or less), and Jack knows all about Ms. Mopat, his grandmother, and Glastonbury Manor.
Unfortunately, he learned those secrets during his final weeks there and now has new mysteries to unravel.
Jack may be well-travelled for a boy his age, but little of what he's learned in his sixteen years will help him... on Knight's Haven.",464
"Heart Trouble (Callahan Garrity Mystery, #5)","Atlanta is temporarily distracted from its pre-Olympic frenzy by the sensational case of Whitney Dobbs, the boozy ex-wife of a prominent cardiologist who runs over a little girl in the park. The city is outraged when she gets off with only a misdemeanor charge. When Whitney is shot while doing her community service, cleaning lady/sleuth Callahan Garrity has reason to be suspicious.",384
"Just Plain Blood (Blood Trilogy, Book 2)","Just Plain Blood begins where A History in Blood left off, spiraling deeper and deeper into Titus's world, the vampire world. It's a place where the vampires are day-walkers, technology users and are motivated by the same things that motivate the human race; greed, money, power and sex. But unlike the humans they evolved from all those decades and centuries ago, they have one more overriding motivation...Blood.",414
"Jezebel (Jezebel, #1)","30 years of affection.
10 years of soul shattering love.
8 years of happy employment.
2 months of turmoil.
1 week of truth.
A lifetime of betrayal.
Would you have seen it coming?
Annabelle Fortin landed herself in a bit of trouble. Mandated to community service at an assisted living facility for early onset dementia she meets Jezebel, one of the residents. This is the story that unfolds over the course of Annabelle's court ordered six month sentence. Nothing is what it seems.",480
Tangled Web (Tangled #1),"""Oh, what a tangled web we weave, when first we practice to deceive!""
At the top of London's ivory towers business is ruled over by the Walker and the Johnson families. There is no competition. No battle. It is all out war.
When Chloe Johnson - the baby of the Johnson family - decides to move back home to London there was one rule: Stay away from Nathan Walker.
One problem with that.
Nathan Walker wants her. Nathan will get her. Nothing will get in his way until Chloe becomes his.",485
The Elegant Witch,"The forest of Pendle during the early seventeenth century: a wild, inaccessible corner of Lancashire where the ancient fear of demons and witches is still part of life - and death.
When several local people die in mysterious circumstances, Squire Roger Nowell dismisses talk of witchcraft as superstition. But soon a series of hideous desecrations take place, and there are unmistakable signs that a black coven is assembling to plot a campaign of evil and destruction...",471
"Sorority Sister (Nightmare Hall, #10)","When Maxie McKeon pledges Omega Phi Delta, she figures she's got it made. She loves her new sisters. And everyone knows Omegas throw the best parties and go out with the cutest guys.
But someone on campus isn't crazy about the sorority.
That person is just, well, crazy.
And he--or she--is determined to destroy the house and everyone in it.
Joining Omega won't change Maxie's life.
It will just shorten it.",407
"Taking You (Always a Bridesmaid, #5)","A Summerville Novella
Always a Bridesmaid Book 5
Weddings, engagements, and babies, oh my...
It's the eve of Lark and Mason's wedding, and Lark has a secret she's been hiding from everyone, even her husband-to-be. Melody and Nick make a choice that will change their lives, and Aria and Nash learn that sometimes love doesn't go according to plan.
Join all your favorite characters as well as a new, surprise couple, in the heart-warming conclusion to the ""Always a Bridesmaid"" series.",485
The Complete Idiot's Guide to Quinoa Cookbook,"Quinoa, often mistakenly called a grain, has quickly become a dietary staple for many people because it contains more protein than any grain; has more calcium than milk; is high in iron, vitamins, and dietary fiber; is gluten, wheat, and cholesterol free; and is considered an excellent antioxidant. Quinoa can be used for any meal in a variety of ways, but it is largely flavorless. The Complete Idiot's Guide(r) Quinoa Cookbookhas more than 250 recipes for every meal of the day.",481
The End of the Tour,"A cozy mystery short story.
Richard was a bully who insulted everyone around him. No wonder he was murdered. The question was, ""Who did it?"" His sister-in-law who despised him? Or, his trophy wife who had to beg for every penny? Written in the style of Dame Agatha, The End of the Tour is filled with campy characters, a cozy setting, and a final twist!",353
"Arrows of Time (Quantum Enchantment, #2)","When a portal spins Rosette and Jarrod off in different directions, Rosette is caught in a loop of repeating events. A strange bard helps her find a way back home, but things have changed -- Jarrod is missing, her mentor is a child and women are forbidden to carry swords.
While Kreshkali leads the survivors on Earth, Rosette and her Temple Cat turn to the future for help -- but which future?
Time is their only hope, and it's playing tricks ...",447
Whiskey Tango Foxtrot: An Addison Holmes Mystery (Addison Holmes Mysteries Book 5),"Addison Holmes is at it again in this New York Times bestselling series by Liliana Hart.
In her fifth adventure, Addison sets out to discover who stole a kidney from her newest client--a kidney that was still very much attached to its owner when it was taken.
With her brand new P.I. license in hand, a marriage proposal on her mind, and Aunt Scarlet and Rosemarie as backup, nothing could possibly go wrong.
Join Addison and the gang for a real Charlie Foxtrot of a case in Whiskey Tango Foxtrot!",497
Kelly's Chance,"Satisfy the legions of romance readers hungry for wholesome, Christ-centered stories by carrying Barbour's Heartsong Presents line. Each of these mass market paperback novels is a top-quality romance reflecting Christian values through realistic stories. Available in both contemporary and historic settings, Heartsong Presents novels offer something for every romance reader--at a tremendous value price.",405
Conrad Loomis & the Clothes Ray,"In ""Conrad Loomis and the Clothes Ray,"" the narrator's friend Conrad reveals his new invention, a ""clothes ray"" that zaps the illusion of natty clothing onto the body of a naked person. Loomis describes himself as ""outtelligent,"" which is superior to plain intelligence because it represents a brightness focused outward rather than inward. He also explains that while most people can understand problems, he can both ""over and understand them.""",445
The Secret of Skeleton Island (Ken Holt Book 1),What was going on at the exclusive resort on Skeleton Island which looked so peaceful out there in the Bay during the daytime? Why did the freighter Louise always sail empty from her pier? This first KH in a brand new series gives you the answer to these and many other questions before Ken and Sandy solve one of the most baffling mysteries of the day.,353
Priscilla the Great 2 The Kiss of Life,"Hey there! It's me again, Priscilla, a lean, mean, tween machine. Just when I'm finally getting the hang of my powers, something even more confusing and harder to understand enters my world...boys. That's right, I can shoot fire out of my fingers and lift a car with one hand, but for the life of me I can't decode ""boy-speak""... and that just might turn out to be the death of me.",381
Am I the Last Virgin?: Ten African American Reflections on Sex and Love,"For African-American girls, sexuality is its own story. ""Am I the Last Virgin?"" explores the powerful sexual issues facing today's black youth. This collection of coming-of-age essays offers solace, hope, and direction to young people who are discovering the many facets of their sexual selves. Young Adult.",307
The Further Adventures of Sherlock Holmes - The Moonstone's Curse,"The aristocratic Charles Bromley arrives at 221B Baker Street to beg SHERLOCK HOLMES for his help. Bromley believes that his wife is in danger, as she has refused an offer to sell the Moonstone, a fabulous diamond that has been in her family for generations but which is said to be cursed. When a jeweller is found murdered, it seems as if the Moonstone deserves its reputation. Then the diamond is stolen, and Holmes must try to unravel a mystery centuries in the making.",472
"Weapons Training (Guild Hunter, #2.5)","Free short story in Nalini Singh's Newsletter.
A short story about Jessamy and Galen.
For those of you unfamiliar with the Guild Hunter series, this story features Galen, Weaponsmaster to the Archangel Raphael, and Jessamy, Historian of the angelic race and teacher of their young.
For Guild Hunter fans, this story takes place during Archangel's Kiss, after Galen has just completed a training session with Elena.",414
Cathy Livingston's Cross Stitch Artistry (Leisure Arts #3512),"The memory of this treasured designer lives on in a beautiful new collection of 29 cross stitch projects. Elegant designs for pillows and framed pieces provide hours of cross-stitching satisfaction, while the finished projects enhance virtually any decor. Her breathtaking artistry celebrates the joy of life and splendor of nature by exploring a wide range of motifs, including odes to the seasons, a cheetah in the African grasslands, tasteful floral and fruit tapestries--even colorful clowns.",496
The Battle for the Golden Egg,"Get ready for the greatest battle of all time! 
In the Edo Period of Japan, two teams fight for supremacy--the serious samurai and the scheming ninjas. To determine who is the best, a deadly contest is held. The prize is the Golden Egg, the most magnificent treasure in all of Japan. But when the ninjas cheat, the samurai will stop at nothing to get revenge. Tighten your topknot and sharpen your sword--the Samurai vs Ninja battle is about to begin!",451
Art on the Edge: Creators and Situations,"""As a stylist, in his descriptions of art and movements and books, Rosenberg has no equal. . . . One is grateful for [this] essay collection. To my mind, his piece on art criticism and the distinction between it and art history is alone worth the price of the book.""--Corinne Robins, New York Times Book Review",310
Dream Baddy,"A triple XXX title.
A super villain who just can't get the staff.
A centaur and an elf looking for a really big cock.
A return trip to the The Mall frustrates Fourni in this, the third Fanfic of Gentalia.
Warning: Contains Spoilers for Book 2 and the dreaded fade.
The book is available to download for free here:
https://annalsofgentalia.files.wordpr...",354
Disney: Winnie the Pooh 5-Minute Stories,"This oversized collection of five original stories stars your favorite friends from the Hundred-Acre Wood. Find out what happens when poor Eeyore actually has a good day, discover with Roo what it would be like to live on your own, help Tigger search for his missing bounce, and more! Each story can easily be read in five minutes-perfect for busy families to share together.",375
Bee,"This updated edition asks some great questions. Why do bees buzz? How many eyes does a bee have? What do bees eat? Welcome to the slithery, slimy, creepy-crawly world of Bug Books. Are you brave enough to find out more about these interesting creatures? How are they born? How do they grow, feed, move, and have babies? Where do they live and what do they look like? What makes bees special?",391
Hokey Pokey Elmo,"Elmo invites toddlers to dance along as he and his friends do the Hokey Pokey--with a bit of a twist! In addition to the usual--putting in hands, feet, and other body parts--there's Cookie Monster putting his cookie in, Big Bird shaking his tail feathers, and Bert doing--what else?--the Pigeon! Lots of interactive, laugh-out-loud fun for all!",344
"The Road Through the Wall, Hangsaman, and, The Bird's Nest","Contains ""The Road Through the Wall"", ""Hangsaman"" and ""The Bird's Nest""
The Bird's Nest: This is the story of a woman who embodies in her intense life the mystery of the human personality. [The author] has used her sense of horror, her wit and her truly marvelous ability to characterize, to create Elizabeth. . . so that she becomes one of the unique figures of literature. . . A relatively scarce novel about a young woman with multiple personalities, employing Jackson's gift for the type",491
Engineer Ari and the Rosh Hashanah Ride,"A Rosh Hashanah story based on the first historic train ride from Jaffa to Jerusalem in 1892, shortening the journey between the two cities from 3 days to 3 hours. Engineer Ari's train is coming to Jerusalem collecting goodies along the way to celebrate the Jewish new year, and he learns an important lesson along the way.",323
Hidden Tiger Raging Mountain,"Product Description
JO CARROLL decided it was time to pack her rucksack and get back to the mountains. Little things like a pension and bus pass were not enough to put her off. Besides, after her gap year, she knew all about travelling now.
But Nepal had other ideas. Storms raged in the mountains; strikes made transport impossible. And then there was the tiger ...",366
Captain Jimmy Cook Discovers Third Grade,"When Jimmy Cook discovers that Captain Cook met with a sticky end in Hawaii, he's determined to travel to the island to finish what his famous ancestor started.
Big dreams come with a big price, but no price is too big for Captain Jimmy Cook, especially if it means beating the world's most annoying person, Alice Toolie....",324
The Fracture of the Universal Boy,"The acclaimed Sandmanillustrator retreated for years to produce this semi-autobiographical tale that takes readers into the most treacherous recesses of the human experience. Nearly two decades in the making, Fractureis less a graphic novel and more a self-exorcism onto the printed page, evidence of how emotionally explosive graphic novels can be.",349
Lord Of The Beasts (Fane #2),"Return to a world of magic and mystery in this captivating sequel to The Forest Lord. Donal Fleming, son of an otherworldly father and a mortal mother, finds that Cordelia Hardcastle unleashes his most primal instincts, forcing him to chose between human love and the powers that are life itself to him. Original.",313
Woodswoman I: Living Alone in the Adirondack Wilderness,"Many have dreamed of building a cabin in the wilderness and living there alone in the solitude of a region that is far from civilization. Here is the unusual story of a young wildlife ecologist who has done just that. When her marriage ended in divorce, Anne LaBastille bought twenty-two acres of virgin forest on a lonely lake in New York State's vast Adirondack Park, and there built the log cabin that has been her home ever since.",434
Deadman Switch,"Because of the deadly effect sphere, the only way into or out of the system containing the metal-rich Ring Mines of Solitaire is by performing a human sacrifice. Now every ship heading there carries two death-row felons. It's a bizarre, but effective method of execution--until it's discovered that one of the doomed criminals is an innocent man.",346
Christian Woman's Guide to Hospitality,"Your home can provide comfort, healing, friendship, rest and encouragement to all who enter it. Hospitality doesn't have to take loads of time and money. here is a creative guide to opening your home to friends, extended family, fellow Christians and those in need. This guide is fuull of practical suggestios for turning a house into a welcoming home.",352
"Where are you going, Where have you been?: Stories of Young America","An early collection of 17 short stories by Joyce Carol Oates including:
Where Are You Going, Where Have You Been?
Happy Onion
In the Region of Ice
Wild Saturday
An American Adventure
How I Contemplated the World from the Detroit House of Correction and Began My Life Over Again
Accomplished Desires
Boy and Girl
Four Summers
Stray Children
Silkie
Stalking
You
A Girl at the Edge of the Ocean
Back There
Pastoral Blood
Year of Wonders",433
Twilight Son: The Death of Decompose,"A plague known only as Decompose has been used by an alien race to destroy countless planets to build their Zalite Empire. A miscalculation on the ship carrying the plague results in the release of the human playing host to the deadly plague. Dee, the host, must create new allies in an effort to survive and retain his freedom to keep his powers from destroying millions.",372
Switched at the Broomstick (Part 1),"Have you ever felt out of place in your family? Have you ever thought that maybe your family really isn't your family? Well, Mariana and Cheyanne know the feeling. One is a witch and one is a mortal, but they both feel as if something doesn't fit. Then they meet and find out they were switched at birth and it all makes sense. But is knowing where you come from the same as knowing where you belong?",400
Kids' Magical Mandalas,"When children start to color in these mandalas, magic happens. Suddenly, they quiet down, become deeply drawn into the images, and produce wonderful art. The reason: all the patterns are evenly distributed around a center to create a feeling of balance and harmony that no youngster can resist. Kids will enjoy exercising their creativity by choosing the colors they like, inspired by the different shapes and forms.",416
Transparent Minds: Narrative Modes for Presenting Consciousness in Fiction,"This book investigates the entire spectrum of techniques for portraying the mental lives of fictional characters in both the stream-of-consciousness novel and other fiction. Each chapter deals with one main technique, illustrated from a wide range of nineteenth- and twentieth-century fiction by writers including Stendhal, Dostoevsky, James, Mann, Kafka, Joyce, Proust, Woolf, and Sarraute.",391
Wicked Words 9,"Fun, filthy, and sizzling with horny action, this arousing anthology represents the diversity of modern women's erotic desires. Lively and entertaining, seductive and daring, this volume combines humor and attitude with wildly imaginative writing. The hugely successful Wicked Words collections showcase the most entertaining erotic fiction for women to be found anywhere in the world. Only the best in cutting-edge erotica is chosen for a Black Lace anthology.",461
Whisky from Small Glasses (DCI Daley #1),"DCI Jim Daley is sent from the city to investigate a murder after the body of a woman is washed up on an idyllic beach on the west coast of Scotland. Far away from urban resources, he finds himself a stranger in a close-knit community. 
Love, betrayal, fear and death stalk the small town as Daley investigates a case that becomes more deadly than he could possibly imagine, in this compelling novel infused with intrigue and dark humour.",438
Kitchen Table Counseling: A Practical and Biblical Guide for Women Helping Others,"This lay ministry counseling guide is a good leader resource for women's ministries or personal use.
Learn how to address your own needs so you can effectively help others, take people to Jesus without taking on responsibility for their burdens, and balance a counseling ministry with your other priorities.
Offer true biblical hope to other women in the face of heartaches.",374
Uncle What-Is-It is Coming To Visit!!,"Igor and Tiffany learn that their gay uncle is coming to visit... but their mother is interrupted before she can explain what ""gay"" means. The two children are alarmed when some older kids tell them what to expect. ""Do we really want to meet this uncle?"" they wonder. But the stereotypes are shattered when Uncle Brett finally arrives.",335
Unvarnished New Testament-OE,"This new, innovative translation of the New Testament opens the closed doors of preconception and allows the reader to view these important Greek writings in an entirely different light. Based on a radical and startling premise, The Unvarnished New Testament asks ""Why not present the New Testament simply as it appears in the original Greek?""",343
Casualty (The Shirael Legacy Part I),"In the kingdom of Dalmere only the noblest of families possess magic. Those who say otherwise are heretics, defilers of the word of the king.
Orphaned, alone Sela survives in the shadows, the source of her of her talents a dark secret. When wits alone fail to protect her she uses her body. That is until she discovers an enchanted ring and its equally beguiling master.",370
The Ballerina's Stand,"Love reaches far beyond words 
When she was growing up, a deaf child in foster care, dancing gave Lauren Ramsey a sense of belonging. Now she's a prima ballerina with her own dance studio; everything's finally going right. And then lawyer Jason Hawkins turns up and drops a bombshell: Lauren's unknown father has left her a fortune. Well, Jason can take that money and shove it. Except...he can't. Once he sees Lauren dancing, he can't stay away...",448
The Survivors (Hunters # 2),"The long unavailable SF classic from the authors of Hunters of the Red Moon. The Survivors--Dane, Rianna, and the monster Aratak--live to achieve fame and fortune after being hunted by fierce killers and shapeshifters, and accept the challenge of investigating a Closed World--where mysteries not yet explained by science exist . . . and danger abounds.",353
The Flintstones (2016-) #5,"It's time to ""Bedrock the vote!"" With the Bedrock mayoral race heating up, the local middle school decides to join in on the fun by holding their own election for class president. Will Ralph the Bully punch his way to victory? Or is there a new kind of candidate waiting in the wings to start a revolution? Meanwhile, Fred and Barney reminisce about their days fighting for their city as part of the Water Buffalo army.",419
Girl With a Challenge,"When Clare was left as absolute successor in the family textile business, she realized it had been her father's wish that she should take his place,and she accepted the challenge with a will. But the assistant manager, Grant Tattersall, resented the idea of a woman taking over, and the antagonism that sprang up between them was no help when Clare found herself falling in love with him.",388
Ogres Awake!,"The knight and her horse, Edward, have made a startling discovery: there are three huge ogres asleep at her doorstep! When they wake up, the kingdom is in big trouble! The knight, Edward, and some garden gnomes fight back, not with swords and shields, but with potato peelers and spoons. It turns out that ogres are pretty friendly when they have full stomachs!",361
E. J. Bellocq: Storyville Portraits,"An expanded and revised edition of the famous book of portraits of prostitutes in turn-of-the-century New Orleans, the inspiration for the Louis Malle film Pretty Baby. This new edition includes 52 tritone photos printed in a large format. The text from the original edition--by John Szarjowski, former director of photography at the Museum of Modern Art--is reprinted here, along with a new Introduction by Susan Sontag.",421
"The Sacrifice (Animorphs, #52)","The Yeerks have abandoned all secrecy. They are loading people onto underground trains that run directly to the Yeerk pool where they perform mass infestations. The vast army of Controllers is growing rapidly and will soon be unstoppable. Ax and the Animorphs can think of only one solution<to use one of the trains to blow up the Yeerk pool. But the cost will be measured in hundreds, perhaps thousands of innocent human lives.",428
"Wild America: The Record of a 30,000 Mile Journey Around the Continent by a Distinguished Naturalist and His British Colleague","On an April day in 1953, renowned American naturalist, author, and illustrator Roger Tory Peterson met his British friend James Fisher, an authority on seabirds, in Newfoundland. There they began a strenuous and thrilling hundred-day field trip around the edge of the continent. Part travelogue, part epic natural adventure, their richly illustrated record is ""the superlatively good product of ideal circumstances"" (Chicago Sunday Tribune).",441
"Someone to Watch Over Me (Þóra Guðmundsdóttir, #5)","A young man with Down's Syndrome has been convicted of burning down his care home and killing five people, but a fellow inmate at his secure psychiatric unit has hired Thora to prove Jakob is innocent. If he didn't do it, who did? And how is the multiple murder connected to the death of Magga, killed in a hit and run on her way to babysit?",341
The History of the Franks,"A dramatic narrative of French history in the sixth century. Gregory of Tours (c.A.D. 539-594) intended his HISTORY to be a chronicle of events and included the 21 years he spent as Bishop of Tours. This volume contains all ten books of the HISTORY. As Gregory unravels the bewildering events of those decades, what emerges is no dry historical document but a colorful, detailed and moving pageant.",398
The Antonakos Marriage,"Skye Marston is being blackmailed into marriage. But she'll have one night of passion first, with a man she'll never meet again.... Theo Antonakos isn't used to rejection. His passionate partner has slipped away without a word. When he arrives on his father's private Greek island to meet his stepmother-to-be -- he discovers they already know each other, in the most intimate way. Theo wants Skye back in his bed... as his wife!",429
Campus Crush,"The co-eds of Timberland College know a little romance is good for the soul.
Follow four couples as they try to find love in the Campus Crush Series boxset, including Nothing to Tell, Romancing the R.A., Behind Closed Doors, and Rushing Into Love.
When you're looking for love, you have to be willing to break the rules.",320
The Scent Of Cinnamon,"Features stories that deal with life, love, loneliness, delusion, misunderstanding and death. In this work, the stories' settings range across time and space, from the colonial outback in the late nineteenth century to contemporary urban life in London and Rome and Paris, to both warring sides of the Second World War.",319
Learning to Go,"Rufus loves his boyfriend, Victor, who is in chronic pain from an old injury. Because of his agony, Victor is unhappy most of the time, but Rufus loves cheering people up so that's just fine with him.
However, after one heated fight it all becomes too much even for Rufus, and he needs to find a way to cool down. A spur of the moment decision leads him to hiring a dom, a dog named Bennett Augustine.
Rufus and Victor have an open relationship, so surely nothing bad can come of it...",485
"Judgment (Fevered Souls, #5)","In the final episode of season 1, Cara travels to Ellesmere Island in rural Canada to meet with the Astaroth. What she finds there is something no one expected...
This is episode five of a serial novel and concludes season 1. It is approximately 9,000 words long.
--
Suggested reading order:
Possession
Betrothal
Illumination
Initiation
Judgment",345
Mr Pusskins And Little Whiskers,"Mr. Pusskins is back! And this time he's got company...Mr. Pusskins was perfectly happy. That is, until Emily decided to bring home a surprise. A surprise named Little Whiskers.
Mr. Pusskins does not want a kitten around. He does not want to play lovely games with that kitten. But, little does Mr. Pusskins know, this pesky pussycatdoesn't want to play lovely games either...",376
Breaking Waves (Summer Passions Series),"Amy was done with men. All of them. That was until her best friend and notorious playboy Chris Armstrong showed up to help mend her broken heart. Sure, he might be ridiculously handsome, but they were only friends. Now, he's blurring the lines and she's not sure how to respond. Can Amy resist his charming advances or will she take a chance on a sizzling summer romance?",371
Bandit's Trail,"Don Sebastian Valdivia and his secretary, Juan Carre o, attend a horse auction at the Garrison Ranch, where an outlaw stallion, Twilight, is held back until last. The only man who can ride this magnificent beast is Charles Dupont, known as The Crisco Kid, who has bonded with the horse since he was a colt.",306
We Would See Jesus: Discovering God's Provision for You in Christ,"Do you struggle with guilt or feel like God can't accept you as you are? Tt's easy to forget that nothing we do will make us more acceptable to God. Jesus came to set us free to serve Him in the freshness and spontaneity of the Spirit, and to receive the ABUNDANT blessing God has for us. Let your life be transformed as you learn to see Jesus, who is both the blessing and the way to that blessing - the menas and the end.",423
"Beautiful (Beautifully Broken, #3)","Kathryn has put off telling James about his backstabbing ""fiancee"" for far too long and now she may have to face the consequences. When Heather ends up in a desperate situation, she is willing to do anything, including hurting both James and Kathryn, to get what she wants. Now, Kathryn and James must find a way to nurture and grow their fledgling romance against Heather's threats.",383
Upgrade to Free: The Best Free & Low-Cost Online Tools & Apps,"Upgrade to Free is your guide to apt applications for your computer, as well as your smart phone, to make your life easier. Whether it's alphabetizing a list, organizing a meeting, or even an app that scans through your computer to find and delete large files to make room on your hard drive, Beth Ziesenis has found an app that can make any part of your computer life easier and less complicated.",397
Stephen King Presents:  Kingdom Hospital,"Horrormeister Stephen King brings this remake to life! Kingdom Hospital is a hospital with a bizarre population that includes a nearly blind security guard, a nurse who regularly faints at the sight of blood and a paraplegic artist whose recovery is a step beyond miraculous. When patients and staff hear the tortured voice of a little girl crying through the halls, they are dismissive of any suggestion of mysticism or unseen powers -- but at their own peril.",461
Room At The Top,"The Angry Young Men movement, featuring such stars as Kingsley Amis, is perfectly illustrated through the iconic figure of Joe Lampton.
The ruthlessly ambitious Joe Lampton rises swiftly from the petty bureaucracy of local government into the unfamiliar world of inherited wealth, fast cars and glamorous women.
But the price of success is high, and betrayal and tragedy strike as Joe pursues his goals.",403
"Jaded, Bearded, Wolfish: A Halloween Romance (Crazy, Sexy, Ghoulish Book 3)","Zach wants nothing to do with girls.
It's what happens when you've been unlucky in love.
But the Haunted Shack's werewolf is in for a surprise when he finds out his new furry co-worker is female.
And pretty.
And perky.
Good thing she only dates hipsters.
Too bad he's starting to need her more than he'd like to admit.
Jaded, Bearded, Wolfish is the third novella in the Crazy, Sexy, Ghoulish series, but can be read as a standalone story.",439
Mr. Pish's National Park Centennial Celebration: A Mr. Pish All Ages Activity Book,"Join the adventurous traveling terrier, Mr. Pish, as he celebrates the 100th anniversary of the United States National Parks with this all-ages activity book! Enjoy crossword puzzles, coloring pages, word searches, cryptograms, mazes, matching games, and more, all while learning about our precious national parks. Mr. Pish always makes discovering new places and things loads of fun!",384
Beauty and the Beaks: A Turkey's Cautionary Tale,"Beauty and her friends think Lance is the most conceited bird in the hen yard. From the moment the turkey arrives on the farm, he spends his time swaggering around the Chic Hen beauty shop, boasting that he is the only bird invited to a special feast. But when Beauty practices her favorite eggsercise, flying, she accidentally discovers just what kind of guest Lance will be at the feast. Can beauty come up with a plan to save Lance before his life eggspires?",461
Ladakh: Crossroads of High Asia,"This authoritatively written book is the first to study Ladakh, the celebrated last outpost of Tibetan civilization. Janet Rizvi shows how Buddhism and Islam met at this high-altitude crossroads to form a unique culture, and discusses the region's history, rich oral tradition, economy, literature, and artifacts.",313
"Renegade (Dark Ops, #3)","Untamed and Undercover: Third in the Dark Ops series. 
Tech Sergeant Mason ""Smooth"" Randolph lives to push boundaries. But he never anticipated how far outside the box he would land when an in- flight accident sends him parachuting into Nevada's notorious Area 51- and into the handcuffs of sexy security cop Jill Walczak.",322
Bear Alpha Bride,"Florence has had trouble keeping friends since childhood. She was never allowed to have sleepovers and her sisters used to pick on her. As an adult, she has found love with a younger human man named Ken. She can't help her unnatural ability to shift into a bear, but he doesn't scared. He wants to be with her no matter what and promises that together, they will overcome her shifting powers.",392
"Now or Never (Wizards of Nevermore, #2)","Tormented by nightmares of a woman's death, Sheriff Taylor Mooreland is shocked to find the woman from his visions chained to an altar in the woods. He barely knows her, but something compels Taylor to protect the mysterious Lenore Whyte no matter what. Even if it means dealing with magic.
And when an investigation into a series of suicides leads Taylor deep into the town's past, he discovers that the key to saving Lenore and the town of Nevermore may have a surprising connection...",487
"Mission: Annihilate (Angels of Death, #9)","The countdown is on. Trapped in a necron tomb with no teleport signal and no way to disarm the bomb they have planted, Brother-Captain Artemis and his Deathwatch kill-team must fight their way through numberless hordes of living metal horrors if they are to escape.
A 1,000 word Deathwatch story by Gav Thorpe.",310
Searching for Ray Bradbury: Writings about the Writer and the Man,"Eight essays on Ray Bradbury from novelist Steven Paul Leiva, a long-time colleague and friend of Bradbury's. The book includes the title piece written for the Los Angeles Times, and ""The Man Who Was Himself,"" his appreciation of Bradbury commissioned by the Science Fiction & Fantasy Writers of America for the Winter 2012/13 edition of their quarterly magazine, The Bulletin. Other pieces were originally written for Neworld Review, KCET.org and Leiva's personal blog.",470
The Pregnant Bride Wore White,"Keri Overton thought her one night of passion with Jake McCoy would be her only memory of him--until she discovered she was pregnant with his child. Fortunately a safe haven beckoned: Jake's hometown of Chance City. Too bad he was out of town. Permanently, it seemed.But imagine her surprise at a surprise baby-shower guest: the child's father! And everyone expected these soul mates to marry, so marry they did. Could their in-name-only union possibly turn into the real thing?",478
AGE SIX RACER,"Now, I'm not sure if it's like this for every guy out there, but it seems like the main underlying reason for everything I do is because of a girl. It was 'the girl' who made me run away from my hometown. And it was 'the girl' who almost got me killed. But it was also because of 'the girl' that I ended up in New York City with my three best friends on a mad adventure. My name is Princeton, and I'm a white-footed mouse.",422
The Meaning of Easter,This is a children's book that explores the Christian meaning of Easter in very simple terms. The colorful illustrations appeal to kid's while explaining the Easter story one small step at a time. It includes explanations as to why we use Easter eggs and Easter lilies as well. It is a follow up book to the very popular Meaning of Christmas book by Jonathan Smuda.,365
"Nature's Day: Out and About: Spotting, making and collecting activities","Following on from the success of Nature's Day, this beautiful activity book by the same author and illustrator shows children how to interact with their surroundings. Activities include spotting different leaves, birds, flowers, and insects, how to make plaster-cast animal tracks, how to mimic birdsong, and how to write a poem inspired by a walk in the woods. This activity book will inspire children to discover the world of wonder that awaits on their doorstep.",465
Trash and Treasures,"Tucker has spent his entire life as an interstellar trash man. But ever since his mother died, he's been alone, and certainly lonely. So when he discovers that the derelict ship he scooped up has an occupant, a beautiful young man named Ronan, Tucker is thrilled. Ronan is royalty and running from his tyrannical mother, determined to keep a powerful object out of her hands. But when he strikes a deal with the adorable Tucker, he wonders if it's time to stop running.",469
This Is The Schoolroom,"The turbulent Thirties, and all across Europe cry the discordant voices of hunger and death, most notably in Spain, where a civil war threatens to destroy the country. Aspiring writer, Marcus Hendrycks, has toyed with life for twenty-one years. His illusions, developed within a safe, cloistered existence in Cambridge, are shattered forever when he joins the fight against the fascists and is exposed to a harsh reality. As the war takes hold, he discovers that life itself is the real schoolroom.",498
"Together Forever (Love Stories For Young Adults, #16)","Dean Smith is at the top of Natalie Taylor's crush list. Tall and intelligent, with a bit of a stubborn streak, Dean's an ideal Taurus...and horoscope junkie Natalie's perfect Valentine. After one magical night--one amazing kiss under the stars--Natalie knows she's found a great guy. But everything changes when Natalie discovers the lurid truth. Dean's not a strong, silent Taurus--he's a fickle Gemini! And that magical kiss was a lie! Will Natalie follow the stars...or her heart?",484
"Gale Force (Weather Warden, #7)","Weather Warden Joanne Baldwin is taking a holiday from her duties when her idyll is interrupted by her worst nightmare: a reporter from a legitimate newspaper. The last thing Joanne needs is someone exposing the supernatural world she inhabits. The sun chases the clouds away when her Djinn lover, David, asks her to marry him.",327
Monument,"Lost Eden
It was a world of dazzling but deadly beauty, where pleasure was man's most precious birthright. In this lost colony the inhabitants had forgotten the very existence of earth. Only one man remembered. He foresaw the awesome consequences if this paradise were ever redisvoered.
Monument
The novel of a frightening future - a planet in mortal combat with an alien universe.",381
"Skip Beat!, Vol. 05","Kyoko lands a regular role on a TV show...as a giant chicken. Not content to settle for poultry recognition, Kyoko tries out for a big commercial. At the audition she runs into her Love Me rival Moko, who's having rival woes of her own. With a jealous rich girl out to bring them down, can Kyoko and Moko overcome their difficulties and act as a team to trounce the competition?",378
The Royal Slumber Party,"What's better than a slumber party? A Royal Slumber Party! When Sofia invites her friends from the village to her very first royal slumber party, she's excited but nervous, too. What if her old friends don't get along with her new ones? Advice from a Disney Princess comes at just the right moment, and Sofia's slumber party winds up being a royal blast in this storybook featuring Sofia the First.",398
Dragon Lesson (Supernatural Consultant #6),"All Lumie wants is Goldie's beautiful smile, but the only expression he ever shows Lumie is tears. When Goldie asks him for a favor, Lumie leaps at the chance to finally see Goldie happy.
Goldie wants to live a life free of the fear that has chained him for so long, but breaking free of them once and for all may come with a higher price than he and Lumie are prepared to pay.",377
"Love, Stimulating Trivia & Other Arousing Bits","Do you ever wonder what makes one person attracted to another, or what happens to us chemically when we fall in love? Love, Stimulating Trivia & Other Arousing Bits is a collection of love facts and trivia that has been compiled over the years. The trivia will provide you with hours of entertainment. Play a love trivia game with your friends, start a heated discussion or learn just what makes us all tick when it comes to love. Some great pearls of wisdom. Enjoy!",466
Far Away Faye,"In this short sequel to ""You'll Be Like Faye"", ""Far Away Faye"" follows the journey of Heather as she makes her new life far from all she's ever known. Meanwhile, friends and family back home are struggling to make sense of the loss that is driving them apart. Despite all she's been through, will Heather be able to make peace with her new self while still remembering the one she left behind?",393
Haunted Battlefields: Virginia's Civil War Ghosts,"Journey to thirteen of Virginia's most haunted Civil War sites in search of spectral residents. Hear stories that have swayed skeptics and learn about new encounters with Civil War ghosts. Visit Cold Harbor, Henry House Hill, and the Bull Run Bridge at Manassas, Fredericksburg's Sunken Road, Grant's Headquarters at Appomattox Manor, and many more ghostly places! Do spirits still replay the past at Virginia's battlefields? Most definitely.",442
Season of the Devil: Love & Evil in Palm Beach,"2017-Billionaires, Mobsters, Devils...Love & Evil in Palm Beach and Season Of The Devil...Billionaires, Mobsters...And The Girl From Palm Beach are being offered for free exclusively on Smashwords.com and through Smashwords channels, like iBooks, Barnes & Noble, Kobo, and more...
Pamela Southwood's original version:
Season Of The Devil: Billionaires, Mobsters, And The Girl From Palm Beach
Which is still currently for sale in print and Kindle versions. You can also get it on Amazon.",486
Even the Dogs,"On a still, freezing day between Christmas and New Year, a man's body is found lying in his ruined flat. In the days that follow, those who knew him recreate his neglected life and look on as his body is examined, investigated and cremated. And as they watch, their own stories unfurl layer by layer; stories of hopes flaring and dying and of lives fallen through the cracks. Shockingly powerful and intensely moving, Even the Dogs is an intimate portrayal of existence from beyond the comfort zone.",499
"Finally!-  First time with my...(Gay Man of the House Taboo Erotica, 1)","Tony had never looked at the Man of the House as anything besides just that until a run in makes it obvious that there is some animal attraction at work there.
Darrin raised Tony like his own but now that he's grown, its time to show him how a lover should treat Tony... tenderly, until its time for the rough stuff.",316
Indeh: An Apache Odyssey,"""A fascinating account of Apache history and ethnography. All the narratives have been carefully chosen to illustrate important facets of the Apache experience. Moreover, they make very interesting reading....This is a major contribution to both Apache history and to the history of the Southwest....The book should appeal to a very wide audience. It also should be well received by the Native American community. Indeh is oral history at its best.""---R. David Edmunds,Utah Historical Quarterly",494
Software Testing in the Real World: Improving the Process,"This work offers a toolbox for the practical implementation of the software testing process and how to improve it. Based on real-world issues and examples, it brings together key methods of software testing with practical implementation techniques, and presents a simple, practical approach for those getting started. For those already practising, it provides a guide to the current best practice sources and a framework for the ongoing and sustainable improvement of software testing.",485
Think Two Products Ahead: Secrets the Big Advertising Agencies Don't Want You to Know and How to Use Them for Bigger Profits,"This commonsense guide lets you develop your brand with the same techniques and technologies as the big players--but without all the cost. You'll learn to master the same three-step plan the big advertisers use and discover the secret to brand continuity from product to product. This valuable resource will help you connect your products with your customers, no matter how small your brand.",391
"The Sallee Rovers (Pirates of the Narrow Seas, #1)","Lieutenant Peter Thorton of the 18th century British navy must struggle to come out gay while surviving storms at sea, ship-to-ship battles, duels, kidnapping, and more in his quest for true love and honor. The Sallee Rovers, Book One of The Pirates of the Narrow Seas Trilogy is an expertly crafted swashbuckler brimming with authentic detail and fully realized portraits of life at sea, written by a tall ship sailor and internationally acclaimed poet.",454
Handmade Gifts,"Containing more than 70 projects, from candle making and crocheting to paper-crafts and baking, Handmade Gifts is the perfect guide to making handcrafted items that people will love. Each project is clearly explained using simple step-by-step images along with photographs of the finished item and variations on how to make each piece unique. There are even ideas for green and up-cycled gifts.",394
"The Many Sins of Lord Cameron (Highland Pleasures, #3)","A renowned rake, Cameron Mackenzie doesn't care if Ainsley Douglas has a virtuous excuse for sneaking around his bedchamber. He only cares that she's at his mercy. One kiss at a time, he plans to seduce her. But what starts out as a lusty diversion may break Cam's own rules.
(c)2011 Jennifer Ashley ; (P)2012 Tantor",316
Sneak Thief (Lia Anderson Dog Park Mysteries #4),"When a Dog Park newbie is murdered, starving artist Lia Anderson not only winds up with the woman's kleptomaniac beagle, she also inherits her stalker. On the outs with her beau, Detective Peter Dourson, and with the police on the wrong track, Lia will have to rely on herself and her friends to keep her alive.",311
"Feral Cravings (Luecross Wolves, #1)","Two shape-shifting brothers plus the one woman they both want, equals one night of erotic magic.
Alice has a deep, dark secret. When she agrees to stay the weekend with her friend Halle, Alice has no idea what the night really has in store for her. She is instantly drawn to Killian, but what she doesn't know is that he has a dark secret of his own, a secret that will forever change their lives.",397
Get Cooking: 150 Simple Recipes to Get You Started in the Kitchen,"Get Cookingis the first in a series of cookbooks geared toward beginners by Mollie Katzen, the author of the bestselling Moosewood Cookbook. Here are 125 foolproof , basic recipes for soups, homemade pasta, roast chicken, burgers, vegan specialities, chocolate chip cookies--and more--that anyone can enjoy making, no matter how inexperienced they are in the kitchen.",367
"The Truth About Stacey: A Graphic Novel (BSC Graphix, #2)","America's favorite baby-sitters come to life in a new graphic novel series!
Poor Stacey. She's moved to a new town. She's still coming to terms with her diabetes. She's facing baby-sitting problems left and right. And her parents are no help.
Luckily, Stacey has three new, true friends -- Kristy, Claudia, and Mary Anne. Together they're the BSC, and they will deal with whatever's thrown their way -- even if it's a rival baby-sitting club!",442
Patric the Pony and the Golden Salamander,"Meet the salamanders, Sally, Mandy and Der, whose world has been destroyed by a tractor. Meet two ponies, so very different from each other. Patric who likes to go down to the marsh and roll in the mud and the beautiful Deedee who doesn't even like to get her tail.dirty. Patric thinks she is a very silly pony. Find out what happens when they decide to rescue the salamanders and what they discover about themselves and each other.",432
Becoming Free: A Woman's Guide to Internal Strength,"Christy Monson, a successful family therapist for over thirty years, has written Becoming Free to help you achieve your goals and find deeper happiness in your life. Becoming Free is a step-by-step book to help you to shed your armor, expand your optimistic thinking, and enhance your ability to give and receive. Once you become free of the armor you've built around you to protect yourself, you'll find the abundant life you have always sought.",446
Footprints Across the South: Bartram's Trail Revisited,"In Footprints Across the South: Bartram's Trail Revisited, author James Kautz travels the path of William Bartram, a botanist from Philadelphia who explored the American Southeast in the 1770s. Beginning in Charleston, SC, and ending in Baton Rouge, LA, Kautz compares the conditions at the time of the nation's founding with the current social and natural environment of today. Interested in learning more?",407
Fiasco RPG,"Fiasco is a game inspired by films like Blood Simple, Fargo, and A Simple Plan. During a session you and your friends will engineer and play out stupid, disastrous situations that exist at the darkly comic intersection of greed, fear, and lust. It's like making your own Cohen brothers movie - in about the same amount of time it'd take to watch one.
For 3-5 players and 2-3 hours. No preparation required!",406
Particularly Cats and More Cats,"Doris Lessing recounts the cats that have moved and amused her, from the kittens that overran her childhood home to the wrenching decline of El Magnifico, whose story unfolds in a new essay, appearing here for the first time."" ""Particularly Catsalso evokes Lessing's own story in relation to cats, how they affect her and she them, communicating in a language of mood and gesture that all cat-owners will recognize.",415
What Witches Do: A Modern Coven Revealed,"Aims to provide a behind-the-scenes description of what witches really do, and describes the ancient rituals as seen through the eyes of a practicing witch and member of an active coven. This book explores the fundamental beliefs and symbology of Witchcraft, presenting the time-honored texts of its rituals and invocations.",324
"Only God: Change Your Story, Change the World: Change Your Story, Change the World","Experience firsthand how Only Godcan use you--and the local church--to transform people, communities, the world. . . in an extraordinary way! You'll come away with a renewed sense of purpose, as you read Dwight Mason's powerful, life-altering message of hope. Get ready to let God work in and through you to change your world!",326
Life with a Hole in It: That's How the Light Gets in - The Wisdom of an Awakened Heart,"Vicki Woodyard was faced with the death of her seven-year-old daughter from cancer. Already on the spiritual path, she deepened her resolve to continue. In 2000, her husband began his fight against a fatal cancer. This book is for those on the spiritual path and those facing loss of any kind. Her writing rings with resolve, humor and peace. An inspiring story for anyone to read.",381
"Cleo, Camping, Emmanuelle & Dick","A sharp and hilarious biographical play based on the life of Carry On star Sid James
Carrying on in the great tradition of British comedy, Terry Johnson's new play takes some familiar faces and gets a bit familiar with them.
""Terry Johnson is that rare creature: a moralist with wit. He writes with responsible gaiety"" (Guardian)",329
Bad Alpha: Manlove Edition,"Bad Alpha features a select collection of stories with shifters so ruthless they will stop at nothing to protect their pack. These aren't sugar-and-spice heroes. Our alphas are feared, inked, and don't ask questions first. They take what they want, never give in to their enemies, and think love is for the weak--until they meet their mate. Are you ready to learn how to tame a savage heart?",391
"Uzumaki, Volume 3","Kurozu-cho, a fogbound town on the coast of Japan, is haunted by a recurring pattern: a spiral manifesting itself in increasingly terrifying ways. In this third and final volume, the town is cut off from the outside by devastating hurricanes. Kirie, her boyfriend Shuichi, and the other desperate survivors must face the impending horror.",338
Parallel Worlds: Nothing is as it seems,"On the surface, the story is about a pair of teenagers, trapped in a parallel world. They must retrieve information from their past lifetimes before they can return to their own world.
Yet underlying the story is a message so powerful, so life-changing and controversial, it has been concealed for thousands of years - because these truths are capable of changing our current world forever.",390
Into His Private Domain (The Men of Wolff Mountain - Book 1),"Alone in his fortress, Gareth Wolff avoids the world.Until Gracie Darlington scales his mountain and lands at his doorstep - with cuts, bruises...and amnesia. But the reclusive billionaire knows she wants something from him. So Gareth won't let the sexy interloper leave. Not until he learns her angle and sates his desires in her arms!",336
Crime Scene Asia: Volume 1,"Amidst the struggles of war-torn 1950 Singapore, the chaos of the Malayan Emergency and the violence of the Maria Hertogh race riots, a journey into the past brings a chilling discovery for Eurasian Annie Collins, who returns to Singapore seeking her lost baby. This well-crafted story is a lament for the loss and damage of war, an unraveling mystery and a journey into suppressed memory and the nature of self-delusion.
Includes the short story ""The Hanoi Sword Swindle"" by William L. Gibson.",494
"Dudleytown (Cornwall Novellas, #1)","College sophomore Alexander Strauss has one rule: no messing around with straight guys. Especially not his mouthwatering roommate, Shannon. When their ride share drives off the side of a mountain, the two young men find themselves deep in an uninhabited forest searching for their missing friend. Wandering the famously cursed grounds of Dudleytown, Alex figures something truly unholy must be at play, because only insanity could tempt him to break his cardinal rule.",468
The Tomorrow People,"There was something on Mars that killed people.
One expedition vanished without a trace. Out of another, only one man came back. That was Johnny Wendt - the only man who had seen Mars and lived. His knowledge could be decisive in the desperate East-West race for Space. But Johnny didn't know what it was that made Mars a death-trap...
...and he didn't know that he'd brought it back with him!",393
Deadpool's Secret Secret Wars #1,"Not a Secret Wars tie-in! Well, it is...but not that Secret Wars. Remember the original Secret Wars from 1984? And remember how Deadpool played a huge important role in it? Wait...you don't? Then you need to read this series immediately and be educated! From the team that brought you Deadpool Killustrated comes the most Secretest War of all! Plus, a bonus Deadpool Contest of Champions tale!",393
Naked Prey (Lucas Davenport #14),"Two people are found hanging naked from a tree in the woods of northern Minnesota. What makes the situation particularly sensitive is the bodies are of a black man and a white woman. Lynchingis the word everyone's trying not to say, but as Lucas Davenport begins to discover, the murders are not at all what they appear to be. And there is worse to come --- much, much worse.",375
"The Tempest (Star Trek: Deep Space Nine, #19)","When a ferocious plasma storm strikes the entire Bajoran system, Deep Space Nine becomes a port under siege, filled to overflowing with stranded space travelers, unpredictable aliens, and Klingon smugglers. Wof and Odo find themselves tested to the limit as they struggle to control the chaos that has consumed the station. But even greater danger faces Dax and botanist Keiko O' Brian when they must fly a runabout into the very heart of the storm and encounter a stange new form of life!",489
Burial of Hearts: The Black Widow's Malice,"Follow the journey of Avis Aldebourne in the magickal world of burial of hearts the black widow's malice. Her love taken from her, Avis must leave her birthplace of Malkaretz and venture forth into a world filled with magick and mystery. What will become of her when she faces the might of Hecate queen of witches.",314
"Picking up the Pieces (Hearth and Home, #5)","A couple years have passed and Robbie and Seth (Hearth and Home, Going Home) have everything going for them. Until their beloved tattoo parlor--the one they've worked so hard on--is robbed. Everything's destroyed, and Robbie's temper gets the best of him. Now it's up to Seth to help his lover pick up the pieces and mend a few wounds. If it takes a bit of pain, then so be it.",377
Raven Black,"The night is twilight orange with the haunts of a thousand ravens and the day is a reminder that the shadows do hold some secrets as vivid and stark as a crow's nest in autumn. Follow the wind and the rain and the sun on the wings of a raven, from town to town and story to story Raven Black will transport you and leave you breathless.",336
Yum! Yuck! A Foldout Book of People Sounds,"At a busy street market, kids eating ice cream exclaim, ""Yum!"" in English, ""Geshmak!"" in Yiddish, and ""Nam-nam!"" in Danish. But disaster strikes when a little dog overturns a spice cart, showering pepper on everyone's ice cream. Will the kids end up crying, ""Hai hai,"" or cheering, ""!Yupi!""? Energetic art and a lift-the-flap feature make exploring languages fun.",363
Doctor Who: The Man Who Wasn't There,"Charley Pollard's innocent request to meet a historical hero seems the easiest thing for a friend with a time and space machine to make happen. But as Charley and the Doctor seek out the Victorian explorer, they uncover a sinister scheme to unravel Earth's future by affecting its past. But where in its history was the deed done? And is it already too late to put right?",371
Survival (Survival Series #1),"When Sarah escapes from her brutal abductors, she promises to return to rescue her twin sister, but with the dead walking the earth she is forced to rely on a coworker who made her work life hell for years. With her coworker weakened by cancer treatments, her sister still imprisoned, and the dead looking for an easy meal, Sarah's only plan, if she can pull it off, is Survival.
Survival is a 14,000 word short story and was originally published in the Let's Scare Cancer to Death anthology.",492
Before I Go To Sleep by S. J. Watson - Summary & Study Guide,"Before I Go To Sleep Study Guide contains comprehensive summaries and analysis of the book.
This study guide includes a detailed Plot Summary, Chapter Summaries & Analysis, Character Descriptions, Objects/Places, Themes, Styles, Quotes, and Topics for Discussion on Before I Go To Sleep by S. J. Watson.",303
Manual For Integrated Circuit Users,"This book features a comprehensive approach to operational and circuit design analysis of modern electronic equipment. The material is based on 300 analysis sheets covering basic circuits, specific hardware schmatics, operation and test data with appropriate ilustrations for a wide range of electronic hardwar: microwave, integrated circuits and display equipment.",365
"The Power That Preserves (The Chronicles of Thomas Covenant the Unbeliever, #3)","""A trilogy of remarkable scope and sophistication.""
LOS ANGELES TIMES
Twice before Thomas Covenant had been summoned to the strange other-world where magic worked. Twice before he had been forced to join with the Lords of Revelstone in their war against Lord Foul, the ancient enemy of the Land. Now he was back. This time the Lords of Revelstone were desperate. Without hope, Covenant set out to confront the might of the enemy, as Lord Foul grew more powerful with every defeat for the Land....",496
Celebrate Kwanzaa with Boots and Her Kittens,"An African-American family gets together to celebrate Kwanzaa, but the celebration is spoiled because their beloved pet cat is missing. As the family sets off on a quest to find the cat, the reader learns about the seven principles celebrated in Kwanzaa in a simple and entertaining way. Includes an informative section about the holiday.",338
I Wanna Be a Great Big Dinosaur,"More than anything in the world, one little boy wants to be a great big dinosaur. And he's in luck! A great big T. Rex shows up to teach him how to stomp and roar just like a dinosaur. But dinosaurs aren't so great at soccer or video games... Maybe being a little boy isn't all bad?
A story about being whoever (or whatever) you want!",334
The Awakening,"She's the only one of her kind. And she doesn't even know her name.
Two investigators--one human, one vampire--find a young woman among a mass of dead bodies. She has no memories, and nothing but her clothes, two receipts, and a mysterious dagger carved with the initials 'SB'.
As she seeks her identity, SB realizes she's unlike any other creature in the world, making her the most valuable person on the planet. And the most wanted.
WARNING: Language, violence, and graphic sex",479
God Is with Me through the Day,"For a child, so many things can happen in one day. Sometimes the world outside is a scary place. There is so much to be discovered and understood and at times the adventure is simply overwhelming.This story reminds kids that God is always present. He is a protector who never stops caring for all children each day through. With comforting pictures of lovable critters that seem to have similar feelings and an engaging message, children will be assured that God is always near.",478
Twin Passions,"Beautiful, feminine Anora finds her wedding plans suddenly shattered. She and her identical twin, tomboyish Gwendolyn, are kidnapped and taken aboard a Viking ship. While the handsome captain mistakes Gwendolyn for a boy and appoints her his servant, Anora captures his heart and he vows to have her. To preserve her sister's maidenhood, Gwendolyn initiates a dangerous game. Will the twins be rescued before Gwendolyn surrenders to her own passion?",449
This isn't Home,"Supernatural Fanfic
Dean/John/Sam, Jimmy Novak/Dean
Since Mary died, it all went downhill. Temporarily, John finds another niche to exist for them, far beyond hunting and demons - they rent a house in the peaceful suburbs of New York. The calmness of the neighborhood never reaches the boys; not really. They can never run from the one monster they fear the most.
Words:19802 complete
Art by author",398
Sanctuary (X-Men Mutant Empire #2),"The Big Apple has been taken over by the X-Men's arch-enemy, Magneto. He's declared it a haven to all mutants, vowing to rule the new empire with his Acolytes--with their law enforced by reprogrammed Sentinels. The X-Men must penetrate the enslaved city and stop Megneto before he advances his mad plan to expand his empire from New York to the entire world! Original.",368
"Ouran High School Host Club, Vol. 8 (Ouran High School Host Club, #8)","The first-years in Class 1-A are taking part in a test of courage, where the loser will receive the dubious honor of being dubbed Best of Cowards. Kazukiyo Souga, the club president and fraidy-cat at heart, is happy to be on a team with the levelheaded Haruhi, but will he be able to stomach the antics of his other teammates - the twins Hikaru and Kaori Hitachiin?",365
"Death Shall Overcome (John Putnam Thatcher, #5)","The Dow Jones quivers when the crusty, old brokerage house of Schuyler and Schuyler announces a new partner with a seat on the Stock Exchange - black multimillionaire Edward Parry. Murders, attempted murders, and civil-rights demonstrations bring security on Wall Street to a record low until John Putnam Thatcher brings the matter to a close, right on the inviolable floor of the Exchange.",390
"Fall of Thanes (The Godless World, #3)","Tension between the clans of the Black Road and the True Bloods is mounting, as each side in the conflict becomes ever more riven by internal dissent and disunity. And Aeglyss the na'kyrim continues to spread chaos in the world, exerting a dangerous, insidious influence over events both near and far.",301
Heaven Knows I'm Miserable Now,"Life can be shit. Love can be shit. Whatever has happened to you, whatever will happen to you, whatever might happen to you, whatever hasn't happened to you, well . . . you're not alone. Andre Jordan's drawings and prose are culled from a life of heartache and unrequited love. Simple, sad, clever, and darkly hilarious, they tell of both dismal places and hopeful realizations.",378
Rant,"Buster ""Rant"" Casey just may be the most efficient serial killer of our time. A high school rebel, Rant Casey escapes from his small town home for the big city where he becomes the leader of an urban demolition derby called Party Crashing. Rant Casey will die a spectacular highway death, after which his friends gather the testimony needed to build an oral history of his short, violent life.",393
"Red Mountain: Birmingham, Alabama, 1965","Fiction. ""RED MOUNTAIN is a huge accomplishment. It perfectly captures a lost time, the early 1960s in Birmingham and on New York's lower east side. A gifted couple's struggle to nurture love and sanity, their personal story framed by racial violence and family bigotry, is portrayed with the authenticity of memoir, yet shaped through suspenseful, inventive fiction. I loved this novel."" Luke Wallin""",401
See John Play,"Everyone wants a piece of struggling golfer John Kaminski--his lucky lady, the old-school Cincinnati underworld, and Connie, the man-melting woman to whom he's married. His stunning triumph reaps sudden wealth, flying bullets, and death. Now the real game begins, as a strong woman with every reason to leave her undeserving husband hatches a plot to risk her life for him.",373
All the Queen's Men: The World of Elizabeth I,"Opening with an overview of the reigns of the first four Tudor monarchs, the author emphasizes just how much England was in need of a strong and charismatic ruler, particularly after the disastrous reign of ""Bloody Mary."" Subsequent chapters examine the make up of the royal court and the personality of Elizabeth herself, showing how her perilous path to the throne taught her much that was to stand her in good stead as Queen.",428
Falling for the Rodeo King,"As a young gay man in a small, southern town, I always felt like an outsider. Then I locked eyes with Aiden, and nothing was the same ever again. Aiden was the handsome rodeo star who could have any girl or guy he wanted. But for some reason, he wants me. It was all too good to be true. When Aiden tells me the truth of his identity, I need to choose between the life I know and a world I never even knew existed.",414
I'll Cover You,"Kate Stewart has the weight of the world on her shoulders. As the first female President of the United States, she's got a lot on her mind. However, it's a certain Secret Service agent named Emmy Harris whom she can't get out of her head . . . or her heart. Their searing and erotic passion for one another causes quite the stir in the White House. But will their passion be enough to survive the stresses of being in the public eye? Or will they both be left burned?",467
Three Masterpieces: The Liar / The Illusion / Le Cid,"""The Liar"" is a hilarious comedy of the impossible situations which arise when a compulsive and incorrigible liar falls in love. ""The Illusion"" is a fascinating play within a play within a play with a strong mystical element. ""Le Cid, "" his most famous play, is a tragicomedy that caused a furious controversy between Corneille and his fellow-writers.",351
The Karma Club,"Madison Kasparkova always thought she understood how Karma works. Do good things and you'll be rewarded, do something bad and Karma will make sure you get what you deserve. But when Maddy's boyfriend cheats on her, nothing bad comes his way. That's why Maddy starts the Karma Club, to clean up the messes that the universe has left behind. Sometimes, though, it isn't wise to meddle with the universe. It turns out Karma often has plans of its own.",448
Dead Girl Beach,"'Grisly murder weapon never used before.'
Koh Phangan Island, Thailand is an exotic getaway, a fun-in-the-sun fantastic place. But the island can also be dark and dangerous. Sam Seabury's fiance has been murdered there by a female socio-path who uses a grisly murder weapon never used before on her victims. Local police offer no help solving the murder. So Seabury sets out to track down the killer, unaware of the dangers awaiting him.",437
The Stuffy Nose and Back Pain Connection,"Are you plagued by a chronically stuffy nose?
Do you think it's no big deal and that you can just live with it? If you answered yes, do your body a favor, and explore the
fascinating link between chronic allergic rhinitis, mouth
breathing, and lower back pain.
A compelling, scientific look at how breathing affects muscles, The Stuffy Nose and Back Pain Connection is a pamphlet that holds the power to change your life for the better--forever!",445
The Underground City,"The classic novel by famous French writer Jules Verne. It was originally published as ""Child of the Cavern,"" but later became ""The Underground City"" in English publications. This version of the book features pictures and illustrations in many of the chapters. There is a mixture of colored photos and old black & white style photos.",332
Volcano Wakes Up!,"Playful, kid-friendly poems from five alternating points of view explore the volcanic process and its effect on the surrounding land, flora, and fauna. From the hungry lava crickets to the irrepressible ferns, everyone has something to say about it! Follow one day--from sunrise to moonrise--on the slopes of a young, about-to-shout volcano. Science-loving kids will get a kick out of this fun look at an erupting volcano, and the creative poems offer something for every reader.",479
Young Avengers #2,"Has Wiccan made a horrible mistake that comes back to bite everyone on their communal posteriors? Spoilers: Yes.Does this guest star the Uncanny Avengers? Spoilers: Also Yes.A figure from Loki's past emerges. Friend? Foe? What will it be? Spoilers: It's Foe.And much more from Marvel's most critically acclaimed book. Yes, we're saying it's critically acclaimed and it's not even out yet. We are very bad.",405
Workplace Etiquette: How to Create a Civil Workplace,"Today's workplace environment can be very disruptive and unpleasant at times. This easy to read, comprehensive book teaches the reader how to change a toxic environment into the type of workplace in which he or she and co-workers would want to work. Author, Rebecca Black of Etiquette Now! has taught countless workshops on this subject. Now you can have this same workplace saving advice in the palm of your hand without spending hundreds of dollars to attend one of her workshops.",482
The Marinara Murders,"A grown man living in his mother's basement, disgraced detective Arthur Beautyman knows his life has fallen off a cliff.
But that doesn't mean he has to be happy about his mother's solution to his woes: volunteering him to solve a case for her favorite bridge partner. Oh, and to make matters worse, she wants to be his partner on the case as well ...",351
Classic Asian Philosophy: A Guide to the Essential Texts,"This is a second, revised edition of Kupperman's introduction to Asian philosophy via its canonical texts. Kupperman ranges from the Upanishads to the Bhagavad Gita through Confucius to Zen Buddhism, walking students through the texts, conveying the vitality and appeal of the works, and explaining their philosophical roots. Kupperman has made revisions throughout the text, clarifying where necessary, and added a new chapter on al-Arabi's The Bezels of Wisdom, a classic of Islamic Sufism.",492
"Mallory McDonald, Super Snoop (Mallory McDonald, #18)","Mallory is on a mission. Max, her brother, is spending all his time with his girlfriend and won't allow Mallory around for ANY of it. Mallory wants to know what's going on when they're together. Are Max and Winnie hatching secret plans? Are they causing danger? And as Max's sister, doesn't she have the right to know? Mallory McDonald, Super Snoop, is determined to spy on them. But when she digs up the dirt she's looking for, she'll find that snooping is messy business!",473
"Ready For Kindergarten, Stinky Face?","Stinky Face is full of ""What ifs"" as he gets ready for kindergarten!
It's time to go to kindergarten, but Stinky Face has a question . . .
""But, Mama, what if the sink in my classroom pours grape juice instead of water?""
As the situations grow stranger, Stinky Face's mama always has just the right answer to make him feel better.
With Lisa McCourt's zany ideas and Cyd Moore's motion-filled illustrations, this reader is sure to make every worried kindergartner-to-be a little less nervous.",491
Theosophy of the Rosicrucian,"This volume provides an overview of Steiner's views on the nature and constitution of the human being, life after death and before birth, the laws of karma, the epochs of evolution, and the future of humanity. This was part of Steiner's early work of building up the content of anthroposophy and is an excellent complement to his basic books.",342
Symphony of the Dead,"This novel traces the fate of the Urkhani family in the Iranian town of Ardabil before & after the Second World War through the trials & ghostly recollections of its very individual members, who include: Ideen, the frustrated poet; Urhan, his greedy & talentless younger brother; & Yousef, whose childhood antics left him paralysed.",332
Deadheads: Evolution,"It's been two and a half years since the Deadhead Virus was let loose, raising the dead to walk the earth in search of human flesh. Now, as the remnants of humanity try to rebuild in the land of the living dead, legends are whispered of a warrior, part human, part Deadhead, who walks the line between both worlds.
Gage Owens longs for the day when humans are once again at the top of the food chain. Lately he has noticed a disturbing trend: the Deadhead race is evolving...",475
Guri and Gura's Special Gift,"The Guri and Gura series of illustrated children's books--aimed at younger readers--introduces two adorable field mice who fall into wonderful adventures and meet fascinating new friends. Incredibly popular in Japan, the eight books in the series are known for their emphasis on friendship and sharing. Now translated into English for the first time, and fully illustrated with watercolor drawings, these books are sure to capture kids' imaginations.",450
"The Remorseful Day (Inspector Morse, #13)","For a year, the murder of Yvonne Harrison has baffled Thames Valley CID. But one man has yet to tackle the case, Chief Inspector Morse. So why is he adamant that he will not lead the reinvestigation, despite two anonymous phone calls that hint at new evidence? And why does he seem to be carrying out his own private enquiries?",327
"The Far Side of the World (Aubrey/Maturin, #10)","The war of 1812 continues, and Jack Aubrey sets course for Cape Horn on a mission after his own heart: intercepting a powerful American frigate outward bound to play havoc with the British whaling trade. Stephen Maturin has fish of his own to fry in the world of secret intelligence. Disaster in various guises awaits them in the Great South Sea and in the far reaches of the Pacific: typhoons, castaways, shipwrecks, murder, and criminal insanity.",448
New Perspectives on Microsoft Project 2010: Introductory,"NEW PERSPECTIVES ON MICROSOFT PROJECT 2010 takes a critical-thinking, problem-solving approach to teaching Microsoft's project management software. Case-based tutorials ask you to combine project management concepts with technology skills to complete realistic assignments. After working through NEW PERSPECTIVES ON MICROSOFT PROJECT 2010, you will be prepared to transfer your skills to complete projects successfully outside of the classroom and to thrive in your professional career.",486
Drone Man,"In the future, New York City is ruled by gangs. Whites have fled the city in droves. Mexican farmers now plant corn in Central Park. They are governed by Santana of the Latin Kings. As they push south, they confront the Norsemen, a motorcycle gang, and Cain, an eighty-year-old ex-Marine, who lives in a penthouse along Central Park South and is known as Drone Man. Approximately 10,500 words.",393
"The Bar G Bunch (Larry & Streak, #8)","The Texas Hellions had the choice of continuing their wild calaboose party or taking their chances with a hard-luck cattle outfit. Naturally they chose trouble. Larry and Streak signed on for a desperate drive through barren desert- along with a skip-jack crew of Latin lovers, weak-livered drunks and ornery women. Odds were they wouldn't make the first water-hole...",368
Two Hussars,"Ample indications of Tolstoys maturing artistic powers are presented in this work that revolves around the differences that develop from one generation to the other. Set in early nineteenth century, the work depicts the life styles of the Hussars and the factors behind their changing attitudes. Replete with actions and adventures, the book is bound to keep the readers on their toes. Engrossing!",397
Water from the Rock: Lutheran Voices from Palestine,"Water from the Rock: Lutheran Voices from Palestine provides articles, commentary, and stories from prominent Lutherans living in the strife-torn land of Palestine. Explores what it means to be a faithful witness to the gospel in the midst of ongoing religious and social conflict. Listen for voices of hope and justice.",320
Uncertain Beginnings (Uncertain Suspense #0.5),"When a fellow police officer is found dead in his home, Sergeant Wyatt Burke learns all is not what it seems in Uncertain, as he uncovers the mysteries behind the officer's death, and his life.
Uncertain Beginnings (a novella) is the prequel to the Uncertain series. The first full length novel in the series will be available in 2015. (Uncertain Beginnings was previously released as part of the Unlucky 7 novella collection)",426
The Weight of Words,"Bella is finishing her undergraduate English degree at U of T. PhD candidate Edward is her new TA. Shakespeare brings them together while a strict anti-fraternizing policy keeps them apart. Recommended for readers who enjoy the Bard, love a romantic Edward and appreciate UST. Rated M for language, literature and lemons.",321
Hex Marks the Spot (Bewitching Mystery #3),"While her boss becomes entranced with a beautiful armoire at the countywide craft bazaar, Maggie can't help noticing the Amish craftsman who made it. Though his clothes may be plain, he himself is more handsome than a man sporting a jawline-only beard has any right to be. And he seems pretty aware that the ladies love his...furniture. But when the hunky craftsman turns up dead with a strange hex symbol near his corpse, Maggie wonders if the craft involved is the witchy kind.",479
The Love Puzzle,"Marriage to a duke? The lovely, orphaned Katrina Darley never expected to find herself engaged to the dashing, influential Duke of Lyndbrooke . . . but when her aunt, the vain Lady Branston, discovers the Duke in her niece's bedchamber, she jealously arranges a loveless match under the guise of saving the girl's reputation. When danger imposes, who can save Katrina from her secret, scheming rivals?",401
A Sporting Chance: Hot Down Under,"In the outback town of Mount Tully, many a man's had to squeeze into a frock after backing the wrong derby cane toad on Australia Day.
But Mount Tully's surliest bartender, Jane Hood, has her steel-capped boots planted firmly on the ground, so there's no way she'd risk her independence to accept a saucy bet from the sexy but bossy pub owner, Luka Belov ... is there?",368
The Rightful Heir,"Arkon has loved the deposed King Dardwin from afar for the past six years. Determined to stand at Dardwin's side, he makes Dardwin a deal: He will defeat the usurper Morbain, but in return Dardwin needs to agree to take Arkon as his consort. Skeptical, Dardwin declares that first Arkon must prove himself with two other challenges. Then, perhaps, Dardwin will consider accepting Arkon's bold offer.",399
Shakespeare: A Very Short Introduction,"A clear introduction to Shakespeare's plays, this volume examines them in detail and shows how Shakespeare dramatized moral and intellectual issues in such a way that his audience became dazzlingly aware of an imaginative dimension to daily life. Germaine Greer argues that as long as Shakespeare's work remains central to English cultural life, it will retain the values which make it unique in the world.",406
Snapshots of a New China: Lifestyles,"This book is meant to help Westerners who have no idea of what is going on in China. Compiled from the pages of the Shanghai Daily, the city's largest English-language newspaper, it is full of snapshots of daily life, ranging from a man whose simple blog gets over 2 million hits a month to hairy crabs, weekend warriors, spending the day as an imperial concubine--it is all here, the pulse, the life, the breath of China.",422
Paintball Problems,"Max is excited for the end of the school year; not only will he get a break from Alex, the school bully, but he'll also get to spend the summer playing paintball. But when Alex joins the paintball league too,things go from bad to worse. The bully has Max firmly in his sights, and Max has to find a solution for his paintball problems before it's too late.",356
Island of Dolphins,"Juliet had no complaints about James Bannerman, the gentle scientist who had hired her to assist him with his study of dolphins on the Caribbean island of Tamassee. The problem lay with James's ruthless and abrasive brother Mark, who thought every woman fair game and made it clear from the start that Juliet wasn't welcome in his private paradise. Unless, of course, she was willing to agree to his insolent propositions.",422
"The Three Emperors: Three Cousins, Three Empires And The Road To World War One","As cousins, George V, Kaiser Wilhelm II and the last Tsar Nicholas II should have been friends - but they happened also to rule Europe's three most powerful states. This potent combination together with their own destructive personalities led to their own dramatic fallouts and falls from grace, and also to the outbreak of the First World War.",344
Bedtime Stories: 12 Board Book Block (Disney: Book Block),"This is a carry-along board book collection of 12 tiny board books. The carry case has a magnet closure and a plastic handle. The books feature favorite Disney characters and encourage early-learning concepts. Featured Disney Stories are:
- Aladdin
- 101 Dalmatians
- Dumbo
- The Aristocats
- The Lion King
- Bambi
- Peter Pan
- The Jungle Book
- Alice in Wonderland
- Lady and the Tramp
- Lilo and Stitch
- Pinocchio",417
Meat Heart,"Meat Heart contains 64 poems in three sections. A bold and visceral voice, lyrical but hyper-modern and aware, Broder's work builds a bridge between the messy business of living in a body and the desire for communion with a higher power. From human cassoulet to grunting ghost nuns, a tower of love shoes to binge eating in an apocalyptic future, Broder's poems ravage the constraints of flesh and brain.",404
Angelus Volume 1: Illumination,"Angelus Volume 1
From the pages of Witchblade: Danielle Baptiste returns home to New Orleans to come to grips with her new role as the Angelus, the human bearer of the primal force of Light. To complicate matters she must sort out her undefined relationship with Finch while maintaining control of the Angelus host, some of whom covet her power.",345
"$OLD (American Infidels, #1)","Dr. Viviana Lincoln is an expert linguist in several Middle Eastern dialects. Employed by the CIA as a translator, her latest assignment requires a temporary move to a safe-house in Northern Kabul. Translating between jihadist prisoners and their CIA interrogators is all in a day's work. Her mundane routine takes a harrowing turn when a high-level prisoner escapes and the safe-house's location is compromised.",412
Pig Dude: He Can Do ANYTHING!,"'You are good at many things,' Mama said. 'In fact, you can do anything.'
Mama truly believes in Pig Dude, but can he really do anything? There's only one way to find out. It's time for Pig Dude to attempt the IMPOSSIBLE!
Follow Pig Dude on a hair-raising, heart-warming adventure that celebrates what can be achieved when someone believes in you.",347
"Bon Voyage, My Love: Ticket to a Mixed Plate Paradise","Eve Richardson, a small town romance novelist, takes an unexpected trip to a remote tropical island resort. The instigator of this journey is Magnolia, her eccentric new age neighbor who promises the location will be the perfect place to inspire Eve's new novel. The island, however, turns out to be more than Eve bargains for when her real life story begins to rival anything rendered by her own fanciful imagination. Fiction/Humor/Mystery/Romance",448
"Vengeance (Jet, #3)","Jet III - Vengeance finds Jet settled down, trying to return to a somewhat normal life of stability and safety. But fate has other plans for her when she becomes embroiled in a terrifying terrorism plot involving figures from her past, whose thirst for revenge forces her back into the kill-or-be-killed world she'd hoped to put behind her forever.",348
"Nala and Damayanti: A Tale of Love, Gambling, and Adventure in Ancient India","Nala and Damayanti is a story of love. Written in Sanskrit, India's ancient holy language, and part of the great Indian epic, the Mahabharata, Nala and Damayanti reflects humanity, regardless of time or place. Through a breakdown of the work's syllable structure, Gerard L. Muller provides English speakers with a translation that makes the poetic aspects of Nala and Damayanti recognizable.",391
Jack Staff Volume 2: Soldiers,"Twenty years ago, on the streets of Castletown, Jack Staff fought Hurricane, the most destructive weapon ever developed by the British Army. It turned out to be his final battle. This volume reveals the full story behind that final fight and why Jack Staff walked away from his place as Britain's Greatest Hero, and what happened twenty years later when the Hurricane hits Castletown for a second time.",402
Descent Book 1: Descent from Man,"The man who has everything
Money, power, nobility, and a fast car; what more could a man want?
Well, having hands would be a good start.
In a world where nomadic elven tribes fight with interstate traffic, Gregory Lombard must decide how much he's willing to risk for a chance to make a difference before his curse steals the last of his humanity.
But is that decision even his to make at this point?",400
"Pretty, Prancing, Perfect Ponies","Each spread of these books features engaging images, lively, read-aloud text, and a textured play piece that can be lifted out and played with away from the book. Children will have hours of fun playing with the pieces and then putting them back in the book again when they're done.
Pretty, Prancing, Perfect Poniesintroduces readers to the beautiful world of ponies.",367
Sistering,"The second novel by award-winning novelist Jennifer Quist is a black comedy of birth, death, marriage, mothers-in-law, and five sisters. When Suzanne's role as the perfect daughter-in-law ends in a deadly accident, she panics, makes a monumentally bad decision, and upends her world. The bond with her sisters is the strongest force Suzanne knows, and it may be the one thing that can keep her from ruin. Quist's new novel is hilarious, spine-chilling, satisfying, and original. A romp.",486
One Thousand White Women,"One Thousand White Women begins with May Dodd's journey west into the unknown. A government program, in which women are brought west as brides for the Cheyenne, is her vehicle. What follows is the story of May's adventures: her marriage to Little Wolf, chief of the Cheyenne nation, and her conflict of being caught between two worlds, loving two men, living two lives.",369
"Tree House Trouble (Cul-de-Sac Kids, #16)","Abby Hunter and Stacy Henry are building a tree house--with a little help from Stacy's grandpa.When the hideaway is finished, the girls discover that a very cool three house can cause very BIG trouble. Especially when they start posting signs that read Definitely No Boys Allowed!What will happen to their faithful club motto: -The Cul-de-sac Kids stick together-? Is this the end for Abby's club on Blossom Hill Lane?",418
"The Labors of Hercules (Hercule Poirot, #26)","In appearance Hercule Poirot hardly resembled anancient Greek hero. Yet--reasoned the detective--like Hercules he had been responsible for ridding society of some of its most unpleasant monsters.
So, in the period leading up to his retirement, Poirot makes up his mind to accept just twelve more cases:his self-imposed ""Labors."" Each would go down in the annals of crime as a heroic feat of deduction.",401
The Eye and the Finger,"Donald Wandrei. The Eye and the Finger. Sauk City: Arkham House, 1944. First edition. Octavo. 344 pages. Publisher's binding, dust jacket.
Author's first book of fiction. The fifth book published by Arkham House, written by it's co- founder. Barron (ed), Horror Literature 3-204. Bleiler, The Guide to Supernatural Fiction 1656. Tymn (ed), Horror Literature 4-217.",364
Let's Fly a Kite,"Whenever twins Bob and Hannah have to share something, the two pieces had better be Exactly the same. Readers can learn to identify symmetrical shapes as the twins divide a sandwich or a beach towel. But when they decide to fly a kite, these squabbling siblings find out that some things can't be split to be shared.",316
Owly Volume 5: Tiny Tales,"Owly is a kind-hearted little owl who knows what it means to be human.
The fifth graphic novel in the amazing, all-ages Owly series collects many unpublished and out-of-print Owly tales. Included are the Owly Free Comic Book Day stories, the very first Owly mini-comics, and rare, never before seen drawings of little Owly before he met his best friend, Wormy, and grew into the character that is loved by fans and critics alike around the world.",446
Hearing the Movies: Music and Sound in Film History,"Hearing the Movies, Second Edition, combines a historical and chronological approach to the study of film music and sound with an emphasis on building listening skills. Through engaging, accessible analyses and exercises, the book covers all aspects of the subject, including how a soundtrack is assembled to accompany the visual content, how music enhances the form and style of key film genres, and how technology has influenced the changing landscape of film music.",468
The Lantern-Bearers and Other Essays,"Robert Louis Stevenson (1850-1894) is best known as the author of The Strange Case of Dr. Jekyll and Mr. Hyde, Treasure Island, and Kidnapped, but his essays comprise an oft-overlooked trove of gems, intriguing in their content and generous in their scope. This collection of nearly three dozen of Stevenson's best essays the only anthology of its kind spans his brief life and includes many of his most celebrated pieces and some others previously unpublished.""",462
Tacos de Lodo,"Marissa loves her big brother, Mario. He always comes up with fun ideas. When playing in their nana's backyard, they decide to make some mud tacos. That gives Mario an idea-how about some real tacos for lunch. Soon they are off to the store with Nana and their cousins Rosie and Chico. When Chico starts acting like a hotshot can the cousins show him how to have some real fun?
""Celebrates the twin pleasures of childhood, food and imagination."" -Kirkus Reviews",461
A Copper's Lot,"A Copper's Lot is set between 2006 and 2007 when British policing has returned to the maverick style 1970's but with legalised high class prostitution being licensed by the Police, while murder, mayhem and bisexual love is rife in Wolverhampton, Wombourne, Stafford and London. Mark Jones comes from Wolverhampton with 30yrs experience in writing and research, including local community and BBC Radio.",401
The Third Screen: Marketing to Your Customers in a World Gone Mobile,"Chuck Martin takes readers on a journey from the creation of the first screen to the revolutionary third. Martin describes the cultural and social changes incurred by the first screen (the television) and the second screen (the personal computer), opening up his discussion of how the third screen--the mobile device--is redefining the role of the consumer.",357
Arrested Heart,"Danielle Smith arrested Robert Wright's heart a long time ago, years later they find themselves in a hidden affair once again. There are walls standing between their happily ever after, secrets of the past. Danielle allows Robert to command her body in unbridled passion. However, she refuses to listen to his pleas that he wants her in his life publicly. When a secret is revealed and the bond between them is tried will their love keep them together or release them to walk away.",481
Brood of Bones,"Cursed by constant sleepiness, Enchantress Hiresha has no time to marry and raise a family. From virgin to grandmother, all the women in her city are in their last trimester, power drained by a lurking sorcerer. Only the Lord of the Feast, a dangerous yet charming illusionist, is uncivilized enough to help.",308
"Incorruptible, Vol. 2","Last Fall, BOOM! Studios showed the world that MARK WAID IS EVIL with the smash-hit graphic novel series IRREDEEMABLE. This Fall, BOOM! shows the world that Mark Waid...INCORRUPTIBLE! Super villain Max Damage had an epiphany the day The Plutonian destroyed Sky City. When The Plutonian turned his back on humanity, Max Damage decided to step up. Now Max Damage has changed his name to Max Daring and turned from his formerly selfish to become... INCORRUPTIBLE.",460
Blinded by the Blaze: Book 2 (Blinded by the Blaze #2),"Part 2of Blinded by the Blaze!
John is a handsome, caring and respectful firefighter attracted to a beautiful redheaded lawyer named Carolyn, the woman of his dreams. He likes Patty, a cute and bubbly brunette, but just as friends. Even though Carolyn is gorgeous, are her looks deceiving? Is Patty better for John?",315
"The Curse of Snake Island (Pirate School, #1)","The pirate ship's first mate, Rotten Tooth, sees Pete and his friends more as an annoyance than pirates in training. As the ship heads toward Snake Island, Pete has an idea to earn some respect--if the kids can find the hidden treasure before the grown-ups, then they'll have to be taken seriously! Only one problem: The treasure is guarded by a giant snake that curses anyone who looks in its eyes. Can the pirate kids find the treasure, earn the pirates' respect, and escape certain death?",491
Night of the Aurochs,"Dalton Trumbo's posthumous work, this novel tells the story of an old unrepentant Nazi official named Grieben. Former chief of the Auschwitz concentration camp, the protagonist is motivated by a boundless desire for power & by what seems to be an inability to receive love. In autobiographical form, Grieben ensnares us in the sadism of his youth, the cruelty of his relationship with a woman who was half-Jewish & the indescribable horror of the Holocaust.",457
ghostgirl,"Charlotte Usher feels practically invisible at school, and then one day she really is. Even worse: she's dead. And all because of a guy and a gummy bear.
In this highly acclaimed first book in the New York Times bestselling ghostgirl series, Tonya Hurley explores the heart-stopping effects of feeling invisible and the lengths we'll go to truly be seen.
""The only thing worse than being talked about is not being talked about"" ~ Oscar Wilde",441
The Bad Day,"Eddie wakes up, it's the morning after the night before. Flashbacks tell him that all is not well in his world, and he has to be at work, driving his bus, in an hour. He goes about his business, until a text changes the way that his day is going.
It's not just his day that will be affected though, and what happens is a catastrophic and tragic chain of events that eventually threaten to come round full circle.",412
The Gingerbread Girl Goes Animal Crackers,"She's fast. She's feisty. And she outsmarted that sly fox in her boisterous debut. Now the gingerbread girl is back with a new batch of friends - the animal crackers! They don't want to listen to the Gingerbread Girl's advice, even though she is one smart cookie. But they'd betterwatch it, or they'll all become treats for that trickster fox. With fun twists on the classic refrain plus big, candy-colored illustrations, this is one sweet treat.",446
The Dean and DeLuca Cookbook,"With multimillion-dollar shops in New York and Washington and coffee bars everywhere, Dean & DeLuca has dominated the movement to upgrade the American palate and is now a household name for top-notch ingredients and culinary style. Dean & DeLuca's 400 recipes draw upon the world's greatest cuisines to provide a cookbook for quality and health-conscious cooks. Line drawings.",376
"Fathers & Sons (Forts, #1)","This edition is no longer in print.
For Tommy Jarvis, life has never been simple - quite the opposite, in fact. It is, however, about to become decidedly more difficult. Moments after stumbling through a doorway to another world, Tommy and his friends discover they are the key to ending a war in which the casualties are too great to count and their chances of survival are almost nonexistent.",394
"Larry Loves Washington, DC!: A Larry Gets Lost Book","Just like the locals, Larry the pup loves the Washington Monument, the Lincoln Memorial, the National Air and Space Museum, the White House, and many of the other sites and sounds of Washington, DC. This board book based on the popular Larry Gets Lost in Washington, DC,features vibrant retro illustrations of this great American city and the perpetually lost pup, Larry.",371
Write Copy Make Money: How to Set Up and Run Your Own Profitable Copywriting Business,"Anyone who writes copy for a living eventually has to decide whether to go it alone (if they have not already done so). Based on the author's experience of running one of the most successful copywriting agencies in Europe, this book provides straight-talking, savvy advice on how to be a successful freelance copywriter.",320
"Ancient Evils (The Seven Princesses, #2)","'Tania and her six sisters, the long lost princesses of Ker Laeil, are back and stronger than ever. They can use their powers and they have a basic knowledge of what is going to attack them. But now the New Year is here and the princesses are training harder than ever. The invasion is at hand and 'Tania and her sisters must completely master their powers to defeat the evils that are awakening. If they don't? The world will be overrun by monsters and consumed by darkness.",475
Treatise on Human Nature: Summa Theologiae 1A.75-89,"This series offers central philosophical treatises of Aquinas in new, state-of-the-art translations distinguished by their accuracy and use of clear and nontechnical modern vocabulary. Annotation and commentary accessible to undergraduates make the series an ideal vehicle for the study of Aquinas by readers approaching him from a variety of backgrounds and interests.",369
A.D. 1000: A World on the Brink of Apocalypse,"It is the onej-thousandth year of Christianity. The end of the millennium is fast approaching, and with it the nightmare visions of Armageddon and the Apocalypse. Europe is wracked by war, famine, carnage,a nd pestilence. Madness plagues the continent.
Tracing the career of briliant visionary Pope Sylvester II, Richard Erdoes has composed a vivid tapestry of a century frighteningly similar to our present one. This chilling historical account holds up a darkling mirror.",473
a canter of the heart,"A beautiful Australian para-equestrian, Eleanor, is rudely awakened the morning after her twentieth birthday to face two pressing problems: the first, though she refuses to accept it, is that she's been told by many acquaintances and relations that she'll never find true love, and the second being that she can't even get up the steps to visit the night-club.",360
Healthy Homestyle Desserts: 150 Fabulous Treats with a Fraction of the Fat and Calories,"The award-winning nutritionist who brought you Healthy Homestyle Cooking shares specific technique tips for minimizing the calories and fat in more than 150 scrumptious dessert recipes. A nutrition scorecard gives before-and-after information on calories, fat, and cholesterol, and sidebars contain flavor and nutrition tips. 24 color photos.",342
Madurare (Cambiare Podentes #2),"Fandom: Harry Potter
Relationship: Severus Snape/Harry Potter
--------------------------------------------------
Now that Harry has been bound in slavery, how will he and Severus mature the spell to full completion? And how will they deal with the consequences of irrevocable enslavement? The second volume and conclusion to Cambiare Podentes: Invocare.",353
The Road More or Less Traveled,"The strange but true tale of two men who set out to walk the Appalachian Trail, America's most heralded footpath, extending over 2,000 miles from Maine to Georgia. Along the way, they find uncouth beauty, collide head-on with America's churning technocracy and battle through a faith in the ruins. Road is a story filled with adventure, absurdity, humor and gnarly soul-searching. You should read it.",400
"Sketch Monsters, Vol. 2: The New Kid","Tony's nervous about his first day at a new school. Instead of acting normally, he tries being the class clown, the teacher's pet, and sadly... even the bully. He draws his other identities as Monsters in his sketchbook. But Tony's monsters escape all over the school! Thankfully, Mandy also goes to Tony's school and can lend a helping hand! Can Tony and Mandy catch all of the new Sketch Monsters before they demolish the school?!",432
"Ruby Rosemount and the Doomsday Curse (Ruby Rosemount, #3)","Mr Swank turned to face them. 'The Doomsday Curse calls up the four forces of nature - water, air, earth and fire...
Ruby's studies at the Academy of Peace are cut short when a terrible curse is invoked. Who is doing this? Why have her mother and Granny disappeared? Long-hidden secrets about Ruby's family are about to be uncovered, and they could have disastrous consequences for everyone.",391
History of the Peloponnesian War,"Written four hundred years before the birth of Christ, this detailed contemporary account of the long life-and-death struggle between Athens and Sparta stands an excellent chance of fulfilling its author's ambitious claim. Thucydides himself (c.460-400 BC) was an Athenian and achieved the rank of general in the earlier stages of the war. He applied thereafter a passion for accuracy and a contempt for myth and romance in compiling this factual record of a disastrous conflict.",479
The Vulture Fund,"Supervising a multi-billion dollar real estate investment fund, a savvy Wall Street investment banker soon discovers through the research of a beautiful graduate student that there's more to this deal than meets the eye. Now he finds himself drawn into a treacherous web of international terrorism and deadly Washington politics -- and with billions of dollars up for grabs and his very life at stake, not even his best friends and closest colleagues can be trusted!",466
Beatles in Rishikesh,In February 1968 The Beatles came to Rishikesh to study transcendental Meditation with Maharishi Mahesh Yogi. During this time they wrote most of the songs that were later to become the White Album. No professional photographers were allowed inside the Ashram but the group had no objections to Saltzman freely snapping pictures during their time together. The pictures are reproduced in this lavishly designed book along with Satlzman's account of his experiences with the band.,479
30 Days of Night: Return to Barrow,"30 Days of Night was one of the undisputed success stories of modern comics, spawning a bestselling trade paperback, a major motion picture deal, and the attention of thousands of fans longing for an innovative tale of terror. Now the same creative team revisits Barrow, Alaska, the town where it all began, as the long night creeps once more over the tundra. Some things may have changed, but the horror remains...",415
"The Good, the Bad, and the Ugly Dress (Bedeviled, #2)","Angel Garret knows two things for sure. The first is that she inherited some of her dad's powers. The second is that she wreaks havoc whenever she tries to use them - especially when she's trying to impress her crush, Cole. Angel's only solution is to stay as far away as possible from him until she learns how to harness this new gift. But how can you manage to avoid someone and get him to ask you to the Turkey Ball at the same time?",436
Kavanagh,"A classic of American literature from one of the nation's first masters, Henry Wadsworth Longfellow. ."" . . We walk through the streets of the village with a friend who is giving, as we go along, a sketch of the touching drama . . . Kavanagh is, as far as it goes, an exact daguerreotype of New England life."" -- The North American Review, No. CXLIV, July, 1849",361
Tears of War (Dragon's Call #2),"""Old things come again and new things surface.""
Faced with a looming war, the riders have no choice but to leave the safety of Galdrilene and reach out to the nations for help. But the Shadow Riders are doing the same and not all nations are opposed to their rule.
New discoveries are made, old wounds are reopened and betrayal hides among welcoming smiles.
As one nation begins to unravel it's clear that some choices, even those made with the best of intentions, can have devastating consequences.",499
Smith Wigglesworth on the Holy Spirit,"Christ's love, power, and joy can flow through you to others, just as they did through Smith Wigglesworth, bringing salvation, healing, and miracles. If your heart's desire is to see great things happen in your life, God will work mightily in you through His Spirit so that you can personally experience His miracle-working power. Learn how the fullness of the Holy Spirit can be yours.",386
Shabbat Hiccups,"Jonah loves Shabbat. But this week, as he helps his family set the table for dinner, something unexpected happens: he gets the hiccups! His sister, grandma, mom, cousin, and dad all suggest remedies, but no matter what Jonah does -- eat sugar, hold his breath, have someone shout, ""Boo!"" -- those hiccups simply won't go away. Will his uncontrollable hiccups disrupt the festivities?",383
Bossy Flossy,"Flossy is the bossiest girl around. She's bossy at home and she's bossy in school. She's bossy with her friends, and sometimes she's even bossy to her teacher! Well-meaning Flossy doesn't understand why no one will listen to her.
Then Flossy meets Edward, a boy who is just as bossy as Flossy. But the collision of these two strong-willed forces has a surprising result: they learn how to be a friend.",401
Conspiracy of Light: Poems Inspired by the Legacy of C.S. Lewis,"There was a time in my youth when I would buy and read any and every book I discovered by C.S. Lewis. What I had found was that he wrote in a way that engaged my mind like no other writer. He was respected in a variety of fields, and held passionately to his faith in Christ. Years later, when I began rereading his books, I was surprised to find that many of the ideas I'd held as my own had been planted by Lewis.",415
"Twinkle, Twinkle, ""Killer"" Kane","Published in 1967 and then extensively revised in 1978, The Ninth Configuration is a fascinating look at madness, philosophy, and the nature of religious belief. Both The Ninth Configuration and Twinkle, Twinkle 'Killer' Kane have been out of print for decades, but this new edition combines both novels with a long essay by Mark Kermode.",338
"Pharaohs of the Sun: Akhenaten, Nefertiti, Tutankhamen","Hundreds of beautiful artworks from the time of Akhenaten, Nefertiti and Tutankhamen illustrate the splendour of Egypt in this examination of Egyptian art and culture at the time of the city of Amarna. During the 14th century BC, Armana was founded by Akhenaten to promote his new religion and for 12 years was the capital of the world's greatest empire. However, after Akhenaten's death, Tutankhamen abandoned the city, demolishing all traces of his predecessor.",463
Rougarou II,"A powerful vendetta is brought forth against the people of Saint Anthony Parish, Lousiana. Detectives Donavan Hays and Jack Olivier' find themselves pitted against an evil that has walked this plane for over two centuries and who has now taken up residency in the Hindel Mansion.
Evil doesn't forget: Especially when that evil comes in the form of a werewolf.",359
"Grown-ups, the World, and Me!","What if you noticed things? Like how everyone stops to help an unhappy kid, but nobody stops to help an unhappy adult? Or how the people your age on the news are in places where terrible things are happening? Or how growing up doesn't seem fair sometimes, but every one of us can make a difference in someone else's life?
Our young main character notices all these things, and more.",382
Driving With Dante,"Driving With Dante is truly a poetic journey. The author opens his collecton with a series of water poems evoking a sense of peace and tranquility reflective of childhood innocence; then deftly moves the reader through adolescent awakening into the experiences of adulthood ranging from the depths of arson, murder and war to the elevated heights of music, science, poetry and love; ending with his epic Drive With Dante.",421
Vitriol the Hunter,"They own the night... they yearn for the day! In this gothic sci-fi adventure, Billy Martin (guitarist of Good Charlotte) and Brent Allen bring a new grisly horror to life! As Basilika City's last great hope, Vitriol stands as the only force that can stop Lord Barthus and his heinous vampire regime from overtaking the city!",325
"Love is in the Air (Sweet Dreams, #98)","Deena Whitney is flabbergasted when she wins flying lessons, but her boyfriend Brad thinks they're a waste of time. He urges her to learn practical skills like computer programming and accounting. But Deena doesn't listen.
Once she's in the cockpit, Deena's hooked. She loves the freedom of the open sky. And being near Rick, her handsome flight instructor, has her on cloud nine. Deena loves Brad, but he's never sent her heart soaring like this...",449
One Little Bird and Her Friends: A counting board book,"Join little bird and her animal friends inside this counting book. Children will enjoy reading the simple questions, then counting how many friends are on each page. From one little bird to ten fluffy chicks, the easy-to-read words and beautiful illustrations combine to create a magical reading experience.",307
"The Mystery of the Strange Notebook (The Mystery Series, Short Story 4)","Are you up for a thrilling adventure?
With the end of summer approaching, the Mystery Kids take a trip to Heron Island. While walking along the beach, they are surprised to find a notebook wedged behind a rock.
Why is it written in code? Is anyone hiding in the castle? And what do the two bald men want?
Set in 1950's Britain, this adventure story will suit anyone who enjoys Nancy Drew, the Hardy Boys or the Famous Five.",423
Essays in the Study and Writing of History,"History compels us to fasten on abiding issues and rescues us from the temporary and transient.
Volume II brings together Acton's distinguished writings on history. Included is his famous Inaugural Lecture at Cambridge, ""The Study of History.""
Writing on many diverse topics, Acton argues that history demonstrates progress and unity through the story of liberty and that the study of history should be impartial, based on archival research, and founded in moral judgment.",472
"The Long Ball: The Summer of '75 -- Spaceman, Catfish, Charlie Hustle, and the Greatest World Series Ever Played","The 1975 World Series between the Boston Red Sox and the Cincinnati Reds is generally considered the best of all time, and baseball historians often rank its sixth game as the greatest single game ever played. In this resoundingly acclaimed bestseller, Tom Adelman tells the story of the season that led up to that classic Series and then delivers the inside pitch on those amazing seven games.",394
When Sirens Call,"Invisible threads from the past draw together in a tragic and fateful way, two strangers on the Greek island of Nausikaa. Belinda Babchek has fled the monotony of suburban Melbourne for Europe. Robert Aimard is a much older Englishman, novelist and inn-keeper, abandoned by his wife and little daughter. Belinda and Robert's casual meeting changes their lives forever.",368
Pirate Stories For Little Children,"A collection of seven humorous tales of adventure and excitement on the high seas. Stories include: Pirates Ahoy!, The Pesky Parrot, Captain Spike, Percy and the Pirates, The Masked Pirate, Pirate of the Yearand The Return of Captain Spike. Each tale is beautifully illustrated and perfect for storytime, either for reading aloud or for more confident readers to tackle alone.",376
"Harsh Decisions (Decisions, #2)","Lettie's pretty sure things can't get much worse. Really, going to hell has to be a low point. But she will go anywhere, she will do anything, to get Gabe back.
Join Lettie on the second installment of her journey. Battling demons (and conquering battlefields,) stopping and starting wars and family feuds all lead to one thing: Harsh Decisions.",345
The Blooming of a Lotus: Guided Meditations for Achieving the Miracle of Mindfulness,"One of the world's great meditation teachers offers thirty-four guided exercises that will bring both beginning and experienced practitioners into closer touch with their bodies, their inner selves, their families, and the world. Compassionate and wise, Thich Nhat Hanh's healing words help us acknowledge and dissolve anger and separation by illuminating the way toward the miracle of mindfulness.",398
Barnyard Banter,"This farm favorite is now a board book, perfect for preschoolers.
""Cows in the pasture, moo, moo, moo. Roosters in the barnyard, cock-a-doodle-doo . . .""
It's another noisy morning on the farm, and all of the animals are where they should be -- except Goose. And where is Goose? Young children will enjoy clucking, mucking, mewing, and cooing while they search for Goose on every gorgeously illustrated spread.",410
"He Needed Killing Too (Needed Killing, #2)","Dr. Douglas was often described as a man who ""needed killing."" When someone takes the description literally and puts a bullet through his head, the provost calls in James Crawford. As Crawford tackles his second case as a private eye, he also wrangles with the particulars of becoming a licensed detective, including the burning question of business cards.",356
Carnivorous Plants,"The mobile tentacles of the Sundews, the snapping lobes of the Venus Fly Trap, and the slippery, baited pitfalls of the Pitcher Plants seem the stuff of science fiction, yet these amazing plants do exist. Adrian Slack focuses on some fifty species, using photographs, line drawings, and diagrams to illustrate their peculiarities. He explores in detail the wily manner in which each type of plant entices, catches, and digests its prey.",436
The Dreamfighter And Other Creation Tales,"Ted Hughes's critically acclaimed creation stories for children appear here in one collected volume for the first time. These are mesmerising tales from a master storyteller about the creatures around us - how they came to be the shape that they are, and why they behave as they do. The stories span the age range from 4 to 14 and are ideal for reading out loud and sharing amongst the family.",393
"Surrounded by Death (Woods Family, #0.5)","His family speaks of his death as a tragic example of why it's too dangerous for the Woods men to be around available women.
Eric Woods is now dead, but was his last night as a living, breathing mountain lion shifter as horrible as his family has always believed?
Experience Eric's last night with Simone--a woman whose need for carnal pleasures for exceeds all rational thought.",379
"The Elfstones of Shannara (Shannara, #2)","Ancient Evil threatens the Elves: The ancient tree created by long-lost Elven magic, is dying. When Wil Ohmsford is summoned to guard the Amberle on a perilous quest to gather a new seed for a new tree, he is faced with the Reaper, the most fearsome of all Demons. And Wil is without power to control them....
From the Paperback edition.",337
Small Things,"On the cusp of having everything slip from his grasp, a young boy has to find a way to rebuild his sense of self. An ordinary boy in an ordinary world. With no words, only illustrations, Small Things tells the story of a boy who feels alone with worries but who learns that help is always close by. An extraordinary story, told simply and with breath taking beauty.",365
The Best Bad Luck I Ever Had,"The last thing Harry ""Dit"" Sims expects when Emma Walker comes to town is to become friends. Proper talking, brainy Emma doesn't play baseball or fish too well, but she sure makes Dit think, especially about the differences between black and white in the 1910s. But soon Dit is thinking about a whole lot more when the town barber, who is black, is put on trial for a terrible crime. Together Dit and Emma come up with a daring plan to save him from the unthinkable.",466
Phebe Fairchild: Her Book,The year is 1830 and ten-year-old Phebe Fairchild is sent to spend a year with her father's family on their farm in northwestern Connecticut. Phebe's sea-captain father is off on a voyage while at the same time her mother travels to visit relatives in London. Phebe struggles to adapt to the strict Puritanical customs of her large extended rural family.,354
"Time: Great Buildings of the World: The World's Most Influential, Inspiring and Astonishing Structures","- Join TIME as it takes you on a journey exploring the most memorable structures and buildings the world has ever seen.- Profiles include the Empire State Building, the Sydney Opera House, the Taj Mahal, as well as Stonehenge and Macchu Picchu.- Breathtaking photography and fascinating historical anecdotes accompany each structure and building.",346
Monster Collection: Volume 2,"Kasche may have a talent for controlling beasts, but she's got a lot to learn about self-control before she can become a full-fledged summoner. When disaster strikes, her principal chooses her to avert it.
Joined by an unusual crew of allies both human and not, Kasche must recapture the relic from an evil summoner before she can use it to unlock the ancient Encyclopedia Verum and call up the most powerful monsters ever seen!",428
"Stress, Fear and Aggression in Dogs","Learn how to prevent and relieve your dog's stressBy explaining the origins of stress, and its effects on a dog's body, this book helps dog owners tackle the problem. It describes the physiology of stress, and how the brain functions under stress. Using well-founded knowledge for relief and relaxation in dogs, this book describes every possible stress factor and offers practical tips for prevention and relief.",413
"A Cat on Jingle Bell Rock (Alice Nestleton, #15)","This fifteenth installment in the Alice Nestleton series finds the amateur sleuth hired by a charity to find their anonymous benefactor, whose annual contribution has yet to arrive. And with good reason...he's been murdered! With numerous suspects fuming with motives, Alice draws closer to finding the killer, only to find herself the target of a murderous grinch. But with the help of a pair of Siamese cats named Tiny and Tim, she'll wrap up this Christmas case!",465
Campaigns & Elections,"The leading book in the market--now updated through the 2014 elections--Campaigns & Electionsprovides a balanced and accessible approach to campaign and election coverage. Based on courses taught by the book's respected author team, the Second Edition brings an authoritative perspective and a clear, consistent framework to reveal the strategies and choices that face candidates and other participants in the American political system.",436
Nationalism,"'When our nationalists talk about ideals, they forget that the basis of nationalism is wanting. The very people who are upholding these ideals are themselves the most conservative in their social practice.' A Tagore classic--four lectures that are part of a set of twelve books that have been translated by the Master himself.",326
"The Awful Apple Orchard (Shivers, #7)","Have some tasty, ghostly apples!!!
Daniel and his little sister, Sara, are allowed to miss school for a two week vacation. While enjoying the view, their father mentions rumors that the local apple orchard and cider mill are haunted. Frightening things begin to happen. Daniel and Sara start to think the story was more than just a rumor. Worse, they have reason to doubt if anyone will believe them. . .and worse still, Sara may be part of the recipe for GHOSTLY APPLE SAUCE. . .",480
"He Is Risen (Set Free: An Amish Journey, #6)","His last chance was their only hope.
In this new, best-selling, periodical short story series from Trestle Press, a man on the brink of self-destruction is given the opportunity to start over.
Part 6 of 10.
The time has come for the Barn Raising. It is a time for celebration in more ways than one. The Easter Resurrection has come to Karsten Field bringing with it a surprise visitor. Allan has to face one more decision, but will it finally leave him set free?",462
"Bolo Brigade (Bolo, #4)","On the colony worlds of the Confederation, on the very edge of the galaxy, the colonists were sure that they had no enemies to worry about...until reptilian aliens discovered the metal-rich worlds of the Confederation and began slaughtering the colonists without mercy. Once more the survival of humanity depends on one machine: the always-faithful Bolo. And Bolos never surrender!",381
"Halo Parade (Harpur & Iles, #3)","First time in U.S. paperback, the third in Bill James's ""standout,"" ""witty,"" ""well above the ordinary"" series (starred reviews, Publishers Weekly, Booklist). When Detective Chief Superintendent Colin Harpur places young policeman Ray Street undercover in a vicious drug gang, the entire department knows the risks. If Street is found out, he will take his place in ""the halo parade."" Then the killing of a fellow officer will have to be avenged, by whatever means . . .",469
Pure Enough,"Having sex for the first time is a big decision for anyone. For sixteen-year-old Katherine, the decision is even more complicated. After meeting the incredibly hot Aidan, who serenades her with love songs and tempts her with his riveting brown eyes and perfect body, will she be able to honor her family and pledge her virginity at the purity ball? Or, will she give in to her desires?",385
The Snow's Music,"The Snow's Music continues award-winning poet Floyd Skloot's lyrical and narrative explorations of memory, love, loss, and artistic expression. At once musical and precise, formal and fluid, Skloot's poems balance inner and outer vision, past and present experience, meditation and observation, humor and sadness. Skloot explores human resilience in the face of sudden change and radical shifts of perception that define creative endeavor when the world refuses to cohere.",472
"The Choice (Salvation, #3)","Justin Crawler has never trusted God since his parents died in a terrible car accident the year he graduated high school. When His brother, Lionel, gets t-boned by a truck Justin has all the more reason to hate God. Walking further and further away from God, Justin gets caught up and has to make the ultimate choice.",317
"The Very Fluffy Kitty, Papillon (Papillon, #1)","Papillon is a very fluffy kitty. So fluffy that he's lighter than air! His owner tries to weigh him down, but Papillon just wants to fly.
One particularly sunny day, he floats right out the window! Exploring the wide world is exhilarating, but it's also a little scary. Will his new friend, a bird, be able to help him find his way home?
Whimsical art and airy text come together seamlessly in this delightful debut by A. N. Kang.",430
Power Rangers Super Samurai #2: Terrible Toys,"What if an evil villain used toys to conquer the world?
The evil Lord Xandred has a new plan to take over the earth: use his small minions the Nighlok to pose as toys and infiltrate the houses of children everywhere. The Power Rangers track the source of the plot to a lone warehouse on the edge of the city, uncovering a conspiracy larger than they could have imagined. They must race against the clock to defeat the evil minions and save humanity.",449
Visitas del Mas Alla: Toda la Verdad Sobre Fantasmas y Espiritus y Como Reunirnos Con Nuestro Seres Queridos YA Fallecidos,"Browne has been spreading her popular and uplifting psychic messages in private practice and on daytime talk shows for decades; this is a plainspoken, good-humored guide to the invisible world which some people call the ""afterlife"" and others call ""heaven"" but, she argues, is just ""the other side"" of our world.",312
Meet the Dogs of Bedlam Farm,"Welcome to Bedlam Farm! Meet Rose, Izzy, Frieda, and Lenore, four dogs that work hard on the farm doing various jobs. They're good friends now, but it wasn't always this way. Just as each dog has a different role on the farm, each has a unique story.
Filled with his captivating photographs, bestselling author Jon Katz's heartwarming account of his dogs' lives on Bedlam Farm is unforgettable.",394
Horror in Paradise,"We have sought not only the stories of sorcery and the supernatural, but also classic narratives of man's inhumanity and desperate survival by beach and ocean, in jungle or highrise. Often the true accounts of what happened in the island world of Oceania rival, in suspense and allure, even the most imaginative of yarns of South Seas fiction.
There are thirty-four writers whose true ""grim and uncanny tales"" from Hawaii and the South Seas are collected in this volume.",470
Welcome to Mars,Dolph had found the secret of anti-gravity and now the solar system was his to explore. In his homemade spaceship he soared through the star-studded blackness of outer space. It was all systems go until the power tubes burned out during the landing on Mars. Dolph was now the first man marooned on a strange planet...,317
Dr. Nikola,"Elegant, ruthless, hypnotic: enter Dr Nikola and his black cat Apollyon. He was the world's first master villain, a Victorian forerunner of Dr Fu Manchu and the mad cat-stroking evil genius Blofeld in the James Bond books and films.
Here you will find his two greatest adventures, the vintage Victorian thrillers A Bid for Fortune (1895) and Dr Nikola (1896) in one breathless, pacy, nightmarish volume.",403
The World That Couldn't Be,"Clifford Donald Simak (August 3, 1904 - April 25, 1988) was an American science fiction writer. He was honored by fans with three Hugo Awards and by colleagues with one Nebula Award. The Science Fiction Writers of America made him its third SFWA Grand Master and the Horror Writers Association made him one of three inaugural winners of the Bram Stoker Award for Lifetime Achievement. This is one of his stories.",412
The Khmer Kill,"For former Marine sniper Dox, a long-range hit in Cambodia was supposed to be just business as usual. But when you find yourself mixed up with rogue intelligence operations, gorgeous bar girls, and the world's worst human-trafficking heart of darkness, business is anything but usual. And making it personal is the most dangerous business of all.",346
About Penguins: A Guide for Children,"In this latest book in the acclaimed ABOUT...series, educator and author Cathryn Sill uses simple, easy-to-understand language to teach children what penguins are, how they look, how they move, what they eat, and where they live. Illustrator John Sill introduces readers to a variety of penguins, from Adlie to the Rockhopper to Emperor. An afterword provides details on the animals featured and inspires young readers to learn more.",433
"A Reason To Kill (Rina Martin, #1)","First in a new series featuring Rina Martin - After a successful acting career Rina Martin is retired; DI Sebastian McGregor Mac is recovering his nerve after an investigation went terribly wrong; young George Parker and his family are on the run from a violent past. Like Mac and Rina, George thinks he is safe in the sleepy seaside town of Frantham, but then an old lady is murdered and peace, for all three, is proven to be an illusion . . .",444
Some Wonder,"Winner of the Gival Press Poetry Award ""In his powerful new collection, Some Wonder, Eric Nelson takes his reader 'abroad' (and beyond) in the most refined sense of those directives. He takes us deeply into experience and into the uniqueness of place. The language is lucid, lyrical, and exactly narrative. Yet the mystery of small moments is everywhere present: in each stanza, every poem."" -Katherine Soniat ""Don't miss reading this terrific book of poems."" --Seth Brady Tucker",479
I Heart Zoella,"This book is the ultimate must-have for any true fan. It's packed with all you need to know about the Queen of Vlogging, plus quizzes and puzzles to test your Zoella knowledge, fun fill-in stories to complete, and tips on starting your own vlog. Grab a pen and get ready to enter the world of Zoe Sugg!",302
"Kids Write: Fantasy & Sci Fi, Mystery, Autobiography, Adventure & More!","Teacher and author Rebecca Olien makes writing accessible and enjoyable for young writers by offering a variety of writing prompts to spur creativity and help writers develop valuable written communication skills. Writing experiences are interwoven with other forms of artistic expression, including theatre, puppetry, and photography, as well as music, drawing, and crafts.",374
The Worst Woman in Sydney: The Life and Crimes of Kate Leigh,"Despite having more than 100 criminal convictions to her name, Kate Leigh is also remembered as a local hero, giving money to needy families and supporting her local community through the hard times of Depression and war. Here, novelist and historian Leigh Straw teases out the full story of how this wayward Reformatory girl from Dubbo made a fortune in eastern Sydney and defied the gender stereotyping of the time to become a leading underworld figure.",455
Christmas Presents: Holiday Poetry,"Deck the halls, hang the stockings, and celebrate the most wonderful time of the year with this festive book of poetry for beginning readers! From the excitement of looking for hidden Christmas presents to the solemnity of Midnight Mass, the differing moods and meanings of Christmas are brought to life in these joyful poems, perfectly complemented by the vibrant, rich artwork of illustrator Melanie Hall.",407
A Perfect Mistress,"Jackson Henry is scarred and lonely. Widowed Sophie Grey is desperate to escape life with her abusive sister. When they meet, her beauty tempts him into making a most improper proposal. When her sister's jealousy makes her dangerously unstable, Jackson is there for Sophie. Will the passion that flares between them heal their wounds, or will it inflict new ones?
From bestselling historical romance author Barbara Mack comes another soul-wrenching story of redemption and love.",478
Totally Disgusting,"Whoever heard of a name like Mewkiss! Ugh! How can a ""Mewkiss"" be brave? Why couldn't my Jessica call me ""fearless"" or ""Ratkiller""? And why do I have to share a tub with a barky puppy named Barkus?
Actually... its nice to have somebody to cuddle up to. My real problem is rats. Two scary rats in the storm cellar are plotting to attack Jessica! What's a kitten to do? How do I find the courage to protect the person I love?",423
A Regency Lexicon For Readers and Writers,"If you've ever been stymied by a word if reading or writing about the Regency period, this lexicon may provide you the answer. In addition, you will find additional useful information about the period and its quirks, manners, interests and even locations. For more information about the period, check out Roaming the Regency at www.carolgoss.com.",346
1612: The Lancashire Witch Trials: A New Guide,"In a lively and readable style, Christine Goodier provides a who s who of the events, and an interesting angle on the trials themselves. She emphasizes that the accused were merely flesh and blood, not demons, arguing that they were poor, uneducated people who were at worst misguided. A terrible injustice was done 400 years ago when they were famously convicted of witchcraft and hanged.""",390
Created  (Created #1),"Seventeen year old Ethan awakes to find himself strapped to a medical gurney after being rescued from an attack from creatures that should not exist. Exhausted, and in disbelief, he soon learns that he has unwillingly been selected to take part in a government program that will transform him into a creature from his nightmares.
Guided by another of the Created, Ethan must deal with the rules of his new world, a burgeoning romance with a girl no longer of his kind and fight to stay alive.",492
Alphabet Alliteration Bilingual French English,"Are you ready for a new way to learn the alphabet? This isn't your average A B C's. Those of you who remember, ""She sells seashells by the seashore,"" will enjoy this book immensely. A twist has been added to the basic ""A is for apple"" that will make learning the alphabet crazy fun. Alliteration has been used for each letter of the alphabet. Alliteration is the repetition of initial consonant sounds in two or more neighboring words.",435
The Sky of Afghanistan,"Beautifully illustrated and undeniably moving, this is the story of a little Afghan girl's dreams of peace. As her country is wracked by war, a girl's imagination drifts toward the idea of peace for her people and for her country. Her powerful dreams soon take wing and fill the homes and hearts of those around her, uniting a people in their common desire for peace.",367
"On the Brink (On the Brink, Vol. 3)","Two men love Juliana West--billionaire Craig Manning and investment banker Jake Barlow. Both are handsome, passionate, successful. Each wants to spend the rest of their lives with her, which leaves Juliana with a painful choice. No matter whom she decides to be with, someone will be hurt.
Time passes. Juliana searches her soul and finally comes to a decision--but her indecision has consequences. In this case, it might have cost her the one man who has won her heart.",470
McDuff Comes Home,"The terrier who found a home with Fred and Lucy in 'McDuff Moves In' gets lost again when he sees a rabbit in the neighbour's yard and chases him into Mrs Higgins' garden. Mrs Higgins puts him in the sidecar of her motorcycle and is driving him into town, when McDuff recognises the smells, the sounds and sight of home.",320
Eternal Thirst (Gay Viking Vampires 1),"In the northern part of the world, old creatures still walk the earth. Alrik, a vampire who longs to regain his humanity, meets Christian, a hunter of the north who tries to save him from falling prey to wolves. In Christian's arms, Alrik finds the one person who can see through his monstrosity to his true heart within. Will it be enough to save him? [Warning: explicit descriptions of oral and anal sex, bloodplay. Not for the faint of heart!]",446
The Captain and the Cheerleader,"Susan English can't stand Robin Lanford! She's so full of herself she irritates everyone on the faculty of Fairfield High. When Robin bets Susan fifty dollars that she can't get a date with Kurt Deveraux, the head football coach, Susan jumps at the chance to put the little heifer in her place. She had no idea that teaching Robin a lesson would irrevocably change her life, strain treasured friendships, and throw two families into chaos.",439
"Demonfire (The Demonslayers, #1)","Newspaper reporter Eddy Marks thinks she knows everything about her quiet hometown. She couldn't be more wrong.
Turns out Evergreen, California, is the site of a vortex that allows demons to cross over to Earth, and the only one who can stop them is an unbelievably sexy fallen demon named Dax who has just crashed into Eddy's life.",332
The Happy Puppy Handbook: Your Definitive Guide to Puppy Care and Early Training,"Pippa Mattinson, dog-training specialist, tells you everything you need to know about training and caring for your new puppy. From preparing the house and garden before the puppy arrives, to introducing your new friend to all the family (including children and other animals), and solving problems like crying, night waking, feeding, upset stomachs, biting, chewing and jumping up, this book is packed with all you need to know as a puppy owner.",445
A Christmas Gift (Churchill's Angels #3),"When WWII is declared, Sally, Grace and twins Daisy and Rose are desperate to do their bit for the war effort. Their hometown of Dartford in Kent will be in the frontline of Britain's defences against the Germans and the girls will need to draw on all of their resources if they are to hold their own. As the war deepens, each of the girls will face heartache and pain, triumph and tragedy, but their friendship and their strength will see them through Britain's darkest days.",476
Wanted: Ghostbusting Bride,"Two warring ghosts drive Spencer Markham to seek a ghostbusting wife. He has one week to convince Kailyn Baker to marry him, but she has a bad attitude, wants nothing to do with marriage, and refuses to believe ghosts exist. Can he convince her to join him in defeating the specters before the ghosts' violence turns deadly?",324
The winter's Tale,"The Winter's Tale is a play by William Shakespeare, originally published in the First Folio of 1623. Although it was grouped among the comedies, some modern editors have relabeled the play as one of Shakespeare's late romances. Some critics consider it to be one of Shakespeare's 'problem plays', because the first three acts are filled with intense psychological drama, while the last two acts are comedic and supply a happy ending.",433
The Paris Spy (Maggie Hope Mystery #7),"American-born codebreaker extraordinaire, Maggie Hope, must stop a traitor from uncovering England's most dangerous secrets during World War II.
It's springtime in Paris, 1942. The Nazis have captured one of England's most intrepid spies, who soon discovers that the Germans have a mole working deep in the British SOE. From Paris, Maggie Hope must unmask that traitor--before the enemy learns WWII's most deadly secret: the site of the planned Allied invasion in Normandy.",473
The World of Pooh,"The world of Pooh is the Thousand Acre Wood of Winnie-the-Pooh and his friends Piglet, Eeyore, Tigger, Kanga, Christopher Robin, and more. He is a whimsical philosopher, staunch friend, plump, and fond of honey. He calls himself a Bear of Very Little Brain, but is wise and loving. Delicate paintings loved by centuries of children.",332
The Boy Who Really Really Really Loves Lizards,"This picturebook follows the story of a boy called Oliver, who is obsessed by lizards, frogs and snakes. He will only eat, sleep and wear anything relating to his favourite creatures. Oliver takes us on a trip to meet real lizards at the museum and finds they are not what they seem! Aimed at 4-8 year olds but has been well received by younger and older children (as well as adults!) it is available through my website at http://www.johnhamiltonillustration.com",462
Moon Rope/Un lazo a la luna,"Fox wants to go to the moon. Mole does not--at least not until he hears about the huge worms waiting up there for him to eat. So the two of them set off on their adventure, with a little help from a rope of grass and their friends the birds. The bilingual text and bold art showcase Lois Ehlert at her captivating best.",319
Joyriders,"The Datsui Markus 11GT was the ultimate supercar, the perfect ride, and rumored to be unbreakable. Hardened joyriders Petey and Dreggo disagree and set out to claim their greatest scalp. But will they be stealing the car, or will the car be stealing them?
Joyriders, a short story of 3000 words. Contains some bad language, violence and sexual references.",355
"My Daddy, the Cop","Anna James has a problem with speed. She loves her car and the vibration the massive horsepower gives her. Unfortunately, her stepfather is the county sheriff and has sworn to tan her hide if she gets one more ticket.
When Sheriff Jackson Reed pulls her over, he decides to give her the spanking of a lifetime ... and so much more.",331
Pope Francis,"Pope Francis has inspired countless people with his inspiring message of peace and equality. Readers will learn all about the pope's life, from his childhood in Argentina to his long career in the Roman Catholic Church. They will also find out how he was chosen to become pope, how he has drawn attention to such important issues as poverty and climate change, and much more.",375
Mostly Ink and Wink (I'm Going to Read Series),"Ink, Wink, and Blink are back, and singing that familiar childhood refrain: ""There's nothing to do!"" Pete Whitehead's engagingly cartoony pictures show enough toys and other playthings to keep an army of kids busy--but the three eventually find some hilariously slapstick ways to entertain themselves...and readers, too!",320
Heirs of Alexandria (Alexandrian Saga #2),"For 300 years it was believed Alexander the Great had no heir.
The Roman armada descends on Alexandria. Friends flee, allies bicker, and foes multiply in the night. The fragile city-state teeters on the brink of annihilation. As the naval blockade looms and palace intrigue thickens, Heron must find the heir of Alexander the Great or nothing will stop the Romans from overrunning the wondrous city.",399
Inns of Court -Op/057,"The Inns of Court is a unique book on the architecture of the Inns and provides a comprehensive photographic document of this remarkable are of London. The photographs here are complemented by historical and theoretical essays, which serve to elucidate this part of the city's previously undocumented architectural past.",320
A Small Sacrifice,"Detective Nick Forte is not impressed when Shirley Mitchell asks him to clear her son's name for a murder everyone is sure he committed. Persuaded to at least look around, Forte soon encounters a dead body, as well as the distinct possibility the next murder he's involved with will be his own. Clearing Doug Mitchell's name quickly becomes far less important to Forte than keeping references to himself in the present tense.",425
"Gangsta., Vol. 5","The Hunters and the Destroyers continue to rampage through the city, toying with their prey and piling atrocity upon atrocity. With no time to mourn their fallen, the Paulklee Guild are forced to fend off their enemies' increasingly deadly attacks. The surviving members mobilize to fight back, and despite the terrible losses, hope is kept alive in the form of old vows honored and new ones made.",397
"One Hot Night (Brie's Sexy Adventures, #1)","Due to content of an adult nature, One Hot Night is not suitable for readers under the age of 18.
Brie isn't normally the kind of girl to go home with someone after a night out, but when the incredibly sexy Drew takes her home the pair end up having mind blowing sex before they even make it to the bedroom.
This is the start of Brie and Drew's Bedroom Adventures.",364
Airfield,"In 1933, Beatty hangs out at the airport where her pilot father flies mail runs. Beatty thinks the airport is the most exciting place, as does Moss, who hopes his skill as a mechanic is good enough to support himself. None of them expects the night when the field lights fail, a storm rises, and Beatty's father pilots the plane that's circling and is almost out of fuel.",371
Literary Guide To Provence,"Vitaglione, a writer and resident of Provence, traces the footsteps of writers who lived in various regions and towns, including Flaubert, Katherine Mansfield, Simone de Beauvoir, Virginia Woolf, and dozens of others. Includes guidelines on food and lodging, with web sites, phone numbers, and email contacts. Illustrated with 15 maps, 35 b&w images, and 41 color photos. Annotation (c) Book News, Inc., Portland, OR",416
Baby Face: A Book of Love for Baby,"Baby lovely, Baby sweet, Baby so divine. I love your pretty baby face. Tell me you are mine.
From the early morning of a new day to afternoon nap time to the evening bath and bedtime, a baby's life is sometimes quiet, sometimes busy, and always filled with baby love.
Newbery Medal recipient Cynthia Rylant and beloved artist Diane goode joyfully celebrate all of the treasured moments in a baby's life in six read-aloud verses for babies and toddlers to share -- especially with those they love.",496
Hard Spell (Occult Crimes Unit Investigation #1),"Stan Markowski is a Detective Sergeant on the Scranton PD's Supernatural Crimes Investigation Unit.
Like the rest of America, Scranton's got an uneasy 'live and let unlive' relationship with the supernatural. But when a vamp puts the bite on an unwilling victim, or some witch casts the wrong kind of spell, that's when they call Markowski. He carries a badge. Also, a crucifix, some wooden stakes, a big vial of holy water, and a 9mm Beretta loaded with silver bullets.",470
Never to Love,"Bad boy meets bad girl
Thomas Ramsay has three rules:
One night
No expectations
No bullshit
Julianne Griffith has three rules:
One night
No feelings
No beds
When a man who doesn't believe in love collides with a woman who has no use for it, the resulting explosion is much more than they are prepared to handle.
Meeting your match doesn't always lead to the kind of happy ending you expected, especially for those who have vowed never to love.",443
Time and the Tilting Earth,"Time and the Tilting Earth shows Miller Williams at his sharpest. When he tells us ""it's hard to be understood and make that look easy,"" he describes his own poetry perfectly. This latest effort from Williams provides a collection of rhythmical poems in conversational language about the nature of human beings and the world in which we live.",342
Flavor Of The Month,"An ugly duckling transforms herself into a swan, then heads for Hollywood to seek love and fortune. But her new beauty brings the calculating competition of other swans and the cynical lust of a ruthless pack of Hollywood wolves. Is beauty destiny? And is it ever enough? Goldsmith's feisty, funny, fabulous new book is the ultimate Hollywood novel updated for the nineties.",374
Nebuchadrezzar and Babylon: The Schweich Lectures of The British Academy 1983,"This new examination of the reign of Nebuchadrezzar II of Babylon (605-562 B.C.) includes a revised interpretation of the Babylonian Chronicles of his reign, especially for the years of the campaign against Judah and the capture of Jerusalem. On the basis of textual evidence, the author assesses the character of Nebuchadrezzar as a military and political leader, religious devotee, and legal administrator.",408
The Shack: Unauthorized Theological Critique,"In this booklet I hope to guide you through The Shack. We will look at the book with a charitable but critical eye, attempting to understand what it teaches and how it can be that opinions about the book vary so widely. We do this not simply to be critical, but as an exercise in discernment and critical thinking. We will simply look at what the author teaches and compare that to the Bible.",392
The Syrian Jewelry Box,"Carina Rourke is a young American growing up in blissful innocence in the Middle East until at age fifteen she is captivated by an obsessive desire to search inside of her mother's forbidden jewelry box. Carina discovers a shocking family secret. On the heels of her discovery, she and her family pursue her father's dream; an exotic drive through the Middle East and Europe, which serves as a metaphoric journey for the woman Carina becomes---a silent nomad searching for identity.",482
"Closet Case (Repeater, #0.5)","Prequel to Rinse and Repeat
In an effort to come out to his mother, Repeater Peat Harris makes the mistake of leaving a message on her voice mail. When she calls him back, he's in the middle of a Repeat involving a multiple car collision that causes several deaths. As the day replays, things go from bad to worse. Peat is going to need help to stop both disasters because getting it wrong is not an option.",407
"The Princess and the Goblin (Princess Irene and Curdie, #1)","With only her nurse, Lootie, for company, Princess Irene leads a lonely and sheltered life in her mountainous kingdom. She is unaware that goblins live in the underground mines, or that they are planning a war against those who live above the ground. With her new, plucky friend Curdie and the help of her otherworldly great-great-grandmother, Princess Irene hatches a plan to defeat the goblins and save her kingdom.",417
Learning from My Father: Lessons on Life and Faith,"As a freshman at Harvard, David Johnson felt displaced, homesick, and overwhelmed by new intellectual challenges. So he began exchanging letters with his father, a Presbyterian pastor. Years later, David rediscovered those letters and realized how much candid, fatherly advice they contained -- and how their wisdom had shaped his life. Based on excerpts from these letters, Learning from My Fatherreflects movingly on life and death, faith and doubt, as seen through the eyes of a father and a son.",499
"Argentinian Playboy, Unexpected Love-Child (Harlequin Presents Extra, #70)","Billionaire polo player Diego Ortega has seen the world and sampled many of its women. Sweet beauty Rachel Summers has sated his appetite--so why does he find his body yearning for more?Rachel knows she is not Diego's type--less glamorous supermodel, more wholesome country girl. But that doesn't mean she has to wear her heart on her sleeve. She kept her virginity a secret before he bedded her.... But now she has to tell Diego she's carrying his baby!",454
Unhappy Hooligan,"The Big Top in California is the background which Howie Rook, ex-newspaperman and collector of murder cases, takes on for protective coloring when he is tossed an impeccable suicide by the dead man's widow. Objectively observing, taking part in the clown acts, getting the walk around from two and four legged performers, he sweats it out to prove his verdict. (Kirkus' Reviews)",378
"The Black Dragon (Tom Swift IV, #1)","Tom Swift is a brilliant young inventor racing toward the cutting edge of the high-tech adventure. But Tom's latest toy - a high-flying, gravity-defying, superconductive skyboard - has fallen into the wrong hands. It has landed in the lair of the Black Dragon, an evil genius who means to turn Tom's toy into weapon of world conquest!",334
Spoon River Anthology,"From spoonriveranthology.net: ""Edgar Lee Masters's Spoon River Anthology was an immediate commercial success when it was published in 1915. Unconventional in both style and content, it shattered the myths of small town American life. A collection of epitaphs of residents of a small town, a full understanding of Spoon River requires the reader to piece together narratives from fragments contained in individual poems.""",420
A Passionate Balance: The Anglican Tradition,"A clear and inclusive account of the broad, rich, and developing core of Anglivan spirituality as it hasevolved through history. Highlighting its complexity, fallibility, occasional hesitancy, Bartlett suggests that Anglican spirituality and theology has the potential to be an effective ""post-modern"" expression of the Christian faith.",336
Studies in Comparative Genocide,"Many of the world's leading authorities from history, sociology, political science and psychology shed new light on the major genocides of the 20th century in this excellent collection. Contributors Irving L. Horowitz and Roger W. Smith provide broad interpretative introductions to the subject. The essays explore events from the Armenian Genocide and the Ukrainian famine up to the Bosnian and Rwandan genocides. Thirteen of the fourteen essays are previously unpublished.",474
"Be My Valentine, Amelia Bedelia","Amelia Bedelia is My Funny Valentine
Mrs. Rogers is throwing a party on Valentine's Day. But Amelia Bedelia lost the guest list. No problem -- she takes her cues from the Valentine's Day cards with the invitations. Just pull back the flaps to discover how her literal approach to love wins a variety of new friends. You'll say, ""Be mine, Amelia Bedelia!""",354
Sister Amnesia,"What do you get when modern day nuns take in a punk rocker amnesiac and at the same time try to save the daughter of a space alien who speaks in television cliches? A lot of laughs and a good read! Is it a mystery? Is it a science fiction novel? Or is it simply a study in faith? By the time you've finished Sister Amnesia, you may decide that it's all of the above and more.",375
The Apple Tree and Other Stories,"Lynley Dodd's stories are popular the world over. Her punchy verse and lively rhythm, combined with imaginative, humourous illustrations, have gained her international
recognition for her work.
Here are four classic Lynley Dodd stories that will entertain, educate and provide an enormous pleasure for young and old alike: The Apple Tree, The Smallest Turtle, A Dragon in a Wagon and Sniff Snuff Snap!",401
Buffalo Cake and Indian Pudding,"Travelling physician, salesman, author and self-made man, Dr Chase dispensed remedies all over America during the late 19th century, collecting recipes and domestic tips from the people he met along the way. His self-published books became celebrated US bestsellers and were the household bibles of their day.",309
Roswell And The Reich: The Nazi Connection,"Part of a series that exposes secret Nazi technology, Nazi survival, and post-war Nazi operations such as German survival and Project Paperclip with the newly formed CIA and other establishments, this title presents a very different scenario of what crashed in Roswell, New Mexico in July 1947, and why the US military continues to cover-up.",341
East of West #1,"""OUT OF THE WASTELAND""
The things that divide us are stronger than the things that unite us. A Sci-Fi Western set in a dystopian America where all hope for the future rests in the Four Horsemen of the Apocalypse...who just happen to be trying to kill the President of the United States.
One of the most exciting new books of the year, this is EAST OF WEST, a brand new, ongoing, monthly comic from the award-winning team of Marvel's FF, JONATHAN HICKMAN and NICK DRAGOTTA.",472
"Viking Unbound (Triad, #3)","VIKING UNBOUND by New York Times and USA Today Bestselling Author Kate Pearce.
Encased in ice, traveling through space and thousands of years adrift from his world, Viking Einarr Bloodaxe can't help but respond to the call of his female and finally break free of his magical entrapment.
For this woman he's willing to defy everything--even time...",347
"The Veil of Truth (Shiva XIV, #2)","In this exciting second book of the Shiva XIV series, Ayn finds himself living a new life as he struggles with whether he is truly a God reborn or if he is a mere mortal.
Meanwhile, Yol Notama, the magnanimous leader of the Tah rebellion, hatches his epic plans on Deius as Reese and Pei lurk in the shadows as Lirhan spies.
The stakes are high, and the battle for survival has only just begun!",394
Apache. Ed Macy,"Designed in the mid 1980s to take on the Soviets, the Apache is the most sophisticated fighting helicopter the world has ever known. Ed Macy's account of the incredibly hard Apache selection process combined with his description of the sheer difficulty of flying one provides an insight into the relationship between man & machine.",331
The Mystery of the Crooked Imp,"Welcome to Port Fayt! City of fantastical creatures, magic and skulduggery! As the clocks strike midnight, a gang of fairies holds up a stagecoach. Their prize - a baby boy. Only the ragtag band of crimefighters known as the Demon's Watch can rescue the child. But first they must unmask the mysterious criminal behind the kidnapping...Who is the Crooked Imp?",359
"And We Grow (And We Grow, #1-2)","Sterek Fanfic in 2 parts:
Kick
Derek is still trying to figure out what to do about this when a woman's frantic voice comes down the aisle. ""Baby, baby, baby--no kick. I'm so sorry. It's a thing lately."" She waggles a finger at her son. ""We don't kick.""
We Circle Yet We Meet
""Love does not begin and end the way we seem to think it does. Love is a battle, love is a war; love is a growing up."" - James A. Baldwin
16,038 words complete",435
Stokes Beginner's Guide to Dragonflies,"A pocket-size, brilliantly colorful, simple-to-use guide to dragonflies, containing dozens of full-color photographs that enable readers of all ages to identify the most common species; range maps; tips on attracting dragonflies, information on habitat needs, life cycle, food preferences; and much more.",304
Ace of Blades:  Part One (Book 1 of The Royal Flush Series),"Finding a black envelope with no return address and a Joker playing card with Kanji written in crimson red ink, at first Reina Hunter finds it to be a practical joke but after recieving mysterious phone calls from a restricted number at random, a certain memory keeps plaguing her mind which makes her wonder if a certain portion of her past is trying to resurface and if it has anything to do with her old boss Sayaka.",419
"Scholastic 2011 Almanac for Kids: Facts, Figures & Stats","With a brand new foil cover and completely updated information, this essential reference is perfect for all students and trivia buffs.
In order to stay competitive in the marketplace with Time for Kids and The World Almanac, we are going to update and revise the Scholastic Almanac annually. The 2011 edition will feature an exciting brand new foil cover, updated facts and stats, new chapter openers, and at least 20% completely new content. Updated page count from 272 to 352.",478
Romans: A 12-Week Study,"The book of Romans was Paul's greatest literary achievement, a majestic letter in which the apostle explains crucial doctrines such as original sin, election, substitutionary atonement, the role of the law, and justification by faith alone.
Plumbing the theological depths, this guide explains the biblical text with clarity and passion--helping us to follow along as Paul recounts the history of salvation and illuminates the glories of the death and resurrection of Christ.",475
A Garden of Eden in Hell: The Life of Alice Herz-Sommer,"Alice Herz-Sommer was born in 1903 in Prague. Musically very gifted, by her mid-teens Alice was one of the best-known pianists in Prague. But as the Nazis swept across Europe her comfortable, bourgeois world began to crumble around her, as anti-Jewish feeling was legitimised. This book tells her story.",303
Vasa,"""Between four and five o'clock, the great new warship Vasa keeled over and sank."" A few short lines about a major disaster were written in this book on August 10, 1628. For a magnificent ship that sank on her very first voyage, this could have been the end. Instead, it was the beginning of an adventure that is still in progress. The Vasa was found almost intact, standing on the seabed, after three centuries. The ship was salvaged and is now one of the foremost tourist attractions in the world.",498
Aniela Kaminski's Story: A Voyage from Poland During World War II,"The new Middle Grade series from Berkley Jam Books continues with the voyage of Aniela -- a young Polish girl whose world is forever changed by the tides of war. When the Nazis invade Warsaw, Aniela and her father flee to Chicago. But even though Aniela loves her new home, she can't help wondering what has happened to her friends back in Poland.",347
"Darkwing Duck, Vol. 1: The Duck Knight Returns","Darkwing Duck returns! The streets of St. Canard are crime-free, patrolled by Quackwerks new robotic Arrestoids. It's been a year and a half since Darkwing Duck has been seen. What ever happened to the Terror That Flaps In The Night? And when Quackerjack decides to ""put the old band back together,"" will Drake Mallard answer the call of justice?",346
Grandpa and Bo,"Bo was spending the summer with Grandpa. they walked and fished and made thing together. They celebrated Christmas together -- a very special summer Christmas. But best of all, they talked and laughed and talked some more. And when they finally saw the shooting star at the end of the summer, there was no question the their wishes would be the same.",350
My Beloved and My Friend,"More. Better.
Not just good, but great.
That's what we all want from our marriages: love, romance, security, respect. We want encouragement and...well happiness.
Is there a way to make your marriage even better? To make it holy, happy, and a lot more fun?
Yes!
My Beloved and My Friend takes a Biblical look at what your marriage can and should be, and gives you practical ways to make your mate your best friend--without changing spouses!",439
Memoirs of A Gigolo Volumes 1-4 (Memoirs of a Gigolo #1-4),"Olivier Adair. Beautiful on the outside, damaged on the inside. One bad decision followed by another leaves him broke and out of options. When propositioned to sell his body, he enters a parallel world of sex for hire. Oliver embarks on a journey that will force him to confront his demons, answer for the sins of the past and become a man. These are his intimate thoughts.",373
Field Guide To The Birds Of Australia,"A reference guide for the birds of Australia, which contains 20 plates, and a distribution map for each species showing subspecies distribution where appropriate. It contains over 1000 black and white illustrations that illustrate behaviours, flight silhouettes, comparisons between related species and other useful identification pointers.",340
Eater of Eyes,"The grey stone wall to her right rose like a cliff face above her. Birds circled and cawed in the dusk as the baleful yellow sun shone through a haze; they looked like pterodactyls with outstretched, leathery wings. To her left was a pool of water that stretched away into the fog. In the water the dark, burned trunks of logs bobbed--or were they bodies?
Dara can't remember Dan, or the murders. Someone is stealing eyes. And there's a monster; it lives in a wooden box.",471
"Killing Ideas - You can kill an idea, you can't kill an opportunity",Why kill ideas? Ideas alone are failing us! They promise growth but too often lead to products and services that don't even breakeven financially. The wellspring of BIG growth is opportunity; Opportunity that comes by killing ideas as the starting place for growth and replacing them with the pursuit of opportunity.,316
Reclaiming Surrendered Ground: Protecting Your Family from Spiritual Attacks,"Sometimes Christians forget they have an enemy. But let your guard down for just a moment and Satan--ever watchful for an opportunity--is waiting to attack not just you, but your family as well. Jim Logan shows how Christ alone can save your home from the destructive powers of bitterness, unforgiveness, pride, and anger.",322
If a T. Rex Crashes Your Birthday Party,"You never know what will happen when a T. Rexcrashes your birthday party. Sure, you'll be super excited when he turns up at your door. But then he'll stomp. He'll ROAR. He'll look at you as if he's wondering how you taste with a little mustard. In the end, though, you just may find yourself asking him to come back next year! This delightfully whimsical picture book has a fun twist kids will love.",399
Overwatch #12: Uprising,"""I fought to survive, and I'm willing to fight for the world, too.""
Seven years into Overwatch's past--on the eve of a historic peace accord--King's Row is seized by an extremist faction of robots known as Null Sector. The British government forbids Overwatch from interceding, which means Strike Commander Jack Morrison must decide whether to disobey orders or stand by while thousands of lives are in peril.",409
That Famous Silent Issue,"An American diplomat, Lena Amari, is kidnapped in the middle of sensitive mission. Her rescuers turn out to be even more mysterious than her kidnappers. So why does she trust them implicitly, almost as soon as they appear on the scene -- even though they don't speak a word?
Bestselling author Carrie Vaughn once again mines her inner teenager's love of G.I. Joe to give us her own take on literature's greatest partnership: Scarlett and Snake-Eyes.",449
Rosa,"Winner of the Nobel Prize for Literature, Hamsun is beloved for numerous novels written from the 1890s through the 1930s. Rosa, whose characters are related to those in his Pan, was originally one of his most popular fictions. This new translation reveals, for the first time, the linguistic and structural subtleties of Hamsun's language and storytelling art.",360
After These Things,"Continuing her narration of the story of the Patriarchs in the Book of Genesis, After These Thingsrecounts the relationship between Abraham's tragic son Isaac and Isaac's son Jacob. In following the psychological trail of the children of Abraham, the first properly constituted family, we discover all the complexities of love, power, and desire that make them so quintessentially human. Jenny Diski is the author of eight novels and two memoirs: Skating to Antarcticaand Stranger on a Train.",492
Dreams of Red,"If you like your books bordering on disturbing, you'll love this!
Marc D Browns first non-poetry book.
Just another day at the office...
Dreams of Red is a short story for the dark at heart. When a normal mundane day at the office goes bad. We've all dreamed of what it would be like to confront our boss, well Daniel Sullivan is about to do so and he really wants to get his point across by any means necessary.
(Contains descriptive violence!)",445
"Frog Power (Cul-de-sac Kids, #5)","Can Stacy Master Her Fear Of Frogs In Time For Easter?It's the annual Pet Day at school, and Stacy Henry isn't very happy! Jason Birchall has brought his new bullfrog, Croaker. He's sitting on the desk behind Stacy's, breathing on her hair!Stacy hates frogs! But when she plans an Easter pet parade for the Cul-de-sac moms and dads, guess who gets stuck measuring Croaker for his bow tie?",388
In Love with a Gentleman,"When high-spirited Lea travels abroad, staying in the little English village of Gatingstone, she never suspects that she will meet her perfect dream man there. Like her literary ideal, Mr. Darcy, Ethan appears at first to be a true gentleman. But when Lea gradually changes under his influence, she finds the road to true love much rockier than she ever expected.",363
Tusk Tusk,"Once elephants came in two colours: black or white. They loved all other creatures - but each set wanted to exterminate the elephants that were not the same as themselves. Peace-loving individuals ran and hid in the deepest jungle, and battle commenced. The war-mongers all succeeded. For a long time it seemed that there were no elephants in the world at all, not of any colour. But then the descendants of the peace-loving ones emerged from the jungle, and by now they were all grey.",485
Black Widow #1,"All-New, All-Different Marvel charges forward with the most popular characters in the world brought to life by red-hot creators! Here's a look at BLACK WIDOW #1, the new ongoing series from the Eisner Award winning creative team behind Daredevil.
Writer Mark Waid, artist Chris Samnee, colorist Matt Wilson and letterer Joe Caramagna re-unite for a new take on the Marvel Universe's greatest super spy!",402
Cooking By The Seasons,"Celebrate the Earth's bounty and connect with the seasons in a natural and delicious way with ""Cooking By the Seasons."" This memorable cookbook presents delectable, easy-to-prepare recipes for the four seasons, festival menus for each of the Sabbats, Goddess lore, even guidelines for setting up a well-stocked vegetarian pantry. Each seasonal section includes tasty recipes for appetizers, soups, everyday feasts, sides, salads, and desserts.",443
Lifers,"Fear haunts the streets of Manchester: a schoolgirl has disappeared. Preston is drawn to investigate, exploring the city in the hunt for his missing friend. Deep in the bowels of a secret scientific institute, he discovers a sinister machine. Captured and condemned to a cavernous space filled with problematic teens, Preston is determined to escape - but this is no ordinary jail. Friendships are forged and lives lost in a reckless battle for freedom, revenge - and revolution.",479
The Afterlife of Slim McCord,"Blackman and Tanner have seen it all, but nothing prepared them for what they find in the town of Possum Creek: the mummified remains of notorious outlaw Slim McCord, in a traveling carny show. And Slim McCord, long after his death, is now involved in the most lucrative bank robbery of his outlaw career. The three men, thrown together again in the most unlikely way, must face this dangerous turn of events head on, as the bullets fly -",438
I Was There When It Happened: My Life with Johnny Cash,"While many have heard the music of Johnny Cash, few know the whole story behind his extraordinary career and the stories of those who helped him attain his success. Marshall Grant, Cash's long-time bassist and one of the founding members of Johnny Cash and the Tennessee Two, chronicles their rise to fame from humble beginnings to world renown.",345
That's Gross! Weird & Disgusting Aussie Animals,"Have you ever heard of poo-eating koalas? No? What about spew-shooting seabirds or bum-breathing turtles? This beastly book of grossness is full of intestine-twisting info about Aussie Animals that will make you shout out, ""That's gross!"" over and over again.
You can even rate how revolting the animals are with the gross-o-meter stickers included inside. You'll freak out your family and friends with these foul facts, so strap in your stomach and get ready to get grossed out!",479
Horse Latitudes,"Danny DiMedici's ex-wife Laura is missing, there's a corpse in her blood-spattered beach house, and Danny is the prime suspect. Desperate to get to Laura before the cops, Danny returns to the underworld he had known as a drug-dealer, a world of fast sex and hard drugs, casual violence and sudden death. Danny walks the knife-edge between law and order and dark dealings, but as the line begins to blur he must decide, once and for all, where he stands.",453
"Blood Bound (Mercy Thompson, #2)","Mechanic Mercy Thompson has friends in low places - and in dark ones. And now she owes one of them a favor. Since she can shapeshift at will, she agrees to act as some extra muscle when her vampire friend Stefan goes to deliver a message to another of his kind.
But this new vampire is hardly ordinary - and neither is the demon inside of him.",343
The Idler,"Jeremiah Watts, in a drunken stupor, signs a seaman certificate and suddenly finds himself aboard the Ann Alexander, a rickety whaling ship. While aboard this ship, he begins a transformation as he gains maturity and begins to resolve his authority figure issues. This story is drawn from his journal and love letters covering the years he spent aboard the Ann Alexander.",371
"Return of the World Soul Wolfgang Pauli C.G. Jung and the Challenge of Psychophysical Reality, Part II: A Psychophysical Theory  (Volume 2)","An analysis of psychophysical reality, the unified world of matter and mind, based on the insights of Nobel Laureate physicist Wolfgang Pauli and depth psychologist C. G. Jung. This second part explores the magic unified world of Hermetic alchemy, Daoism and Tantrism behind the split into the outer world of physics and the inner world of Jung's depth psychology.",364
The Non-Silence of the Lamb: Contemporary Version,"Essie, an orphan child, had an awful abusive family in the countryside of Jamaica. She was always down on her luck with men. After eight children with none of their fathers around, she came close to giving up. She migrated to the USA which made her wanting to live once again. However, getting here was another story. That was when all of the drama began.",355
"Saga, Vol. 7","From the worldwide bestselling team of FIONA STAPLES and BRIAN K. VAUGHAN, ""The War for Phang"" is an epic, self-contained SAGA event! Finally reunited with her ever-expanding family, Hazel travels to a war-torn comet that Wreath and Landfall have been battling over for ages. New friendships are forged and others are lost forever in this action-packed volume about families, combat, and the refugee experience.",411
Dinosaurs Before Dark,"Illus. in black-and-white. With an entertaining blend of fact, farce, and fantasy, Osborne tells the story of Jack and his sister, Annie, who take a trip in a magic tree house and land in a time 65 million years ago. They find dinosaurs and volcanoes and adventure. Veteran storyteller Osborne builds the power of reading into the story: it's the books in the tree house that give the kids the magic to travel and see far, far away.--Booklist. From the Trade Paperback edition.",477
Rogues (Demon Accords #10),"When a hunter is brutally mauled in northern Maine, it's presumed that a black bear is the killer. But an astute local deputy suspects a more supernatural element. His call for assistance is answered by the supernatural community sending one of their very best. If it takes a thief to catch a thief, who do you use to catch a werewolf?
But nothing is ever simple in the preternatural world. There's more here than meets the eye... nose... ear... or fang.",454
Teller Of Tales,"In Brooke's third collection of newly rendered classic tales, an old man is ordered to stop reporting on the Emperor's degree of undress and, with the help of a little girl, to stick to writing fairy tales instead. When the unlikely pair embarks on a life full of stories, their everyday blends with the once-upon-a-time and they wonder: do the tales belong to the teller or the teller to the tales?",399
Mama's Kiss,"The kiss Mama blew to her little girl goes merrily astray, slipping and sliding and sashaying from cheek to cheek . . . until it finally lands just right where it belonged. Told in jaunty verse, award-winning Jane Yolen's clever fantasy offers warm and witty affirmation that it is indeed love that makes the world go round.",324
Your Life as a Private on the Lewis and Clark Expedition,You just tried out for the school play. And who wants the lead part more than anyone? YOU! Imagine setting off to sail crystal-clear rivers all the way to the Pacific Ocean. Going bird-watching. Sleeping beneath the stars. But be careful what you wish for. That might not be the way it was for a private on the Lewis and Clark expedition.,338
Breeding with the Beast,"Beauty's heard tales of a fearsome beast living in the dark forest that now lies between her and home. But she always thought they were myths. Until now. When captured, she imagines she'll go to any lengths to escape from his clutches - until she learns that he is human, and the victim of a terrible curse, who can only be freed if she agrees to bear his child. Will Beauty find it in her heart to free the beast?",414
Sleeping Freshmen Never Lie,"As if starting high school wasn't challenging enough, Scott Hudson is sideswiped by the unexpected news that his mother is about to have a baby.
As a way of trying to cope, the freshman begins a hilarious and touching journal addressed to the unborn intruder. In doing so, Scott bares his soul as he struggles with the trials and tribulations of life that is changing to quickly for comfort.
An unabridged production on 6 CDs (6 hours, 58 minutes).",448
U.S. Historical Documents: The Virginia Declaration of Rights,"From the first colonists to Barack Obama there have been many key figures in the founding and progress of the United States of America. Throughout the United States' storied history there have been hundreds of important speeches, treaties and other important documents that have shaped the country into what it is today.
This edition of The Virginia Declaration of Rights includes a table of contents and images of some of the key figures in American history.",459
Love's Unmasking,"Viscount Matthew Leighton is sure a godly girl does not exist among London's money-grubbing debutantes. He imitates a fop at society functions to repel them, but his own ruse traps him in an engagement with Amaryllis Sinclair. As they work together to find the truth behind a murder, will they discover the truth under each of their masks? A Christian romance.
*NOTE: This novella was previously published in the anthology MASQUERADE (Barbour 2005)",448
"Attack on Titan, Vol. 4","HUMANITY PUSHES BACK!
The Survey Corps develop a risky gambit - have Eren in Titan form attempt to repair Wall Rose, reclaiming human territory from the monsters for the first time in a century. But Titan-Eren's self-control is far from perfect, and when he goes on a rampage, not even Armin can stop him! With the survival of humanity on his massive shoulders, will Eren be able to return to his senses, or will he lose himself forever?",437
Selected Regions of the Moon,"Selected Regions of the Moon is a speculative fiction (think ""science fiction"") themed chap, and many of the poems in the chap speak of the Moon, asteroids, apocalypse, and a universe that's somehow...different... from the one we know. In J. E. Stanley's masterful hands, these poems of speculation and science become exotic moonflowers that open just for us, drawing us in with their alien and elusory scent. Once you've traveled into these pages, you won't want to come back to Earth!",486
Radgepacket - Tales From the Inner Cities (Volume Six),"The Radgepacket series goes from strength to strength with each each volume and in this, our sixth book of short stories, you'll find twenty two of Britain's best 'unsigned and unhinged' authors. They'll entertain you with tales of bus stops and loony cops, loan sharks and car parks, big fat blokes, dodgy smokes, lines of coke and some appalling jokes. So come and have a read if you think you're hard enough",410
The Long Depression: Marxism and the Global Crisis of Capitalism,"Setting out from an unapologetic Marxist perspective, The Long Depressionargues that the global economy remains in the throes of a depression. Making the case that the profitability of capital is too low, and the debt built up before the Great Recession too high, leading radical economist Michael Roberts persuasively presents his case that this depression will persist until the profitability of capital is restored through yet another slump.",444
Princeless Short Stories Volume 1,"The first-ever collected edition of Princeless short stories is finally available from Action Lab! Want to know more about Bedelia Smith? Curious about what happens to Prince Wilcome after King Ashe throws him in jail? Want to spend more time with the Princesses Ashe? Get all this and more from a variety of hot, young artists as we collect the first four issues of short stories from the Eisner-nominated world of Princeless!",427
"Awkward Silence, Volume 05","Satoru Tono is too shy to speak to classmate Keigo Tamiya. Instead he fills his sketchbook with drawings of the boy he likes. But perhaps Keigo has noticed him too...?
Keigo surprises Satoru with a three-day trip to Karuizawa, but when the couple returns home, Satoru's mother sees them kissing goodbye. Now that his parents know about their relationship, what will happen to Keigo and Satoru's romance?",403
Keeper of Dreams,"This collection of short stories contains 22 stories written since 1990, with new introductions by Orson Scott Card, with commentary on his life and work.With the earlier Maps in a Mirror, this collection is a definitive retrospective of the short fiction career of the writer that the Houston Post called the best writer science fiction has to offer.",351
"Mistletoe Magic (Romancing Wisconsin, #2)","Major Mark Riley plays Court Jester to Janelle Walsh's Snow Queen at the Christmas Parade and is instantly captivated by the cute redhead whose grandpa just happens to be Santa. When Mark learns she's the tenant he evicted from his newly purchased property, it's going to take a little bit of Santa's mistletoe magic to save their romance.",339
Danda,"Playboy Danda . . .
. . . an incorrigible good-for-nothing ready to flout convention and defy authority.
. . . a seductive charmer whose irresponsible exuberance makes him irresistible to women.
Danda is lovable.
Danda is unforgettable.
Danda is wicked.
Danda is the tremendously vital, outrageously entertaining story of a brazen young rebel unashamedly in love with good life.",378
Sew Special Fat Quarter Gifts,"Projects include fat quarter gifts for baby, for cooking, kitchen and entertaining, quilts and pillows of various sizes, various types of totes, bags, jewelry rolls, gift bags and wine bags, and quick gifts such as book covers, aprons, sewing circles, and more! All items use fat quarters as a base. 176 pages, hardcover.",321
Come Be Wild With Me,"(description from NetGalley.com)
Ready for an adventure?
Follow a mother and child into the woods. Away from life and all its distractions, they find adventure, fun, and healing.
In a world dominated by devices and busy schedules, this beautiful book invites everyone to reconnect with nature and each other. The breathtaking illustrations are a retreat all their own. And the words? A beautiful message for all.
Why don't you come along?",438
A Record of Death,"When Maggie gets an invitation from an old carny friend to a resort on Cutthroat Island, she decides that she and her cousin/partner, Grady, are ready for a well-deserved vacation. But when they and eight other eccentric guests become trapped on the island, the detecting duo realize that this trip will be far from relaxing. And matters become worse when they play the cryptic message left on one of those new-fangled phonograph machines...a message promising death for each of them.",484
Enough Rope,"In this collection that includes nearly a dozen new works, the acclaimed Lawrence Block offers mesmerizing tales of mystery and murder featuring Scudder, Keller, and Bernie, as well as a whole new cast of compelling and memorable characters. Arranged by character in the order in which they were written, Enough Rope will entertain and mystify Blocks countless fans and makes a wonderful introduction for new listeners discovering him for the first time.",454
God's Gift Of Christmas,"Christmas is about more than the birth of a baby. It's about God becoming human so He could fulfill His promise to redeem us. God's Gift of Christmas takes readers deep into the heart of that promise. The book's tone is warm but authoritative. Chapter topics include: The Incarnation The Names (Jesus, Immanuel, Prince of Peace, Mighty God, etc.) God, Mary, and Joseph (Jesus' dual nature as man and God) The Truth of the Nativity The Fullness of Time The Purpose (God's Redemptive Plan)",487
"Leadership Lessons of Robert E. Lee: Tips, Tactics. and Strategies for Leaders and Managers","The tactics, strategies, philosophies, and attitudes in this book represent the essential qualities of Civil War general Robert E. Lee's leadership, wisdom and personal integrity. Today's leaders will find Lee's wise counsel to be practical, invigorating, and inspiring. The book is divided into sections dealing with such subjects as ambition, character, compassion, discipline, duty, politics, and vision.",407
Following Jane,"The debut of an entertaining new series in the tradition of Joan Hess' successful Maggody novels. Schoolteacher Barrett Lake is not your typical sleuth. But when one of her students goes missing, she's all business, teaming up with the perfect foil--gruff, but highly experienced P.I. Francis Boz--to solve the mystery.",319
Brian's Song,"Two men. One named Gale Sayers, the other Brian Piccolo. They came from different parts of the country. They competed fiercely for the same job. One liked to talk; the other was shy. One was white; the other black. This is the story of how they came to know each other, fight each other, and help each other...",310
Picket Fence Surprise,"They weren't expecting this... 
Heather Jacobs has a lot in common with Xander Sorenson: they've each got a great kid they adore, and neither of their paths to parenthood started out easy. So he's the perfect guy to help her with her plan to seek joint custody of her daughter. But the perfect guy for her? Not so much, especially when she's not convinced his reckless ways are behind him. Plus, he brings out a side of her that she'd rather keep in check. And then the impossible happens...",491
A Special Relationship: Anglo American Relations from the Cold War to Iraq,"In this comprehensively revised and updated new edition of the highly-acclaimed text, John Dumbrell assesses how and why the Anglo-American special relationship found a new lease of life under Blair as Britain repeatedly ""chose"" the US in its evolving foreign policy orientation rather than Europe.There was, he argues, no inevitability about this response to the post 9/11 international situation and its long-term rationale and prospects still remain in doubt.",462
Papillon 3,"ENEMY SISTER?
Shy tomboy Ageha has decided to make all her dreams come true. Thanks to her inspiring (and very attractive!) guidance counselor, Kyu-chan, Ageha is taking total control of her life. But she has one major obstacle to overcome: Hana, her twin sister, who's jealous of Ageha's amazing transformation. And Hana will stop at nothing to ruin her sister's life!
Includes in-depth translation notes and a preview of the next volume!",439
Things Invisible To See,"In a small Michigan town on the eve of World War II, a young man and woman share a love that is shadowed by tragedy, yet lighted by powers beyond the everyday. To preserve their future, the young man makes a wager with Death, pitting a local sandlot team against the greatest players who ever lived. Things Invisible to See is a story of the power of love and faith to overcome pain and loss. It is a miraculous novel of enduring power.",436
Truck of Fools: A Testimonio of Torture and Recovery,This personal account of incarceration and torture recalls the author's thirteen years as a political prisoner of Uruguay's neofascist regime during the 1970s and 1980s. Carlos Liscano offers unique insight into not only the physical and psychological plight of the prisoner but also the mindset of his tormentors.,314
"Titans #2 (Titans 2016, #2)","There is an alternate cover edition .
""Remember the Titans"" part two!
As the Titans prepare to do the unthinkable in order to defeat the intergalactic demon that stole time itself from the DC Universe, enter the Fearsome Five! But are the sinister quintet acting of their own accord...or are greater forces at work?",316
This Dame for Hire,"Faye Quick, 26, 5'4"", from Greenwich Village, the secretary takes over a Manhattan NY detective agency when boss Woody Mason enlists in 1943. She stumbles over a body, Claudette West NYU student, whose rich Park Avenue father suspects rejected working-class boyfriend Richard Cotton. But Faye finds secret suitors: lit prof lech, apparent con artist, killer?",358
Out Through the Attic,"Thirteen fantastic tales from the cavorting, twisted mind of Quincy J. Allen, Out Through the Attic covers everything from steampunk and fantasy to sci-fi and horror. It's a cross-genre smorgasbord that's sure to hit the right spot, with a dose or two of straight-up genre fiction for the meat-and-taters appetite.",314
Happy at Work: Ten Steps to Ultimate Job Satisfaction,"Have you given up on finding your dream job? Is a career change not an option for you at this stage in your life? Do you want to get more fulfilment, challenge and satisfaction out of your work? 'Happy at Work' is a practical and concise 10 step plan to help you create a happier work life, without changing career.",315
Courting Pippa: A Heart-Tugging Romantic Comedy,"Since joining the New South Wales' Rescue and Bomb Disposal Unit as a desk jockey, Pippa has made a rule for herself. She won't date cops. But what if that cop is drop dead gorgeous, adork-able, funny, and romantic? Would she be able to resist him? Or would her fall for his charm? A truly exquisite tale of love and friendship. Swoon-worthy and addictive!",356
Danger Money,"Rose Manders, wife of millionaire Gilbert Manders, is murdered. The suspects abound, as do the motives, and it's up to Susan, Gilbert's faithful employee, to solve the crime. The case is difficult enough, but when Gilbert confesses that he loves Susan, will she find that the man who has the golden touch also has the kiss of death?",332
Tootsies,"David Miller, a passionate and clueless young poet, flees modern life, intending to spend the winter holed up in a rustic cabin like a mountain man. He runs into a friend from the past. Quanah Parker Running Bear is a difficult man full of inappropriate longings, with much to teach a young poet about life and the lust for warm toes.",334
Operation Jewel Thief: Operation Jewel Thief,"Do you believe in ghosts? The cousins don't. But when they are stranded in a haunted castle, where things go bump in the night and everything is not quite as it seems, they start to have second thoughts. Join Cagney, Olivia, Aidan, Lissy and Tess as they uncover the secrets of English country life and discover a few spooky surprises. In a village teeming with an uproarious cast of characters, the cousins must figure out who they can and cannot trust in their most mysterious adventure yet.",493
Meeting the Challenge: Using Love and Logic to Help Children Develop Attention and Behavior Skills,"The wisdom, wit, and experience of Jim Fay, Foster W. Cline, M.D., and Bob Sornson have been coupled together in Meeting the Challenge. This book is dedicated to the belief that challenging kids can grow up to be wonderful adults. It will help put enjoyment back into teaching and make parenting challenging kids a breeze. You will learn techniques that will help you raise joyful, productive, and responsible children.",419
Witness to Blunder: Kargil Story Unfolds,"Witness to Blunder is Colonel (retd) Ashfaq Hussain's account of the Kargil war, but it goes farther than merely dissecting the Kargil crisis. Published in September 2008, it coincides with the passing of a decade since the military operation was initiated on snow-tipped mountains in the winter of 1998-1999.",309
"Leather Work and Lonely Cowboys, a Roughstock story","This edition is no longer available.
Beau Lafitte is happily retired from bullriding, and glad his lover Sam is recovering from a terrible injury. The problem is that with Sam taking up a new hobby, Beau is lonely. Can he get Sam to understand that what he needs are words, not leather chaps?
Beau and Sam first appeared in Roughstock: File Gumbo",346
"The Minuteman (Casca, #36)","Casca The Eternal Mercenary is a man that cannot die and will remain a soldier until the end of time.
Enjoying a few years of respite from war in the colonies of British North America, Casca becomes romantically involved with Rose Maplin, daughter of an ambitious merchant. So when the newly arrived Sir Richard Eley, a major in the army, falls for the same woman, trouble is not far away. Arrested on false charges, Casca escapes and becomes a fugitive, wanted by the British",476
The Avoidable Orphan,"Recently widowed Rodger de Jonge is losing his bond with his daughters. He's a man of the African bush, and coping with 'girlie feelings' was always Helene's department, not his. When an orphaned baby elephant is found, Rodger sees an opportunity that might help him reconnect with his children. But interfering with the orphan goes against his usual conservation methods. It will require a new approach to save both the baby and his family.",441
Bachelor's Wife,"Had she sold her freedom forever? Perry had married Nash Devereux years ago for expediency. He required a wife and she needed the money he was offering.
She hadn't seen him since. Now she wanted to wed Trevor Coleman and thatmeant she had to get her ""paper"" marriage annulled, quietly. It seemed asimple matter to arrange--until out the blue her famous husband announcedpublicly, ""I'm hoping for a reconciliation with my wife.""",427
A Haunting (The Anointed #3),"Henry and Jake go after a vengeful spirit of a serial child killer. They've left Cael behind because they don't want him anywhere near a spirit that goes after children, but apparently nineteen is young enough and the spirit takes Jake.
Cael's gut instincts tell him something is off about this hunt that their research hasn't uncovered. Can he find his dad and Jake before the ghost harms his brother like the other kids?",422
Plunkitt of Tammany Hall,"Since its publication in 1905, Plunkitt of Tammany Hallhas given generations of students a passport into the world of controversy, conflict, corruption, and color that surrounded urban political machines at their zenith. The full text of William Riordon's book is supported here by nine primary documents that place both the book and its subject into context.",359
Creature Feetures: 30 Crochet Patterns for Baby Booties,"These 30 cute crocheted creatures will keep baby feet cozy all year round! From an out-of-this-world alien and monster claws to a sunny yellow duckling and snappy crocodile, there are slippers, shoes, and booties to complete any outfit--or costume. An introductory section covers all the necessary crochet basics and there are plenty of projects for crocheters of all skill levels.",381
"Good Hunting, Blue Sky","In this new edition of Good Hunting, Little Indian, 'Blue Sky announces that he will bring home some meat with his new bow and arrow. He doesn't succeed, but when a ferocious wild boar charges, Blue Sky leaps onto its back and rides it into the village. Humorous illustrations add zip to the text, but it's the simple selection of the vocabulary and short sentences that put this story in reach of new readers."" 'BL. Children's Choices for 1989 (IRA/CBC)",454
Norman (Norman #1),"Alternate-cover edition for ISBN 9781782762393 is located here: 
Norman is a typical eight-year-old, living in a little old house with his zombie uncle. A fan of horror movies, he seeks to recreate his favourite scenes starring his heroes: Freddy Krugger, Jason Vorhees and Michael Myers. Jeremy, the new boy in the village, will soon join the ranks of the missing children...",377
The Backlash,"In The Backlash, Liberal columnist and Pulitzer Prize-winning political reporter Will Bunch goes behind the scenes of America's new extreme right-wing minority to explore how their campaign of misinformation, their distortion of President Obama, and their collective fear of the future combine to pose a very real threat to our democratic system. From health care reform to immigration policies, The Backlashis a gripping investigation into the emerging voice of the dangerous American right wing.",497
"Thunderbolts, Volume 2: Caged Angels","The Thunderbolts' wild ride continues with Caged Angelsas Thunderbolts Mountain is being used as temporary incarceration for captured superhuman combatants. With so many super-powered people in one place, how can things possibly go wrong?
Collecting: Thunderbolts116-121, Thunderbolts: Breaking Point>, Thunderbolts: International Incident",339
Sixty Things to Do When You Turn Sixty: 60 Experts on the Subject of Turning 60,"Sixty Things To Do When You Turn Sixty is a collection of essays that speaks to the reader who has or will soon turn 60. The collection includes essays that are practical, covering subjects like health care, fitness, finance, and business, and also essays that are more reflective, more whimsical, or more reassuring ? or just plain laugh-out-loud funny. All royalties are donated to cancer research.",400
Heckle,"What would you do to save your daughter from herself?
Mark Heckle, a lawyer, is desperately concerned that his daughter Eva is in danger. When a peculiar accident happens near his daughter's home, he meets John Freid, who reeks of evil. Heckle sets out to discover who Freid is and what his hold over his daughter is, in a stunning suspenseful adventure which will have you gripped until you find out the truth behind the mystery.",430
If I Were a Lion,"I'm sitting in the time-out chair because my mother put me there. She said, ""You try my patience, child! I do not like it when you're wild.""
Wild?
Who me?
That is so absurd.
How could she even use that word?
If I were a lion.
I'd growl and roar
And knock the dishes on the floor...
AND if I were a bear...
If I Were a Lionis a book for every child who's ever been sent to the time-out chair -- unjustly...or otherwise!",418
Red Planet Blues,"Narrator Alex Lomax, the only private eye on Mars, tracks guilty among failed prospectors, corrupt cops, and rich transferswho upload their minds into immortal android bodies. Clues and a journal lead to murders of Simon Weingarten and Denny O'Reilly, founders of the Great Martian Fossil Rush, and their treasure. Expanded ""Identity Theft"".",341
"Cleopatra VII: Daughter of the Nile, Egypt, 57 B.C.","Gripping journal entries tell a tale of ancient Egypt and Rome, where you'll meet one of history's most famous women, witness the pharaoh's attempted murder, and encounter Marc Antony. Cleopatra's journal brings to life the sights, sounds, and smells of ancient civilizations, personalizing history and illustrating what it's like to grow up in the public eye.",360
Call of the Outback,"Accompanying Nicole to Australia was her foster mother's idea. Personally, Sally thought the whole idea was crazy!
""How can you fall in love by correspondence?"" she asked. Yet Ray Landers, Nicole's long-time pen pal had asked her to marry him.
Sally expected trouble. It came, but it was from Ray's older brother, Kort, a domineering, aggravating man. Sally couldn't stand him - so how could she be in love with him?",416
"Three Masquerades: Essays on Equality, Work and Hu(man) Rights","Marilyn Waring probes the world behind the mask in the three essays presented in this volume. The first essay examines the mask that women who hold parliamentary office are forced to wear. It questions the reasons behind women being trapped by institutionalism, the effect this has on their ability to make progress on issues important to them and the effect it has on self-image.",380
Unsolved Serial Killings,"Unsolved Serial Killingsis a compilation of over twenty criminal dossiers on serial killers that were never caught, including:
The Zodiac Serial Killer
The Frankford Slasher
The Original Night Stalker
Rapid City Serial Killer
The Babysitter Serial Killer
Highway of Tears Serial Killer
I-70/I-35 Texas Serial Killer
and many more.",330
"Cool Crafts with Newspapers, Magazines, and Junk Mail: Green Projects for Resourceful Kids",Grab some newspaper and junk mail and get to work. Create colorful beads with paper. Give your gifts some pizzazz with designer wrapping paper. Write yourself a note on a homemade notepad. Learn how to make all of these projects and more when you reuse what you already have. Who knew you could do so much with a pile of old paper?,331
"Willow King (Willow King, #1)","This inspiring debut novel by a female former professional jockey and horse trainer tells the moving tale of Willow King, a colt born with crooked legs, who is saved from destruction by 13-year-old Katie Durham. Because one of Katie's own legs is shorter than the other, she feels an immediate kinship with the imperfect little colt. With painstaking care, she pulls King through arduous training until he becomes a champion.",425
Benedict XVI: An Intimate Portrait,"In the person of Benedict XVI, the Church has a Pope who is one of the most significant of Europe's intellectuals. The journalist Peter Seewald, who has known Ratzinger since 1992, conducted the ""longest interviews in Church history"" with him, for two books which were best-sellers world-wide, Salt of the Earth, and God and the World.",335
"First Love (Sweet Dreams, #39)","Tracy and her mother agree on one thing - this is going to be Tracy's summer for romance. Her mother has big plans - a worldly, sophisticated guy, an outsider to their small seaside town.
But Tracy's got her eye on David, the assistant chef at the restaurant where she works. And David likes her too. They'd be a perfect couple, if only Tracy's mother would give him a chance.
Then they cook up a plan so delicious, Tracy's mother is sure to come around.",454
Barachiel,"Angels... A little higher than man but without free will. At least, that's how the story has always gone. Angels bound by a lack of choice. But what if they weren't bound by that at all?
Barachiel is intent on bringing 'The Book of Raziel' into Alexandria, even if it means tricking Focalor into helping him. However, Lilith is there waiting, and Lilith wants the Book.",369
Beria: Stalin's First Lieutenant,"This is the first comprehensive biography of Lavrentii Beria, Stalin's notorious police chief and for many years his most powerful lieutenant. Beria has long symbolized all the evils of Stalinism, haunting the public imagination both in the West and in the former Soviet Union. Yet because his political opponents expunged his name from public memory after his dramatic arrest and execution in 1953, little has been previously published about his long and tumultuous career.",474
"Tanzania, Zanzibar and Pemba","Tanzania will encompass your dreams of Africa and more. Explore Zanzibar's ancient Stone Town, dive on Pemba's pristine coral reefs or feast your eyes on magnificent wildlife using this practical in-depth guide. 
45 detailed maps including a full-colour country map 32 page colour guide to the country's spectacular wildlife extensive coverage of the exotic Zanzibar Archipelago trekking chapter to help you scale Mt Kilimanjaro, the tallest mountain in Africa helpful Swahili language chapter",493
Mistress Grim,"The Grim Reaper has been collecting souls of the dead for hundreds of years, but even the Master of Death has to pass on his reign. Unfortunately, his progeny is not quite ready to replace him.
Cora Grim, daughter of the Grim Reaper, is suddenly thrust into her father's role. Leaving the Underworld on her own to bring back the dead souls, she discovers that the Master of Death neglected to tell her one thing. She can still fall in love.
OTHER BOOKS BY JANE REDD:
Solstice
Lake Town",485
Echo In Celebration: A Call To Home Centred Education,"Children are natural learners, and building a core foundation at an early age is critical to their success both educationally and in life. In this book, education expert and author Leigh A. Bortins incorporates the best ideas from the ancients and gives parents the tools to revive classical learning.",301
Lord Bartholomew's Christmas Bride,"A Regency Christmas Short Story
A stickler for correctness, Lord Bartholomew Winborne, second son of the Marquess of Brandreth, is about to take up his appointment as a vicar in India. Requiring a suitable wife by Christmas, he has made a list of the most desirable qualities she must possess. The annoying Miss Emily Isherwood appears to have none of them.
A short story
Meet the Brandreth family in the Spies of Mayfair Series, and The Baxendale Sisters Series.",463
Poco Loco,"Meet Poco Loco. He's a very unusual rat. He likes to invent wacky things. When Poco Loco's Waffle Iron Weather Forecaster predicts mal tiempo, Poco Loco runs to tell his barnyard friends. But it's still sunny out, and the other animals don't believe him. Then a roar of wind whips through the picnic, and Poco Loco and his friends fly up, up, and away. But never fear! Poco Loco will use his wits (and one crazy invention) to save the day!",439
Free to Learn: Five Ideas for a Joyful Unschooling Life,"Thinking about homeschooling? Curious about unschooling? Walk with me as I share the five paradigm-changing ideas about learning and living that freed my family from the school schedule. With over ten years of experience, I have come to see how key these ideas were, and still are, to our unschooling lives. With stories, examples, and clear language, Free to Learn explores the depth and potential of unschooling.
Learning freely, living joyfully.",448
"Frankie vs. the Pirate Pillagers (Frankie's Magic Football, #1)","Frankie and his soccer team travel to fantastic lands to play some of the wildest soccer matches ever!
Frankie and his teammates love playing soccer. They can always find time for a game. But when they win an old soccer ball at a carnival, they're transported to a magical world of soccer that they never knew existed! Can Frankie and his team beat the Pirate Pillagers and make their way home?",394
Smoke on the Mountain: An Interpretation of the Ten Commandments,"This celebrated book, a dynamic and original interpretation of the Ten Commandments, is enhanced by a thoughtful introduction by C. S. Lewis, the author's husband. Lewis writes, ""the flaw in us which Joy Davidman seems to me to expose with most certainty will be to some perhaps an unexpected one: the sin of fear . . . quite simply, cowardice.""",345
The Sweetest One,"Bass guitarist Paul Kingston didn't kill his old friend Billy Reno. But the cops say he did, and he's got no alibi. He's about to start the biggest recording gig he's landed in years, and now he's wanted by the law.
Hounded by an overzealous police detective, stalked by a crazy homeless girl who claims Billy sent her, and struggling to make the recording sessions that can pull his music career out of limbo, can Paul find the real killer before the cops haul him away?",471
Satanic Bedtime Stories,"Satanic bedtime stories is a collection of fables, each illustrating the practical applications of The Satanic Church's Nine Satanic Statements with fun characters.
Join the young boy Damien as he learns that Satan can be your best friend.
Fang, the wolf, on his journey to learn that humans are as wild and vicious as he.
And finally, a practical spider named Lilith who comes to understand that revenge is more effective than turning the other cheek.",452
Uprising USA,"After a Chinese biological attack leaves 90 percent of the United States infected by the zombie virus, George Hill, AKA, the Mad Ogre, springs to the defense of his country with every manner of firepower known to mankind. George and his allies beat back the zombie hordes, killing hundreds of thousands of the undead beasts in an attempt to save America from extinction.",370
Village Heights,"A page turner docu-drama following the lives in the ""Village Heights"" trailer park. Fourth of July is often an eventful weekend, bringing raging parties and illicit drug use. Jonny and Brittini are just two of the youths that fight to navigate life while everyone else around them gets drunk or high. Party's continue on, as does the ignorance that shrouds the reality of the outside world from those within the tall grass covered berms that hide the park away from society.",474
"Wicked Words (Honey Driver Mystery, #7)","The new Honey Driver mystery - A sense of justice is felt amongst Bath hoteliers when an unpopular hotel reviewer is found dead stuffed inside a giant teddy at the bottom of an open grave. As the Hotels' Association police liaison officer, Honey Driver is expected to help solve his murder - even though she's something of a suspect herself. On top of that, she's lumbered with a distant friend's incontinent dog - and when it gets kidnapped, she hopes it doesn't come back . . .",479
My Little Carry Book: Puppies and Kittens,"Fun first books to pick up and carry around, for toddlers on the go
Featuring easy-grip, die-cut handles, these all-new board books are just the right size for toddlers' hands. Innovative carry handle promotes book-handling skills and manual dexterity Informative rhyming text builds language and encourages reading readiness Educational subjects enhance early learning",369
On the Wings of a Dove: Grandmother Tales,"On the Wings of a Dove, sub-titled, Grandmother Tales is a charming little children's book beautifully illustrated and elegantly written. This enchanting collection of folk tales from South India is based on oral tradition and passed down from generation to generation, by word of mouth and told to the author when he was a young boy by his mother.",348
ViVa,"First published in 1931, ViVacontains four of E. E. Cummings' most experimental poems as well as some of his most memorable. The volume includes such no-famous celebrations as ""i sing of Olaf glad and big"" and ""if there are any heavens my mother will (all be herself) have,"" along with such favorites as ""Space being (don't forget to remember) Curved,"" ""a clown's smirk in the skull of a baboon,"" and ""somewhere I have never traveled, gladly beyond.""",450
The Impossible Boss,"Tammy Dainton hadn't come all the way out to the Australian outback to be bullied and pushed around by that detestable, impossible man, Rick Hatton, even if many other girls would have jumped at the opportunity.
But Rick Hatton held all the cards, and it looked as though Tammy would just have to put up with him...",315
Hippo & Rabbit In Three Short Tales,"[Scholastic Reader Level 1]
A brand new reader series starring two unlikely friends!
A trio of tales featuring two friends: Rabbit and Hippo are as different as night and day, but together they have fun all day and night!
With Rabbit's help, Hippo's breakfast turns into a breakfeast. Then at the park, both are able to give the other the swing ride of their life. And finally, at bedtime both find that thunder and lightning aren't so frightening when you're with a friend.",474
"Prized (Birthmarked, #2)","The second title in Caragh O'Brien's dystopian trilogy, 'Prized' finds Gaia and her baby sister Maya trapped in the mysterious Sylum. Gaia is determined to uncover the secets of the village, at any cost. But when the decisions you make affect the lives of everyone around you, how can you be sure you're making the right choices?",329
"An Appetite for Murder (Key West Food Critic Mystery, #1)","Hayley Snow's life always revolved around food. But when she applies to be a food critic for a Key West style magazine, she discovers that her new boss would be Kristen Faulkner-the woman Hayley caught in bed with her boyfriend! Hayley thinks things are as bad as they can get-until the police pull her in as a suspect in Kristen's murder. Kristen was killed by a poisoned key lime pie. Now Hayley must find out who used meringue to murder before she takes all the blame.",471
Little Pilgrim's Progress,"To most children the record of Christian's pilgrimage is attractive simply as a story of adventure. But now Helen L. Taylor has simplified the vocabulary and concepts for younger readers, while keeping the story line intact. The result is a classic for youth, a delightful book with a message they can understand.",313
The Class Election From The Black Lagoon (Black Lagoon Adventures #3),"Hubie is running for president against Doris. But he doesn't think he stands a chance against the free ice cream that she's giving away to voters. Plus, to stay in the race he has to do crazy stuff like shaking Coach Kong's paw and Mrs. Green's claw, and kissing a bunch of babies. Hubie's chances look slim. Will being the candidate who stands for something---not just who stands on top of something--be enough to win him the race in the end?",443
The Nickronomicon,"This vile tome collects thirteen blasphemous Lovecraftan tales of a certain scribe named Nick Mamatas. Warning: May contain shoggoths, martial arts, weirdness, Nyarlathotep, fish people from Innsmouth, and copious literary references. With an introduction by Orrin Grey and a bevy of disturbing alchemical illustrations by GMB Chomichuk. Side effects may include hallucinations and a steep descent into insanity.",412
Louise the Big Cheese and the Ooh-la-la Charm School,"Louise the Big Cheese is back, and she's charming as ever...but is she VIP?
""Dream big"" is Louise the Big Cheese's motto. But try though she might, she's still feels like plain old Louise. Her new friend Claire E'Claire holds the promise of stardom with her VIP charm school...but is Claire all that she appears to be? Young readers will sympathize as Louise finds out it takes more than VIP charm to make a true friend.",420
"The Wonderful Story of Henry Sugar, , and six more","Seven superb stories, from the world's no. 1 storyteller
Meet the boy who can talk to animals and the man who can see with his eyes closed. And find out about the treasure buried deep underground. A cleaver mix of fact and fiction, this collection also includes how master storyteller Roald Dahl became a writer. With Roald Dahl, you can never be sure where reality ends and fantasy begins.",390
"Beggarman, Thief","Mitchell Hunter is the man (well cyborg, really) who has everything...so why is he so dissatisfied with life? Then one night, a sexy blue-haired mutant thief named Jamie Day sneaks into his heavily protected home and somehow gets into his safe. Things are looking up for Mitchell, because he's not going to let her go until his pretty thief gives him what he wants.
Story is also contained in the anthology Romance at the Edge: In Other Worlds, published March 1st 2005 by Loose Id, LLC.",487
Vittoria Cottage (Drumberley Book 1),"Caroline Dering, a young widow, lives in Vittoria Cottage in Ashbridge, a small country town in rural England. Her son and daughter fall in love with the children of the local squire, while Caroline herself becomes interested in a handsome widower who has just moved to town. Unforeseen difficulties challenge the happiness of all involved until Caroline manages to untangle everything to the satisfaction of all.",413
"On Balance, an Autobiography","The first woman chief justice of a high court in India, the first woman to top the bar examinations in London 73 years old Leila Seth has led a full life. With candour and wit, she tells of her taking up law studies because this could be combined with caring for her husband and son, Intertwining family life with professional, the author describes the years after her father's premature death. It is an intricate, amusing and charming rendering of her life.",458
Weekend Immune System,"Remember those awesome Choose Your Own Ending books from childhood? Weekend Immune System is like that, but for adults. It's the story of Juniper, a woman in her early twenties. Over the course of a three day weekend, You'll make decisions to steer her life in dozens of different paths. Some paths are happy. Some are devastating. Choose wisely. Juniper's life depends on it!",376
Youn Hee  Me,"Caitlin's family adopted Simon, a Korean boy, just before Caitlin's father left their family. Caitlin thinks she, her mother, and Simon form a perfect family. But when Simon's older sister, Youn Hee, turns up in a Korean orphanage, Caitlin agrees that adopting her is the right thing to do, and she's sure it will be fun to have a sister her age. But when Youn Hee joins the family, Caitlin learns it's rewarding, but not easy, to have a new sister.",449
Scattered Seed,"An alternative cover for this ISBN can be found 
Continuing the family saga which began with ""Almonds and Raisins"", this book sees the family's stability and happiness overtaken by the approach of World War II and the growing Nazi movement in England. This series continues with ""Children's Children"", one of the author's eight bestsellers.",341
"Art of Bird Finding: Before You Id Them, You Have to See Them","Filling a gap in the vast literature on birding, Pete Dunne explains how to find birds--the often-ignored first step in identifying, observing, and listing bird species. He explains the best strategies for locating birds in any season and in every kind of weather and techniques and expert advice applicable to species in habitats and environments throughout North America. Dunne's advice is fit for both beginning bird-watchers and experienced birders who want to improve their chances for success.",499
What They Didn't Teach You About the Civil War (What They Didn't Teach You,"Instant coffee was invented during the Civil War for use by Union troops, who hated it; holding races between lice was a popular pastime for both Johnny Reb and Billy Yank; 13% of the Confederate Army deserted during the conflict. These are three of the hundreds of bits of knowledge that Mike Wright makes available in his informative and entertaining What They Didn't Teach You About the Civil War, which focuses on the lives and ways of ordinary soldiers and of those they left behind.",488
Contra Gentes,"Athanasius' Contra Gentes, or Against the Heathen, is a treatise written in defense of Christianity against the scoffing of pagan philosophers, and especially in defense of the Cross. Athanasius refutes paganism and argues for Christian revelation.
Hyperlinked table of contents and footnotes are included.",306
Drenched Panties,"A passionate tryst in a lush garden...
A workout that really gets out the kinks...
An email mix-up fills a needy inbox...
A naughty secret is exposed and explored...
For one woman pleasure comes by multiple hands...
And sometimes getting what you ask for is more than you bargained for...in Drenched Panties, a collection of six sexy short stories guaranteed to make you wet.",375
And There Was Light: Autobiography of Jacques Lusseyran: Blind Hero of the French Resistance,"Selected as one of USA Today's 100 Best Spiritual Books of the Century, this astonishing autobiography tells the gripping, heroic story of the early life of Jacques Lusseyran, an inspiring individual who overcame the limitations of physical blindness by attending -- literally -- to the light within his own mind. Through faith in the connection between vivid inner sight and outer events, he became a leader in the French Resistance and survived the horrors at Buchenwald.",473
50 Lessons Every Wise Mother Teaches Her Son,"50 Lessons Every Wise Mother Teaches Her Son is a book of counsel written from a mother's point of view to her son. This book offers wisdom to both mothers and sons and transcends the boundaries of race, status, and creed. It offers priceless wisdom any mother can give and timeless advice any son can receive.",310
Education and the Public Good,"The Burton and Inglis lectures at Harvard conducted in 1963. The book consists of two talks: Congresswoman Edith Green, who was a Democratic representative from Oregon at the time, presented the Burton Lecture, entitled ""The Federal Role in Education,"" and Walter P. Reuther presented the Inglis lecture, entitled ""The Challenge to Education in a Changing World.""",363
Cannibal #1,"From New York Times bestselling writer BRIAN BUCCELLATO & JENNIFER YOUNG, CANNIBAL is about the denizens of a small Everglades town desperately trying to hold onto their everyday lives at the dawn of a cannibal pandemic. With no cure in sight, the region has become split over what to do with the victims, though for Cash and Grady Hansen the answer is simple: Kill them. But all of that changes when the virus begins to infect people they love.",445
Mechanics,"This text is intended as the basis for an intermediate course in mechanics at the undergraduate level. Such a course, as essential preparation for advanced work in physics, has several major objectives. It must develop in the student a thorough understanding of the fundamental principles of mechanics. It should treat in detail certain specific problems of primary importance in physics, for example, the harmonic oscillator and the motion of a particle under a central force.",477
"Accidentally on Purpose (Accidentally on Purpose, #1)","Emmy thinks her boss Kyle Sterling is a dick. She does the unthinkable after a night of drinking and sleeps with him.
She tries to put the enormous mistake behind her, but Kyle mercilessly pursues Emmy despite her new relationship with Luke Kessler and Kyle's long-standing girlfriend Jessyca.
When Emmy's resistance begins to crack, she makes a series of bad decisions that result in heartbreaking, life-altering, and even devastating consequences.",449
"Wars to End All Wars (SFFWorld.com anthology, #3)","Alternate tales set during the first World War, this short story collection takes history and tweaks it.
2014 marks the 100th anniversary of the start of World War 1. Seven authors, including the award-winning Science Fiction and Fantasy author, Elizabeth Moon, commemorate that event by writing stories set during the great war, adding their own, sometimes speculative, interpretations and answering the question, ""What if...?""",428
"Details, Details, Details (Modern Gods, #1)","Yes, she's a goddess. And, oh yes, he is most certainly a god. You can tell from the fact he marches around in glinting armour, picking fights with titans and picking up divine broads. But she didn't sign up for this. Sea monsters, kidnappings, evil plots, and the end of the world? Are you kidding? She spends most nights reading the weather report and icing cupcakes.
It is all his fault.",390
The Unraveling Of Abby Settel,"Abby' Settel's well-ordered life is falling apart. Her son is behaving suspiciously, her aging parents are deteriorating, and her husband loses his job. His new position compels them to move hundreds of miles away, where Abby is plagued by guilt and loneliness. When she discovers a group of women facing the similar challenges, together they seek a way out of their unhappiness. This is a story of mid-life reinvention, letting go and embracing the present, and the importance of friends.",489
Pharaoh,"Pharaoh is set in the Egypt of 1087-85 BCE as that country experiences internal stresses and external threats that will culminate in the fall of its Twentieth Dynasty and New Kingdom. The young protagonist Ramses learns that those who would challenge the powers that be are vulnerable to cooptation, seduction, subornation, defamation, intimidation and assassination. Perhaps the chief lesson, belatedly absorbed by Ramses as pharaoh, is the importance, to power, of knowledge.",477
United States,"Each title includes:
- Special features that put the foods and recipes in context for upper elementary and middle school readers
- Easy-to-follow recipes with plenty of tips for cooking a variety of local dishes, from snacks and starters to main courses and desserts
- A glossary, appendixes, and an index for quick reference.",326
Essentials of Business Analytics,"This book provides coverage over the full range of analytics--descriptive, predictive, prescriptive--not covered by any other single book. It includes step-by-step instructions to help students learn how to use Excel and powerful but easy to use Excel add-ons such as XL Miner for data mining and Analytic Solver Platform for optimization and simulation.",354
Accidents Happen (Planet Mouse Series),"Mouse and Pops go off in search of adventure at the beach. They meet a group of boys having fun jumping off a bridge. Mouse isn't sure whether to jump. When he does take the plunge, he stares death in the face - but also learns lessons for life.
The PLANET MOUSE series is suitable for children between the ages of 9 and 14.",324
Girl Rides the Wind (An Emily Kane Adventure Book 6),"Emily Kane finds something profound in the South China Sea... and something dangerous finds her. A joint naval operation brings together Japanese, Chinese, Philippine and American forces, and every side has a hidden agenda. But at least one of them has targeted the daughter of the Japanese Crown Princess, and Emily may not be able to help her without making the ultimate sacrifice.",383
Mafalda inédita,"(Librarian's note: An alternate cover edition to this ISBN can be found )
More of Latin Americas most popular and best selling cartoon strips that were eliminated from the original ten books for having a very strong relationship with their historical context come now with a brief reminder so that they can be fully understood. Plus, some drawings made by Quino using the characters for album covers, UN and health campaigns.",426
Wicked Words 10,"Wicked Words 10is an editor's choice of the best stories published over the past five years of this immensely popular series. Fun, irreverent, and deliciously decadent, this arousing anthology of erotica is a showcase of the diversity of modern women's erotic desires. Lively and entertaining, seductive and daring, this collection combines humor and attitude with wildly imaginative writing. This is the most entertaining erotic fiction for women to be found anywhere in the world.",482
Dragonar Academy Vol. 6,"TOMB RAIDERS
In the capital city of Fontaine, at the mausoleum where the royal family's dragons are laid to rest, several tombs have been robbed. Among them, the remains of the dragon belonging to Sylvia's brother are missing! When Milgauss arrives in the city to attend a conference and masquerade ball, it portends dark things for Ash, his friends, and everyone around them.",376
What's Yours is Mine,"Like a princess in a fairytale, Grace Hamilton has been showered with blessings: professional success, a happy marriage, and she even lives in a beautiful castle. But the only thing she really wants - her heart's desire - is the one thing she can never have. Her sister, the beautiful Susannah, has made a mess of her life. Like a reverse Midas, everything she touches turns to shit. But the Fate puts Grace's future in Susannah's hands, changing the balance of power between the sisters forever.",496
Drawing the Ocean,"A gifted painter, Sadie comes from California to Connecticut determined to fit in at her new school. Yet her first attempt at making friends in the new town backfires when she reaches out to the loner everyone calls Fryin' Ryan, the very last person who can help her achieve her dream. And to further complicate matters, her twin brother, Ollie, keeps appearing to her, seeming to want something. Her twin brother, who died when they were twelve.",446
The Marquess Takes a Fall,"Fiona Marwick, a young widow, acquires an unexpected houseguest when the Marquess of Carinbrooke takes a tumble on the cliff near her home. Their attraction grows during his lordship's enforced convalescence from a broken leg, but complications arise when the marquess' sister arrives, with news of a supposed fiancee. And in the meantime, the dastardly Sir Irwin Ampthill has other plans for Fiona--and her land.",413
Gibbs: The Early Years,"A short story.
After countless beatings at the hands of his alcoholic father, Kyle Gibbs had a decision to make. Suck it up and deal with the challenges life was forcing him to endure, or run away and forge a new life.
Could the fourteen year old continue to cope with the ongoing violence in his life, or would he simply become a casualty of it in the end? Would he fulfil his dream of getting away from the small fishing village of Stonehaven, Scotland, to finally have a normal life?",486
Man Crazy,"An intense roller-coaster ride into the abyss, MAN CRAZY charts the fall and rise of teenager Ingrid Boone, abandoned by her father, moving from town to town, taking what she can get and always giving too much in return. This is a novel about the horrors waiting at the end of the road for the innocent, but in the end it is about one girl's realisation that men don't make you more real, that pain isn't an integral part of normal life.",437
13 Minutes,"I was dead for 13 minutes.
I don't remember how I ended up in the icy water but I do know this - it wasn't an accident and I wasn't suicidal.
They say you should keep your friends close and your enemies closer, but when you're a teenage girl, it's hard to tell them apart. My friends love me, I'm sure of it. But that doesn't mean they didn't try to kill me. Does it?",367
Aventuras in Spain a Memoir,"A lighthearted, evocative memoir of a 23 year old who, in 1972, left her teaching position in Scotland to teach in the Province of Cadiz. Discover how she coped with living under Franco's dictatorship, and how she muddled her way to try to learn Spanish. Join her again, in 1980, when the fledgling democracy was slowly evolving in Spain. This well-written book relives the wonder and delight of the seventies and eighties.",423
"I, Vampire, Vol. 2: Rise of the Vampires","Andrew Bennett finds himself in a place he never thought he'd reach during his countless decades walking the Earth. But his absence on Earth signals a deadly loss of order in the vampire hierarchy, as the savage attack on humanity he's long feared looks like its coming to pass. Plus, the vampire pilgramage begins--but along the way, they encounter an ancient enemy: the Van Helsings!
Collecting: I, Vampire7-12, Justice League Dark7-8",436
"Mr. Schultz is NUTS!! (Ottawa River Series, #1)","This lighthearted story will be enjoyed by children of all ages and teaches children that people can't be judged by their appearance alone.
Ronny and Sally see their odd neighbor Mr. Schultz wandering the woods behind their cottage. As Ronny and Sally follow him they discover that Mr. Schultz is not as strange as he seems, and he actually has a secret about the animals of the woods that is fun to share.",406
My Learning Library Box Set,"My Learning Libraryis a delightful collection of eightchunky first-concept board books for young children.
Stored within a sturdy carry case, these mini books are perfect for small hands to hold and explore. The vivid photography and bright design will engage young imaginations, while helping to promote observation skills, language skills, and a love of reading.
Scholastic Early Learners: Interactive board books for hands-on learning!",438
Into the Shadows (A Jill Kennedy and DCI Max Trentham Mystery # 1),"When a man wrongly arrested for murder hangs himself, forensic psychologist Jill Kennedy, who helped put him away, leaves her job and moves to a sleepy village. But when the vicar's wife is murdered, Jill discovers village life isn't the retreat she'd hoped to find. And while Jill's excolleague and ex-lover, DCI Max Trentham, sees the case as cut and dried, someone else has other ideas. It seems that Jill's past is coming back to haunt her.",444
Swallowbrook's Wedding of the Year,"A white wedding for the village nurse?
Beloved by the locals and immersed in her job, nurse Julianne Marshall loves the life she's built for herself in the cozy Lakeland village of Swallowbrook. Then Aaron Somerton saunters into her medical practice, proud and strong....
Julianne has held a torch for Aaron for years--even before his breakup with her sister. She fears he hasn't forgiven her for her part in that, but could a marriage miracle be in store for Swallowbrook's favorite nurse?",490
Star Dog,"On the same night that a UFO is seen zooming away from the farm, Holton and his friend Willy find a strange black dog lying near the road--a victim of a hit-and-run driver.
The dog has soft, luxurious fur and strange eyes, and Willy insists that it came from the vanished space ship.
""Don't be ridiculous,"" Holton scoffs.
But weeks later--when Holton's pet collie gives birth to a remarkable black pup--it looks as though Willy is Right!
the pup is like no other dog on Earth",475
Swiss Family Robinson: Illustrated Classics,"The Swiss Family Robinson - father, mother and four young sons (Fritz, Jack, Ernest and Francis) are abandoned on a sinking ship near the rocky shore of an unknown island. The father, a man of energy and resourcefulness, makes a raft which they use to ferry themselves to shore. They establish a camp and are later able to salvage much of the cargo. The story of how the family survives and prospers in their strange surroundings has been a favorite since it first appeared in 1813.",482
"Scion, Volume 1: Conflict of Conscience","The Traveler revolution continues with ""Scion Traveler vol. I. In a world whose medieval culture hides its high-tech roots, a young prince fights to liberate his world. He is Ethan, scion of the Heron Dynasty, bearer of a mark that grants him unmatched power and a chance to make things right. Together with his intrepid allies, Ethan battles to free the genetically engineered ""Lesser Races"" and erase the scourge of slavery from his world.",441
"Strikes, Wars, and Revolutions in an International Perspective: Strike Waves in the Late Nineteenth and Early Twentieth Centuries","The contributors to this volume are concerned with the patterns of continuity and change in industrial labor conflicts in major industrialized countries before, during, and in the immediate aftermath of the First World War. The articles have been conceived as part of a series of efforts to assist the further development of comparative labor history, and in particular the application of quantitative techniques to the analysis of industrial labor conflicts in comparative perspective.",486
"Total Workday Control Using Microsoft Outlook, 2nd Edition","Total Workday Control Using Microsoft Outlook is a book for the over-extended office worker whose workday is out of control. It shows how to regain command of an over-committed workday and an overflowing, unmanaged e-mail in box. It does this by teaching the author's eight best practices of time, task, and e-mail management, and showing how to implement these in Microsoft Outlook.",383
Magician,"For many years, the people in the village of Howling Gap have lived under the powerful influence of Maldaur and the Tower - waiting for the Golden People to return and waiting to fight the Darkness that threatens to engulf their world. Kim becomes a Guardian to support Maldaur in the fight against the encroaching Darkness but after meeting a mysterious alien, begins to discover a sinister and astounding truth.",413
Deadly Class #6,"Hunted through the streets of Las Vegas, Marcus is about to learn a valuable lesson: sometimes the only way to wash away your past is with blood. Stylized violence featuring teenage assassins on acid! Don't miss the climax of the first arc of the smash-hit series DEADLY CLASS by RICK REMENDER & WES CRAIG.",306
"Love, Squared","An Erotic Novella
Sometimes the one that got away comes back...
Five years ago, James left Daniel, his first and only male love, when he realized Daniel wanted to marry Camille. Now he's back, ready to open his heart to both of them. But when the door to Daniel's house opens, it's not Camille who comes out to get the paper. James is about to discover just how big and how open his heart and mind can get.",406
33 Fragments of Sick-Sad Living,"In 33 Fragments of Sick-Sad Living, a twenty-something ne're-do-well attempts to piece together his life following an epic drug and alcohol bender which leaves many unanswered questions: Why is he staying on his buddy Hector's piss-scented couch? Did his ex-girlfriend leave because he'd eaten her roommate's food? Will he get stabbed on the way to his shift at the Dish'n' Chicken? There are things to consider. It's real tough to think sometimes.",448
"Lily, the Little Elf Princess","Join Lily, the little Elf Princess, and her friends as they solve a magical mystery! Lily is determined to find the right spell to charm the water lilies on Lake Magic to open their blossoms so her friend can attend the great Annual Celebration of the Elves! But time is of the essence. Will she find the right spell in time?",325
Black Holes and Uncle Albert,"Book Two in the bestselling Uncle Albert science/adventure series.
Uncle Albert and his intrepid niece Gedanken make some astonishing discoveries when they set out on their next mission: to investigate the universe . . .
Discover black holes that swallow up everything, tape measures that shrink when you take them downstairs, speeded-up time, and how it is that you are made of stardust in this adventure story set in deepest space.",433
"The Director's Cut (Spotlight, #3)","Ready for your close up?... 
Issy and James have survived dangers and challenges to their relationship. But now the cameras are rolling, a new threat could ruin everything.
With Isabella, sparkling behind the camera, and James smouldering behind it, life on set is sexy and explosive. So when a malicious press leak, could end filming, their chance of a real relationship is suddenly in jeopardy.",396
Rabbit School: A Light-Hearted Tale,"This classic picture book by the legendary German children's book author, Albert Sixtus (1892-1960), with lovingly detailed pictures by illustrator Fritz Koch-Gotha (1877-1956), has been translated into English for the first time by Roland Freischlad. It should appeal to all early readers of age four and up, and is also a delight to read aloud.",346
American Treasures,"Historical Romance novellas by Patricia Rice; originally published in various Signet collections
Three Victorian American novellas:
A Golden Crocus (from Blossoms)
Keeping the Fire Hot (Secrets of the Heart) - Sparks fly high when a saloon owner and a lovely young woman masquerading as a boy discover that secrets shared can lead to love.
Midnight Lovers (Moonlight Lovers).
All three prove that ""you can't judge a book by its cover,"" and deliver a powerful punch of passion.",476
Sometimes Magic: A Collection of Outstanding Stories for the Teenage Girl,"Fifteen stories and seven selections from books centering on the universal experiences of being a teenager, experiencing sadness and despair, joy and laughter, a feeling of being misunderstood by a cruel world... Authors include Louisa May Alcott, Jane Austen, Sarah Orne Jewett, Shirley Jackson and more.",305
The Right to Remain Silent,Alison finds herself alone on a dark stretch of road and in a hurry to reach her destination. The long arm of the law intends to slow her down with a firm hand. A quick exhilarating ride that will make you think twice the next time you are in a hurry. This hot lesbian erotica short story is approximately 2400 words.,317
Afro Samurai Vol 1,"It's All About Revenge - Nothing Personal.
In the bleak world of the swordsman, it is said that he who becomes the Number 1 samurai shall rule the world. And only Number 2 is allowed to challenge Number 1. Afro Samurai has assumed the mantle of Number 2, seeking vengeance against Number1, a gunman who killed his father years ago. But assassins lurk at every corner, seeking to rob Afro Samurai of the title of Number 2. Can Afro survive long enough to exact his revenge?",472
"Ground Zero: Prequel to Numbered Series (Numbered, #0.5)","""Maybe, when I'm qualified, I'll be in a better position to change the system.""
Living their prescriptive lives in City 01, Aurelia and her best friend Marnee are learning how to be the best Med students they could possibly be, but it's a journey that will test their strength, judgement and morals in a world that, as they grow older, seems increasingly unfair.",362
Strategic Foresight: The Power of Standing in the Future,"Strategic Foresight is being applied with great success in innovative companies such as Nokia, Shell and Ericsson. This book shows you how to stand in the future of your sector, and thus see what needs to be changed today in your business. A step by step framework is illustrated by case studies in both business corporations and governmental organisations, which are simple and practical.",389
Wild Wyoming Heart,"When lovely Kairee Kennedy took over the small, rundown ranch in the Powder River Valley, she never expected trouble from her cattle king neighbors, the Sabers. But powerful Damion Saber and his half-brother, Britt, wanted the Kennedy land--and after one look at the nubile young spitfire, both wanted her as well!",314
Waiting Out Winter,"Nick and the boys return from the summer's last hunting trip to find the streets empty, the beachfront and park abandoned, and the windows of their own homes boarded shut. The hunters have become the hunted, in an apocalyptic plague that pits man against beast--very tiny beasts. And Nick is determined to keep his strength, courage and family alive during what could very well be the last winter of their lives.",412
Gray Fox: Robert E. Lee and the Civil War,"Foreword
Contents
List of Maps
Secession is Nothing but Revolution
Sowing the Wind
A Dismal Debut
His Name Might Be Audacity
The Seven Days
Turning Tide
The Famished Rebel Horde
Lull & Storm
Chancellorsville
Gettysburg
A New Adversary Comes
Through the Wilderness
At Bay
The Trenches
Flight
Disaster
Palm Sunday
Requiem
Bibliography
Notes
Index",344
"Graphic Classics, Volume 19: Christmas Classics","Christmas Classics presents comics adaptations of both holiday favorites and rarities, featuring Charles Dickens' ""A Christmas Carol."" Also included are an early F. Scott Fitzgerald tale, an O. Henry western, a fairy tale by Willa Cather, and a Christmas horror story by Fitz-James O'Brien. Plus, a seasonal Sherlock Holmes adventure by Arthur Conan Doyle, Clement C. Moore's classic poem ""A Visit from St. Nicholas,"" and a letter from Santa Claus to Mark Twain's daughter.",473
Mark It with a Stone,"The year was 1939. Twelve-year-old Joseph Horn was set to start school--but he never made it. Instead, he began an odyssey through one of the most barbarous atrocities in the history of mankind: the Holocaust. Horn survived Auschwitz. He survived Bergen-Belsen. Now, he says, ""it is time for me to leave a record of the crimes I have seen"".",340
"The History of Henry Esmond, Esquire","Orphaned in the England of the later Stuarts, Henry Esmonde is raised by his aristocratic, Jacobite relatives the Castlewoods. As a young man he falls in love with both Lady Castlewood and Beatrix, her beautiful, headstrong daughter, and is inspired to join the ultimately unsuccessful campaign to reinstate James Stuart to the throne. Thackeray valued Henry Esmonde more than any of his other novels and it displays many of his own memories and emotions.",455
Freeway and the Vin Numbers,"In this YA rock 'n' roll novella originally written in 2010, a mobster's son named Vincent Masoli and a talented guitarist from the projects nicknamed Freeway form a band that channels the late great Jimi Hendrix and wows pop-weary fans. Dozens of original song lyrics.
This can be downloaded for free at Smashwords:
https://www.smashwords.com/books/view...",357
The Ghastly McNastys: The Lost Treasure of Little Snoring (Ghastly McNastys #1),"The McNasty twins are the meanest pirates
to ever sail the Seven Seas.
Even fish put their fingers over their eyes when they
see the twins coming in their ship,
The Rotten Apple!
But when the despicable pirates' never-ending quest
for treasure takes them to the island of Little Snoring
and brings them up against honest youngsters
Tat and Hetty, they find they've more
than met their match.",391
The Social Life of Opium in China,"The history of Opium in China begins in the mid-Ming dynasty, when as a tribute from vassal states, it was initially used as an aphrodisiac in the Ming court. The Chinese then began to collectively redefine the foreign recreational resource's usage and created a complex culture around its comsumption. This book traces the transformation over a period of five hundred years, revealing the nature of Opium's introduction and development in China as a universal cultural institution.",482
Demeter,"A fisherman's wife tends the garden and animals while her husband is at sea, but secrets buried under the waves begin to bubble to the surface revealing a secret treachery and forgotten truth. The third and final book in a trilogy of critically acclaimed stand-alone stories by award winning creator Becky Cloonan.",314
Siro,"Made restless by the tightening restrictions of CIA bureaucracy, agent Alan Taylor oversteps moral and legal bounds in a top-secret mission to destabilize the Soviet Union. His new recruit--the beautiful Anna Barnes, who struggles with complex feelings for Taylor--receives a deeper education than she signed up for in David Ignatius's trademark world of shifting international and domestic pressures, hidden loyalties, and secret agendas.",439
Never Catch a Cold,"Head Colds. Neglected Colds. Why are there so many Colds? Renowned artist Andre Francois explains in his own delightfully comical way in Never Catch a Cold, narrating just why the Cold--in all its various forms--continues to flourish. He also introduces readers to a host of fantastical creatures outlived by the Cold. Fran&ccdeil;ois' tongue-in-cheek humor and inimitable black-ink drawings make this a Cold epidemic worth getting in on!",438
Richard Scarry's The Early Bird,"Early Bird looks and looks, but he can't seem to find a worm to play with. A jumping frog and a tiny field mouse try to help out, but there just aren't any worms to be found. Early Bird is about to give up when he meets a friendly fellow in a funny hat--it's Wiggly Worm! Long out of print, this Richard Scarry classic will delight a whole new audience of readers!",364
Dirty Little Devil,"It was suppose to be girls night out for Jenna and Sarah. But do to a last minute cancellation on Sarah's part, Jenna is left to fly solo for the evening. But she isn't solo for long when she meets the exotic and beautiful Selena. Jenna's straight laced, no nonsense world is turned upside down in one night with Selena. Being with Selena for one night will take Jenna to new heights and turn her in to a Dirty Little Devil",423
North from Rome,"Bill Lammiter, a young American playwright, has lost his girl and is on the point of leaving Rome. Then Lammiter saves a mysterious Italian girl from a beating and the fat is in the fire.
A kidnapping, a battle in a Renaissance villa, a shrewd gamekeeper, a chance snapshot and a touring preppy contribute to the excitement and suspense of this story, and also prove a testing ground for Lammiter and his sweetheart.",416
Poolside With Slim Aarons,"Slim Aarons offers images of jet-setters and the wealthy, and beautiful, glittering people living the glamorous life. However, the main character is the pool and everything that goes with them - magnificent suntanned bodies, well-oiled skin, bikini-clad women, yachts, summer cocktails, sumptuous buffets, and, above all, fun.",326
Creative Stress: A Path for Evolving Souls Living Through Personal and Planetary Upheaval,"Creative Stress reveals with precision how we can and must transmute negative stress so that we can evolve individually and collectively. It offers the reader a steady climb to the higher reaches of human creativity and fulfillment, and is packed with compelling stories from O'Dea's exceptionally rich experience.",314
Enchanted Glass,"When Andrew Hope's magician grandfather dies, he leaves his house and field-of-care to his grandson who spent much of his childhood at the house. Into this mix comes young Aidan Cain, who turns up from the orphanage asking for safety. Who he is and why he's there is unclear, but a strong connection between the two becomes apparent.",333
If the Red Slipper Fits...,"Like Cinders, gossip writer Sarah Griffin has lost a shoe But this is no glass slipper--it's an exclusive designer stiletto that could cost Sarah her job
Playboy CEO Caleb Lewis is no Prince Charming, but he does have Sarah's shoe. He offers the intriguing Sarah an ultimatum: in return for her precious shoe, she'll assist him with a commercial proposition--and this means getting up close and personal
Sarah learned long ago never to believe in fairy tales, but if the red slipper fits...",490
"The X Files: Season 10, Volume 2","As Scully and Mulder try to deal with the fallout from the actions of a mysterious group that has been targeting anyone associated with the X-Files and causing their return to the Bureau, reports that a creature from their past has returned sends Mulder heading to Martha's Vineyard and Scully to Quantico. Also, witness the return of the informant known only as ""X,"" the rise of the Chittering God, and ""More Musings of a Cigarette Smoking Man."" Collects issues #6-10.",469
In His Court,"Dale is a handsome, young and muscular NYPD cop. While out for his morning run, he rediscovers an old friend he'd had an unspoken crush on. Alvin is tall, dark, and strapping, and as they become reacquainted, Dale finds his friend equally attracted to him. Alvin takes Dale into the custody of his desires, and Dale learns he has the right to remain naked and be ravished.",372
The Last Good Knight Part II: Sore Spots,"The Last Good Knight: An Original Sinners novella told in five parts.
Part II: Sore Spots
With a potential stalker on the loose, Kingsley hires Lance as Nora's bodyguard, but stipulates no sex while he's on duty. Frustrated by the ex-SEAL's noble chivalry, Nora is driven to seek release with the one man she's trying to forget....",331
This is Madness: A Critical Look at Psychiatry and the Future of Mental Health Services,"A seminal book in the critical psychology movement in the UK, and still considered the text for critical studies in mental health. In an attempt to develop a more effective, respectful and humane mental health system, 23 contributors present a critical, strident, scholarly, personal, moving and ultimately hopeful critique of current psychiatric systems.",355
May the Faith Be With You: Bedtime Prayers,"A Mighty God
No comet moves as fast as God,
No star can blaze as bright.
No planet in the universe
Can match his awesome might.
God is the source of everything,
Creator of us all.
He made and blessed this whole wide world,
All creatures great and small.
May the Faith Be With You: Bedtime Prayersis filled with colorful, space-themed art and fifteen simple prayers for children to read with their parents at bedtime or anytime. This padded cover board book even glows in the dark!",480
"London in Chains: An English Civil War Novel (English Civil War, #1)","An English Civil War novel from a highly-acclaimed author - London, 1647. Lucy Wentor, a young lady who was attacked by soldiers during the civil war, and then rejected by her sweetheart, hopes to start her life afresh in the capital with her uncle and aunt. London, however, is in chaos and her once well-to-do uncle is now almost bankrupt. Unwilling to go home, Lucy finds a job in publishing and excitement, love and independence soon follow.",445
"Star Trek: Spock: Reflections (Star Trek Graphic Novel Collection, #4)","The year is 2387. A Vulcan on Romulus? Absurd! Or is it?
Leading up to the events of the 2009 Star Trek blockbuster film, this outstanding miniseries explores Spock's motivations as he abandons all he knows and goes to live with the Federation's sworn enemy, the Romulans.
Look back as Spock reflects on the events that brought him to this point in his life.",358
The Bluffer's Guide to Science: Bluff Your Way in Science,"In most areas of human endeavor, bluffing is an easy way of getting by -- a method of artificially appearing knowledgeable.The Bluffer's Guides are a three million-copy best-selling series of snappy little books containing facts, jargon, and inside information -- all that readers need to know to hold their own among the experts.",330
The U-Boat Hunters,"Excerpt from The U-Boat Hunters But men are not cast in that mould. We shall continue to have Wars; and some day the world is going to have a war to which the present Will serve only as a try-out.
When that war comes our country will prob ably have to bear the burden for the western hemisphere. In that war our navy will be our first line of defense; and what we do for our navy now will have much to do with what our navy will be able to do for us then.",455
Blessings and Inclemencies: Poems,"Wrested from the coppery, keen claws of existential extremity, Blessings and Inclemencies, Constance Merritt's second collection of poems, is conventional in its forms and radical in its reaching back to the ground of being and to the originality and immediacy of our first encounters with language. Forgoing the common hedge of irony, these poems, without apology, place their bets on elemental language, intentional grace, and tradition in all its fruitfulness and freight.",475
Angel in Cowboy Boots,"Adam might be a cowboy, the man of Kelly Porter's dreams, or an angel who's up to his eyeballs in Heavenly trouble. With the Heavenly clock ticking, Kelly has to find out and Adam has to stop her from ending her own life and prove to his bosses that he can help her find a man who will set her on the right track again.
ANGEL IN COWBOY BOOTS is a 63,000-word fable of desperation, hope, and love.",396
Conquering Love,"Spencer has always been the quiet type. His parents split up years ago and he hasn't seen his father since, so when his mother gets married for the second time he doesn't like the idea. Her new husband moves in as well as his son Ashton. But what happens when Spencer's father shows up and Spencer starts liking his new step-brother Ashton who is straight, a man whore, and is a complete asshole to him?",403
Ten Grouchy Groundhogs,"In this alliterative countdown book, ten groundhogs cannot wait for winter to end so they can get out of their den!
Ten grouchy groundhogs
Crowded in their den,
They squirmed and they stretched
And then...then...then...
TEN GROUCHY GROUNDHOGS is a hilarious countdown story about a den of grouchy, grubby, gobbling, gabby, giggly, groovy, graceful, glitzy, gleeful, groggy groundhogs getting ready for their great big day.",422
The Ol' Chef's Favorite Recipes,"It's back! The Ol' Chef's Favorite Recipes. This collection, reprinted here courtesy of The Ol' Chef, features his most inspired recipes and includes favorites such as fish chowder and Chicken Wings Chaiko, but also a bevy of delectable desserts, from apple dumplings to carrot cake, and even a pecan pie made with maple syrup.",327
Her French Connection (Game of Love #1),"Jade Spencer is a hard-working waitress determined to change her luck. All she wants is a better life and she's willing to roll up her sleeves to get it.
Hot-shot CEO Amere Montgomery is mesmerized when he sees Jade at the train station. The billionaire decides to pursue the beautiful black woman. When he gets shut down by Jade, he's not only taken aback, he's turned on. Amere's determined to win over the rare woman not impressed by his money.
Will Jade be able to resist his charm?",486
Saqiyuq,"A grandmother, daughter, and granddaughter take us on a remarkable journey in which the cycles of life - childhood, adolescence, marriage, birthing and child rearing - are presented against the contrasting experiences of three successive generations. Their memories and reflections give us poignant insight into the history of the people of the new territory of Nunavut.",370
"Saver, Volume 6","When Ley and crew are captured by a bandit--who looks like Hyun-Min--they are taken to a town that's surprisingly peaceful. Ley learns more about the bandit, who could possibly be her long-lost love from another time and place. However, peaceful days do not last as Yuriel leads his army to attack the town in his usual cruel fashion, killing men, women and even the children. Will Ley finally come face-to-face with the man who robbed her of people she loved?",460
Fossils: A Guide to Prehistoric Life,"LC# 62-21640
This introduction to the life of the past as revealed through fossils includes:Descriptions of the typical plants and animals of major geological erasMaps showing where fossils can be foundThe history of the development of life on earthFull-color illustrations and concise information make this an invaluable and enjoyable guide to a fascinating subject.",367
Did You Say Ghosts?,"It's time for bed, and a parent teasingly reassures a fearful child that there are no such things as ghosts. Anyway, even if there were, werewolves would scare them away. Now the child wonders what will keep the werewolves away. . . . Eerie, full-color illustrations conjure up ghosts, werewolves, witches, vampires, and other monsters.",336
"The Long Trail (The McCabes, #1)","The story of a family building a ranch in the rugged wilderness of post Civil War Montana, and of a young man seeking his family and his destiny. If you liked the movie OPEN RANGE or the TV shows BIG VALLEY and LANCER, or the novels of Louis L'Amour and Ralph Compton, then this might be for you. By the author of TREMAIN.",322
The Collected Stories of Richard Yates,"Richard Yates was acclaimed as one of the most powerful, compassionate and accomplished writers of America's post-war generation. Whether addressing the smothered desire of suburban housewives, the white-collar despair of Manhattan office workers or the heartbreak of a single mother with artistic pretensions, Yates ruthlessly examines the hopes and disappointments of ordinary people with empathy and humour.",410
Diving Off the Edge (Impact Books),"Riley and Blake have been best friends forever, even though Blake is a daredevil and teases Riley. That all ends when Blake finds a new group of friends. Riley joins the swim team, and soon finds he doesn't need Blake's friendship to get by. But when Blake tries a crazy stunt and dangerous at the lake one day, can Riley put the past aside and save his former friend?",368
Tweeting Love Birds Vol. 2,"Tweetie is the prize in a game that plays for keeps! The only rule? No hanky-panky until after Tweetie is won!
News of the competition has traveled back to Tweetie's dad, and he wants to know Ohtaka's intentions toward his son! But Ohtaka hasn't even told Tweetie how he feels!
Who will win Tweetie -- Shiratori or Ohtaka?! The tension mounts in TWEETING LOVE BIRDS volume two!
Localized by Boys Love Bang Bang
Translated by Anne Whittingham
Edited by Kimberly Lammens
Lettered by Alexandra Gunawan",498
"Bastille vs. the Evil Librarians: The Worldspire (Alcatraz, #6)","This takes place after the main five books in the series.
""I'm tentatively calling it AlcatrazBastille vs. the Evil Librarians: The Worldspire. (Yes, Alcatraz's name will likely be crossed out on the cover, with hers written over it.) Originally I'd named it Alcatraz vs. His Own Dumb Self, but I think that might be going too far.""- Sanderson",343
"Three Books: Body Rags; Mortal Acts, Mortal Words; The Past","This volume brings together BODY RAGS and MORTAL ACTS, MORTAL WORDS and THE PAST, three books that are central to the life's work of one of the masters of contemporary poetry. Included here are many of Galway Kinnell's best-loved and most anthologized poems. Kinnell has revised some of the poems for this new edition, and comments on his working method in a prefatory note.",374
Gardens of the Sun (The Quiet War #2),"After the Quiet War between Earth and the Outer System, the allies from Earth struggle to maintain peace, Outer refugees who fled from the moons of Jupiter and Saturn to Uranus and Neptune struggle to survive and to define themselves, and on Earth, in Brazil, there's growing unrest against the tyranny of powerful families.",324
Old-Fashioned Homemade Ice Cream: With 58 Original Recipes,"This informative, enthusiastic guide provides complete instructions and helpful advice for making delicious homemade ice cream, either in a hand-cranked or electric freezer. Includes 58 exotic, mouthwatering ice cream recipes, plus recipes for toppings, sauces, more. Introduction. Illustrated throughout.",305
Investing with Your Values: Making Money and Making a Difference,Investing With Your Values presents compelling evidence that values-inclusive investors can actually outperform the market and be a force for social change. The book's central concept of Natural Investing is a visionary practice that enables people across the entire philosophic and economic spectrum to identify their values and bring them into the financial arena.,366
Veiled Eyes,Anna St. Thais has always wondered who she was; an orphan or abandoned child. As she travels to New Orleans she quickly realizes that the dreams she's had of a strangely attractive man are very real and that he has a strong psychic connection to her. She finds the the enigmatic Lake People and there she will unravel the mystery that is her life.,347
North-West of Sixteen,"Jim MacGregor was a boy when he arrived with his parents in the Edmonton district in 1906, to take up a quarter-section homestead with the legal description North-West of Sixteen. The family's attempts to tame the wilderness, both successful and unsuccessful, are described in this first-person memoir.",302
"Lost and Found (Bluford High, #1)","Darcy Wills is in big trouble. And she does not know where to turn for help. First there was the mysterious stranger who started following her. Then there was the threatening note left on her desk at Bluford High School. And now her sister has disappeared. Forced into a desperate race against time, Darcy must take action to save her sister--and her fragile family--before it is too late.",389
Navy Seals: Elite Operations,"Trained to fight at sea, in the air, and on land, U.S. Navy SEALs tackle whatever missions come their way. They must master skills such as combatting enemies under water, fast-roping from a hovering helicopter, and demolishing enemy weaponry. Learn how Navy SEALs are taught to think like scientists and perform like soldiers as they track down terrorists, rescue hostages, and venture into enemy territory to gather critical information.",438
Pheasant Hunting,"Flushing dogs are popular companions during a pheasant hunt. When a bird is within range, the dog forces it to take flight so the hunter can make a shot. The dog then retrieves the catch and delivers it to the hunter. Learn more about pheasant hunting tactics and equipment in this book for young readers.",305
Stripping Asjiah,"I wish someone could've told me by seventeen I would get raped by my uncle. That no one would believe me. Maybe then I could've prepared myself. No one was there to protect me. Instead I was thrown to the wolves. I had to find a way out, to escape all this madness. Before you judge me, what would you have done if you were in my position?",339
The Hunger of Empty Vessels,"Christopher Portobello has always blamed himself for every trouble in his son's tortured life. But after he discovers a mysterious stranger watching every mistep Joey makes, Portobello begins to wonder whether there's another, darker reason for the minefield of their lives.
All of their misery might be the fault of someone else ... something else ... something ... hungry.",374
Judge Dredd: MegaCity Masters 02,"Some of comics' greatest writers take on the iconic Judge Dredd in this amazing collection.
2000 AD is Britain's most celebrated sci-fi comic anthology, which has been at the cutting edge of contemporary pop culture since 1977. The longest running strip in 2000 AD is Judge Dredd and over the years many internationally renowned writers have contributed some amazing stories to the Dredd legacy. This compilation features some of these stories collected together for the first time.",482
Otherwise Engaged (unabridged audiobook),"Funny, charismatic, and one heck of a temptation, Preston Seaholm made a wickedly sexy hero as he rescued Molly Cassidy from tumbling off the roof. The pretty widow bewitched him with a smile, unaware the tanned sun god was Sunrise Key's mysterious tycoon -- and one of the most eligible bachelors in the country. He needed help fending off unwanted advances, but once he convinced her to play along at pretending they were engaged, would he discover the pleasures of surrendering to her temptation?",499
"The Sorcerer's Confession (The Sorcerer, #1)","Charles Sutton, ghost, has been and can be anything he wants. Think of a crime; he's done it. Imagine sexual laisons beyond your wildest dreams; he's had them. In a globe hopping odyssey from the French Revolution to the present, he is plagued by madness, murdered, hated, loved, lost and finally, redeemed. He is the villain we love to forgive.",345
Who Killed Bob?,"Bob is dead. He appears to have died in his study, alone and with the doors locked. On his desk are a pen and a photograph of his family. These items are usually there.
What are not usually there are the ice pick, claw hammer, kitchen knife and bottle of prussic acid which have been arranged on his desk. A lot of questions need to be answered, the main one is Who Killed Bob?",377
Understanding Baptism,"What's the big deal about baptism?Jesus commands his disciples to be baptized, and it's a glorious picture of a person's union with Jesus' death, burial, and resurrection. Still, many Christians feel unclear about the topic, having more questions than answers. This short work provides a biblical explanation of baptism. What is it? Who should be baptized? Why is it required for church membership? And how should churches practice baptism?",440
Rubyfruit Jungle,"WITH AN INTRODUCTION BY RITA MAE BROWN
Molly Bolt is a young lady with a big character. Beautiful, funny and bright, Molly figures out at a young age that she will have to be tough to stay true to herself in 1950s America. In her dealings with boyfriends and girlfriends, in the rocky relationship with her mother and in her determination to pursue her career, she will fight for her right to happiness. Charming, proud and inspiring, Molly is the girl who refuses to be put in a box.",484
"Here They Lie (The Bloodstone Legacy, #1)","One town.
Three families.
A secret that refuses to stay buried.
Now the deadly legacy passes to a new generation.
After her aunt's untimely death, Reese Everett is summoned to Devil's Vale, Georgia. Colton Waters is returning home for an entirely different reason. Their lives soon become entangled as a generations-old secret comes to light.
Winner of the 2014 YARWA Rosemary Award for Excellence in New Adult Fiction",418
Le Corbusier: Architect Of A New Age,"One of the most influential architects of the 20th century, Le Corbusier, has shaped the world in which we live - from his experiments in communal living to his extraordinary churches, such as the Ronchamp chapel, and luxury houses for rich patrons. This book celebrates his vision of architecture as an expression of the human spirit, as inspiring as painting, music and poetry.",379
Dublin: The Deposed Capital; A Social and Economic History 1860-1914: A Social and Economic History 1860-1914,This is a comprehensive study of the problems which the city of Dublin faced between the famine and World War One. The decline of the city's traditional industries and the rising proportion of casual labourers in the population gave rise to intense poverty which resulted in excessively high death-rates and a housing crisis,324
"A Magical Beginning (The Owls of Blossom Wood, #1)","An exciting new animal series set in the magical Blossom Wood. When Katie, Eva and Alex hide inside a hollow tree trunk, they find themselves taken to a magical wood where they're no longer girls ... they're owls! Can the three best friends help the animals of Blossom Wood save the precious Moon Chestnut tree? Join the Owls of Blossom Wood on their first adventure!",367
Getting to Yes,"""I have faith. Adam is the man God picked for me, I just know it. And I just know that when Adam finally pops the question, we'll get married and live happily ever after. I say ""when"" because I'm an optimist. And because I believe that God is a mighty God -- even mightier than Adam's paralyzing fear of commitment!""
--Copyright (c) 2006 by Harlequin Books S.A.",361
None Of My Affair,"Jay and Frank's marriage works perfectly. So long as he shows up and she gets to show off - Frank can do what he wants. Carrie, married to adulterer Don, is tired of living a lie and vows that it's finally over. Then Ali, their daughter, tells of her plans for the wedding of the decade and Carrie's thoughts of escape are put on hold.",335
Climate & Food Security,"Title: Climate and Food Security: Papers Presented at the International Symposium on Climate Variability and Food Security in Developing Countries, 5-9 February 1987, New Delhi, India
Contributors: American Association for the Advancement of Science, Indian National Science Academy, International Rice Research Institute, Indian Council of Agricultural Research",362
"Eensy-Weensy Monster 2 (Eensy Weensy Monster, #2)","They've made it past getting on each other's nerves, and Hazuki and Nanoha are finally friends. But the more time he spends with Nanoha, the more Hazuki discovers a new side to himself--could this be leading to love?! Too bad Nanoha doesn't have a clue. It's beyond her to figure out why Hazuki is suddenly so distant... Will Nanoha's little internal monster reappear to save the day, or is Nanoha's dark side going to ruin their relationship forever?",451
The Traitor,"THE RENDITION
An Italian Muslim has been snatched by the CIA. His crime: a plot to engulf Venice in flames.
THE GOSSIP
Carnivia is awash with rumour and speculation. Have the CIA extradited an innocent man?
THE EVIDENCE
Holly and Kat must find the powerful men who truly run Italy. But time is running out to save their city.
THE ATROCITY will destroy it all.",359
Harry Potter and the Goblet of Fire Movie Poster Book,"Here it is -- the official behind-the-scenes poster book of Harry Potter and the Goblet of Fire!It's packed with stats, facts, and insider info. Plus over 40 pictures of Harry, Ron, Hermione, Cho Chang, Cedric Diggory, Viktor Krum, Fleur Delacour, and all the other kids from Hogwarts, Durmstrang, and Beauxbatons. It's your must-have movie keepsake.",350
Passenger Trains,"Even with the convenience of airplanes and the economy of buses, there is just something enduringly charming about riding the rails. Thousands of passengers are carried to their destinations everyday by passenger trains. Full-color photographs and appealing, simple text will make readers feel like they are along for the ride.",327
"Clarity (The Seductors, #3.5)","When you find a love worth fighting for, nothing can stand in your way.
Jade Phillips is that love for me, and I'd follow her to the end. I'll stop at nothing to make her happy, including doing everything in my power to make her mine for eternity.
She is my clarity.
You've read Jade's side of the story, now Oliver gets his turn...",332
"Bonjour Alice (Alice & Megan, #5)","Ancient castles, yummy French food and deep, dark forests - sounds like the perfect holiday! Megan's really looking forward to the summer holidays - her whole family is going to France, and best of all Alice is coming too! But when Alice tries to make friends with a local French boy things begin to get very interesting... Another adventure with Alice and Megan - the fifth book in the bestselling series popular with young girls everywhere.",442
Colouring Book,"This stylish colouring book containing unpublished designs takes you on a journey through the marvellous, creative and revolutionary mind of Yves Saint Laurent. We are given a glimpse of his inspirations, from art and entertainment to countries and culture, alongside his unseen sketches. This is a unique couture colouring book, and is the perfect accessory for the fashion conscious.",385
Swamp Things,"What happens when pond creatures are put in a jar, and get to tell their side of the adventure? Swamp Things is for every girl and boy with the curiosity of an explorer, and subtly weaves in the moral that living things are happiest in their own space. An original poetic writing style by Ronald L Morris, and magical illustrations by renown artist Chris Beatrice.",364
"The Sweetest Revenge (Pregnancy Affair, #2)","When Zane Cordon finds out that his wife of ten years have not only been cheating on him but that she had also gotten rid of his unborn children along the way he's out for revenge. His mind becomes consumed with the best way of getting back at her as he sees his chances at fatherhood slipping away.
Then one day he meets the young hot Elena Patriakis and things take a different turn as everything he thought now out of his reach was suddenly right there at his fingertips.",474
Genesis Unveiled: The Lost Wisdom of our Forgotten Ancestors,"Our oldest texts and religious writings - from the Bible to the Vedic scripts - all speak of a golden race dwelling in utopian bliss before losing their way and suffering annihilation in a worldwide catastrophe. In a reappraisal of the sacred texts of antiquity, Ian Lawton uncovers what he believes is the key to deciphering the true origins of our antediluvian ancestors.",373
Gigs,"Blues in D minor, big bellies over factory belts, and Elvis Presley license plates--Gigs is a collection of poems that shows us the gentle beauty of ordinary life. Davis's language breathes, without labor. His metaphors fit tight. And the rhythm of each word keeps pace with our innermost beats. Absolutely every poem in this book hammers a rightly strung cord.",361
"The Magic Spell and Dreams Come True (My Secret Unicorn, #1-2)","Imagine sitting on the back of a snow-white unicorn. Imagine riding it high into the sky, the wind in your hair. Imagine owning it, loving and cherishing it forever. This dream comes true for Lauren Foster. By day she rides Twilight, an ordinary little pony, but as night draws in and Lauren recites a secret spell, Twilight becomes a unicorn.",343
Clive Barker's Hellraiser: The Dark Watch Vol. 3,"The netherworld has a new ruler, but chaos still reigns as the war in Hell rages on!
Kirsty Cotton, Elliott Spencer, and Harry D&#8217;Amour have all played multiple roles in the battles between Heaven and Hell -- but now, each plays a part in the war within Hell, and even Leviathan doesn&#8217;t know their fates. Clive Barker, Brandon Seifert, and Tom Garcia bring this epic tale in the HELLRAISER saga to a shocking climax.",427
"Negima!: Magister Negi Magi, Volume 6","The chaotic class trip continues as Negi Springfield and his thirty-one beautiful female students explore the historic cities of Kyoto and Nara. Negi's special headache is Konoka, the headmaster's granddaughter, who turns out to have her own magical abilities! Although she's not aware of them, others certainly are . . . and Konoka is kidnapped by a group of wizards who plan to corrupt her budding talents. Negi is going to need all the help he can get-even if it comes from a former foe. . . .",496
The New Testament: The Epistle to the Ephesians,"British Narrator Simon Peterson reads The Epistle to the Ephesians in this wonderful audiobook collection of The New Testament. As a well-known Christian Broadcaster, Simon has the ideal voice for those of all ages who want to listen to The Bible in full, unabridged form. His emotive reading perfectly captures the beauty and power of God's Word and makes the King James English clear and easy to understand.",409
How to Marry a Duke (How To #1),"In Vicky Dreiling's enchanting Regency romance debut, Tristan - the rakish duke of Shelbourne - wants to marry and sire an heir. To help him choose among the dizzying array of wealthy but witless candidates, he secures the services of prim and proper matchmaker Miss Tessa Mansfield. But as Tessa seeks the perfect mate, the duke finds himself distracted by Tessa's considerable charms.",386
Training Jeri,"Jeri, a BBW is introduced into BDSM by her boyfriend, Jake. They both have emotional baggage that threatens to kill the budding romance. The twists and turns they encounter to make the relationship work, along with the challenges their family and friends bring, makes this a hot read with explicit sex scenes.",309
The Last Days According to Jesus: When Did Jesus Say He Would Return?,"Speculation and theories abound about what the last days have in store for us. But what did Jesus believe and teach about the end times and the timing of his return? R. C. Sproul points believers back to the words of Christ, offering them a solid footing amid ever-shifting opinion about the age to come.",304
Bayou Jesus,"Elderly Zassy, mother of Bayou Jesus, reveals the story of her son Frank's spiritual journey which begins on the day the two of them are taken to serve at the Boudreaux family's Bellwether plantation. Frank begins a mythical journey into the bayou to find himself and God and gathers followers and an imposing disciple along the way.",333
"Engine Nine, Feelin' Fine!","Donny doesn't want to play with his favorite toy fire engine, Lenny, anymore. So it's up to Doc to figure out what's wrong. Turns out, Lenny ran out of water for his fire engine hose, and once Doc refills him, he's as good as new! The gang learns a lesson about dehydration and the importance of drinking plenty of water, especially on hot days.",345
In Love With Elenor Rigby,"A romantic comedy set in the urban South. Joe is a carpenter; Tabitha a milliner. When they first meet, they fall head-over-heels in love with one another. But Joe has a dark past and attends AA twice each week. He is afraid to let down the most beautiful woman he's ever known by revealing his weaknesses. And so he keeps it from her. And keeps it from her. Until one day, she finds out. A story of honesty and love at war with insecurity and the fear of loneliness.",467
Zombie Apocalypse! Acapulcalypse Now!,"A mysterious multi-millionaire invites a collection of rich and powerful men and women from around the world to his exclusive hotel on the cost of Acapulco. As they leave Heathrow airport, the events at All Hallows Church, which sparked the zombie plague, break out. Now the guests must battle each other, the resentful locals, the impending horde of undead, and the land itself. A spin-off novel of the bestselling Zombie Apocalypse!series.",441
Final Solution: The Fate of the Jews 1933-1949,"David Cesarani, OBE is Research Professor in History at Royal Holloway, Univ. of London and the award-winning author of Becoming Eichmannand Major Farran's Hat. He was awarded the OBE for services to Holocaust Education and advising the British government on the establishment of Holocaust Memorial Day. He lives in England.",324
The Paris Mapguide,"This ultimate guide shows travelers how, where, and what to see and do in Paris, offering pages of colorful and informative maps that are easy to read and convenient to handle--no folding necessary. The detailed maps direct you to the best Paris has to offer, from art galleries, museums, cafes, and theaters to public transportation, parks, and tourist information centers.",374
To Be Read in the Dark,"To Be Read in the Dark casts its strobe of radical vision on the dark crises of our common experience. Personal and prophetic, these compressed lyrics are capacious in meaning. Here is a penetrating appraisal of the underlying politics and philosophical disposition of our daily struggles, both formally relentless and epic in scope. These are poems you will want to read aloud, letting this language spotlight a navigable course into and through the dark.",456
The Foundations of Mathematics,"Finally there's an easy-to-follow book that will help readers succeed in the art of proving theorems. Sibley not only conveys the spirit of mathematics but also uncovers the skills required to succeed. Key definitions are introduced while readers are encouraged to develop an intuition about these concepts and practice using them in problems. With this approach, they'll gain a strong understanding of the mathematical language as they discover how to apply it in order to find proofs.",486
A Lesson and a Favor (Blessed Epoch # .5),"Eight years before meeting Yarrow and Duncan in Ash and Echoes, the man now known as Sasha lived and breathed for a single purpose: to kill for gold and the glory of his cult and dark god without emotion or hesitation. In this lost tale of Sasha's early career, he's dispatched on a difficult mission--one with a surprise in store for him.",339
His Secret Life: Male Sexual Fantasies,"Shocking, fun, and illuminating all at once, this book dares to break the silence as men across the nation share their uncensored fantasies and innermost wants without reservation. Challenging myths about men and sexuality, over seventy fantasies from over 500 men provide reassurance to men that they are not alone -- and offer unique insight to women as to what really makes men tick!",386
The Four Seasons of Lancaster County: Volume 1,"This book is a visual delight of the author's wonderful photographs and personal stories that give the reader a privileged peek into the world of the Amish in Lancaster Co., Pa. Living in the quaint town of Churchtown with Amish neighbors, he is afforded countless opportunities to capture the spirit of God's country, its people and animals with his camera. By looking at the vivid pictures and reading the stories, you can easily envision yourself in the scenes of the four seasons.",484
Passport to Narnia: A Newcomer's Guide,"Passport to Narnia is a beginners guide to C.S. Lewis' classic Chronicles of Narnia offering a book-by-book synopsis of the series, and an in-depth look at the forthcoming movie series. Passport to Narnia also includes a biography of Lewis, along with interviews, photos, a guide to C. S. Lewis' England and more--Provided by publisher.",336
"Beast Keeper (Beasts of Olympus, #1)","Beasts of Olympus is a series of 144-page illustrated chapter books set in a magical Ancient Greece where strange things still walk the Earth. Beast Keeper tells the story of Pandemonius (a.k.a. ""Demon,"" the half-god son of Pan) who, on his tenth birthday, is called upon to look after all the mythical creatures that belong to the stables of Olympus.",351
The Glory of Their Times: The Story of the Early Days of Baseball Told By the Men Who Played It,"From the Preface:
This new enlarged edition of The Glory of Their Times contains the complete text and all the photographs that were in the original book, published in 1966, plus for the first time the first-person stories of four additional major-league players - George Gibson, Babe Herman, Specs Toporcer, and Hall of Famer Hank Greenberg.",342
The Primrose Way,"Living in a rough Puritan missionary settlement that borders an Indian village, sixteen-year-old Rebekah is forced to choose between two cultures when she falls in love with a defiant Pawtucket medicine man. ""Issues about separation of church and state, the scandalous idea of thinking for oneself, etc., are thoughtfully raised here and would provide provocative discussions in the social studies classroom.""--School Library Journal",433
Cordwood Masonry Houses: A Practical Guide for the Owner-Builder,"It is still possible to design, build and live in your ""dream house""... and for less money than you thought possible! All you need is desire, imagination, a minimal financial investment, and a knowledge of cordwood masonry - an age old method of construction in which very short logs are laid up in a wall like firewood with a mortar fill between them.",352
Betrayal of the Planet of the Apes,"With BETRAYAL OF THE PLANET OF THE APES, writer/artist Gabriel Hardman (HULK, AGENTS OF ATLAS) and writer Corinna Sara Bechko (HEATHENTOWN, FEAR ITSELF: THE HOME FRONT) take you right into the continuity of the original seminal fan-favorite film, as the feared and respected General Aleron finds himself at the center of a conspiracy that could transform ape/human relations! Aleron's journey puts him face to face with...Dr. Zaius! A not-to-be-missed stand-alone graphic novel.",478
The Edge Of Adventure,"What would happen to our lives and relationships if they were totally committed to God? The Edge of Adventure invites readers to take the plunge into wholehearted devotion. Miller and Larson offer a fresh, creative approach to renewal of the Christian life by testing His presence in all areas of life.",302
Cambodian Harvest,"A single woman in her sixties travels to Cambodia to set up a dried fruit factory - a project to provide landmine survivors with an income and hope for the future. Overcoming official corruption, cultural prejudice and minimal financial support, her inspirational story will challenge everyone who thinks they are too broken or too old to make an impact for God in this world.",376
"Lone Wolf and Cub, Omnibus 2","Ronin samurai Ogami Itto and his young son Daigoro travel a dark road, beset by enemies sworn to destroy the Lone Wolf and his Cub. But how did Ogami, once the shogun's loyal retainer and trusted executioner, become a dishonored fugitive marked for death by the shogun himself? What hidden forces moved to destroy Ogami's family and fuel his relentless quest for retribution?
This volume collects stories from volume 3, volume 4, and volume 5 of the original Lone Wolf and Cub series.",484
Troop 142,"Troop 142 follows a group of campers and counselors on a scout retreat. It is a story about the blurred line between childhood and manhood, and the hypocrisy of institutional morality. Mike Dawson captures the hilarious, brutal truths about boys and men, and the resilience of Spam and the human spirit.",303
Vintage Tampa Signs and Scenes,"During the 1950s, the Cinchett Neon Sign Company came to be Tampa's best-known sign maker. When the city planned to build a zoo, the mayor asked Cinchett to design the new sign. Fried chicken king Colonel Sanders had the sign company create all the neon work for his first two Kentucky Fried Chicken restaurants in Central Florida, and soon after, other reputable businesses came calling.",388
Stubby the Giraffe Who Wouldn't Take Chances,"STUBBY THE GIRAFFE WHO WOULDN'T TAKE CHANCES is about self esteem. It is about building confidence in children who are often afraid to stretch because of peer pressure or bullying. It is about believing in what you are and what you have, and achieving excellence in spite of what others think, say, or do!",305
Tales of the Dim Knight,"""Some relationships are built on trust and mutual respect, others are built on using someone as a pawn in a game of global domination."" Mild-mannered janitor and superhero fanboy Dave Johnson gets all his wishes at once when an alien symbiote gives him supernatural powers. But what's he to do with them? Follow the zany adventures of the clueless custodian as he fights crime and corruption while trying to keep his family together and avoid being sued for copyright infringement...",483
Gary Snyder and the American Unconscious: Inhabiting the Ground,"This book presents a new theory of American culture based not on the phenomenologically- and existentially-derived vocabularies of consciousness, which have dominated earlier accounts, but rather on a revitalized notion of the unconscious. Drawing on the writings of the French psychoanalyst Jacques Lacan, Dean develops a theory of the constitution of the very notion of America itself as based on a complicated relation to the American landscape.",448
"Crushed (Happily Ever Afterlife, #2)","Lucy is ready for her next challenge at Limbo Central Middle School: joining a club. Or actually, forming one. Lucy and her best friend Cecily were awesome ballet dancers in life, so obviously they can start a Dance Club in the Afterlife.
Not according to George Sinclaire. The head of the cheerleading squad wants to forbid cheerleaders from even trying out for Dance Club!
Who knew starting a Dance Club would be all about drama?",431
Tenant for Death,"An Inspector Mallett mystery.
Daylesford Gardens, South Kensington, is an unlikely address for the discovery of death by strangulation.
Even more unusual is that the house does not belong to the deceased financier.
In the meantime, the mysterious tenant, Colin James, has disappeared.
Inspector Mallett of Scotland Yard is brought in to unravel a complicated trail.",365
"Being Peace (Being Peace, #1)","Since its publication in 1987, ""Being Peace"" has become a classic of contemporary religious literature. In his simple and readable style, Thich Nhat Hanh shows how our state of mind and body can make the world a peaceful place. We learn to transform the very situations that pressure and antagonize us into opportunities for practicing mindfulness.",348
Desert Songs,"Poetry. Memoir. LGBT Studies. ""A personification of the desolate and sensuous Utah landscape swaggers through JoSelle Vanderhooft's DESERT SONGS, pining for the one partner who understands in this hallucinatory fusion of autobiography and history, veering from saucy patter to timeless fable and back again, the desert permeates all, as god or goddess, as lover as shepherd and scourge of the peoples who traverse it, as a backdrop to memory and heartache."" Mike Allen""",469
"JoJo's Bizarre Adventure: Part 2—Battle Tendency, Vol. 3","JoJo and Caesar face their most powerful foe yet--the leader of the Pillar Men! Armed with the ability to create a weapon from any part of his body, he is more than a match for JoJo and his allies. And now that his brethren have fallen, he's got a score to settle. Prepare for a battle unlike any before!",304
"40 Projects for Building Your Backyard Homestead: A Hands-on, Step-by-Step Sustainable-Living Guide","A companion volume to Backyard Homesteading, 40 Projects for Building Your Backyard Homesteadprovides details on how to build more than 40 projects to enhance readers' sustainable living. Even if they are only moderately handy, they'll discover the tools and techniques for building their own feeders, fences, and structures. In the process, they'll save money and have the satisfaction of doing it themselves.",410
"Popeye: An Illustrated History of E.C. Segar's Character in Print, Radio, Television, and Film Appearances, 1929-1993","Here is the history of Popeye, one of the best-loved cartoon characters. Animated series and films are examined, noting the different directions each studio took and the changing character designs of the Popeye family. Popeye in other media -- comics, books, radio, and even a stage play -- is thoroughly covered, as are Robert Altman's 1980 live-action film, and Popeye memorabilia.",383
He Knows Too Much,"[Cambridge Readers Level 6]
An English company executive in India is dismissed after he tries to uncover corruption within his company. He returns to England where his life falls apart and his marriage breaks up. He then sets out on a one-man search for the truth behind his dismissal. He turns to the rich mystery and beauty of India and is finally forced to choose between love and revenge.",392
Pompy & Titany: Hot Things,"Be Careful Home books and their main characters, Pompy and Titany, become everyday guardians of your children. They teach them to beware of the dangers as well warn parents to not neglect the safety of children by leaving dangerous objects within their reach.
In this book, Pompy and Titany learn about hot things.",314
"The Monster's Concubine (Contract of Eternal Submission, #1)","A chance encounter with Dr. Elijah Preston, sends Savannah's hormones raging out of control. The man is unfairly good-looking and seethes of masculine sexuality, a stark contrast to the boys she's used to dealing with. However, her new boss is hiding a dark secret and Savannah soon realizes that he plans to dominate much more than just her thoughts and desires. They enter a world of dark sadistic sexual fantasy that may be more than she can handle.",452
Huck #1,"In a quiet seaside town, Huck uses his special gifts to do a good deed each day. His neighbors return the favors by keeping his abilities a secret. But when a newcomer alerts the media, a firestorm erupts, sending Huck on an adventure that will change everything.
This brand-new series from writer MARK MILLAR and artist RAFAEL ALBUQUERQUE presents a comicbook unlike anything you've read before.
Featuring a Feel-Good Movie variant cover by RAFAEL ALBUQUERQUE.",461
Gettysburg After Dark:  True Experiences of a Ghost Tour Guide,"Ever wonder what really happens when the streets of this little town go dark? Gettysburg once ran red with blood during the infamous Civil War battle. Spirits of the slain, the wounded, and those who witnessed these unimaginable horrors still walk the streets of Gettysburg. Join ghost tour guides as they tell of genuine sightings, smells, and the occasional physical contact with these wandering spirits.",406
Any Holy City,"Poetry. Winner of the 2003 Gerald Cable Book Award and short-listed for the PEN Center's 2007 Joyce Osterweil Award, Conway's ANY HOLY CITY contains poems that ""navigate with nerve through deep waters: nothing less than matters of good and evil, sacrifice and redemption. The poems have a distinctive, winning style: laconic but passionate, attentive to the profane as well as the Biblical, always completely serious and never merely solemn."" Robert Pinsky""",457
Why I Hate Saturn,"Cranky Columnist Anne Merkel is only happy when she's complaining...about her editors, about being single in New York City, about running out of Scotch. But when her long-lost sister shows up claiming to be Queen of the Leather Astro-Girls of Saturn, Anne's going to wish she'd never complained about anything...",312
Now & Forever,"Anna a sweet and innocent young girl who has never been loved by the people she had loved until the day she found her Mr. Right.
Derek a man who was completely empty, had nothing dear to hold in life always wanted a person who would love him for who he was, not for what he has.
These two fall in love and get together but are unable to take the final step because of their insecurities but will a date change their life? What different decisions will lead to?",460
The Legend of Captain McFinn and Friends,"Captain McFinn was once one of the biggest bullies on Sand Dusty Reef, but when he meets the Undersea Friends, he learns that being a friend is always better than being a bully. Come along with Captain McFinn and Friends and see how McFinn, the bully, became Captain McFinn the leader and protector of Sand Dusty Reef.",318
The Position 4 (Book 4),"This was supposed to be heaven on Earth. I finally got the one thing in the world I desperately wanted--my brilliant but damaged ex-boss, Jude Lazarus. He has finally dropped the games and opened his heart to me completely. But instead my life has become a living hell. Suddenly everything is on the line. The decision is mine. Which am I willing to sacrifice: my love or my life?",380
Mr. Right Is Missing!,"Have you wondered what your shoes are doing when you're not there? Finally the truth can be told! Written tongue-in-cheek by a brush and a pencil (witnesses to it all!), this is the story of Miss Left and Mr. Right who are shoes in the opera's wardrobe collection. Mysteriously, one shoe from every pair begins to disappear! Suddenly Miss Left becomes Miss Left Behind! All the single shoes are in a panic, until at last the missing shoes are returned and order is restored.",474
"Effortless (Thoughtless, #2)","A continuation of the novel, Thoughtless...
A lot can happen in a year. You grow, you change, you learn from your mistakes. And Kiera had made a lot of mistakes to learn from. But she had learned, and she was determined to never cause a man pain again, especially the amazing man who currently held her heart. But life offers new challenges for every relationship, and when Kiera's love is put to the ultimate test, will it come out the other side unscathed?
Love is easy...trust is hard.",488
Life as a Barnacle,"A young barnacle named Abraham is on a search. Where should he stick to? Where shall he spend the rest of his life? Every adolescent barnacle is a free floating organism living underwater until it secretes a natural glue allowing it to stick to something for the rest of its life. From oyster colonies to the depths of the ocean, he encounters many barnacles, tempting him to stick with them. Abraham grapples with his journey and his mother's advice to, ""Find a place that will make you happy.""",495
"I'm The Kind Of Human Wreckage That You Love (Unrequited Love, #1)","Fandom: Sherlock
Relationship: Jim Moriarty/John Watson, James Moriarty/John Watson, Sherlock Holmes/John Watson - One Sided
--------------------------------------------------
John's is off to the pub to drink away being rejected by Sherlock. Jim is at the pub to kill someone or shag them, he hasn't quite decided yet.",319
Gullivers Fugitives (Star Trek Next Generation #11),"While searching for the U.S.S. Huxley, missing for more than 10 years, the Enterprise stumbles across a forgotten colony of humans on a planet called Rampart, where fiction and works of the imagination of any kind are considered a heinous crime. A survey team beams aboard the ship to search for ""contraband"", and the crew are drawn immediately into a vicious civil war between Rampart's mind police and a band of determined rebels.",432
"Dead Surge (White Flag of the Dead, #5)","White Flag Of The Dead Book 5 It's been seven years since the Upheaval. Seven years of fighting the hordes of the undead. John Talon and his family are hoping to finally settle down and start their lives over again. But in the grasslands of Iowa, a new danger has emerged. A new form of the Enillo Virus, unlike any seen before, threatens to unravel the fragile new country. John, Charlie, Duncan, and Tommy will find their skills put to the test as they face off against the worst of the virus.",495
Rain on the Pavements,"Roland Camberton's second novel, first published in 1951, is a coming of age portrayal of 'down Hackney', home of David Hirsch, who steadily leaves behind his Jewish upbringing in adolescence to explore the wider world of London. Typically there is a wide array of humorous characters in his portrayal of Hackney and the more cosmopolitan world Hirsch is drawn towards.",369
1777: The Year of the Hangman,"""A revisionist view of the Revolution's most crucial year... it explodes many of the myths surrounding Burgoyne's Canadian expedition and Howe's Pennsylvania campaign. There is a wealth of fascinating detail in this book, including information on arms and supplies, rations for women camp followers, and even the numbers of carts (30-odd) carrying Burgoyne's luggage.""
--History Book Club Newsletter",399
The Killer Omnibus Volume 1,"A professional. A man of few scruples, nerves of steel, and a steady trigger finger. A man whose crimes might be catching up with him. A man on the verge of cracking. Archaia presents The Killer, a hardboiled, noir series chronicling one man's journey through some seriously bad mojo. This omnibus collects The Killer Volumes 1 & 2.",332
Amish and Mennonite,"Did you know that 'frolics' are Amish celebrations of life's important occasions, opportunities for socialization, and food? This is filled with Amish and Mennonite history, traditions, and culture, and recipes. It helps you learn to make traditional Amish and Mennonite dishes like shoofly pie, rivvels (a kind of dumpling), and sauerbraten.",342
Faizah's Destiny (Tales of Abu Nuwas #2),"The gods are at war and only a farmer's daughter can save the world from Armageddon.
This book previously published as ""Quest for the Simurgh"" and ""Faizah's Destiny."" This 3rd edition has been edited to include a frame story as told by Abu Nuwas (see also ""Setara's Genie). Since the world and the story teller are the same in both books, they can now be considered a loose series.",381
Fast Sofa,"Rick Jeffers is definitely on the sofa. Nihilistic, hedonistic, possessed of the unbridled arrogance of youth, Rick watches his world crumble when his apartment is looted. So he decides to hit the road in this original, brutally poetic and adrenaline-charged first novel. Packaged with a flexivinyl 45 r.p.m. soundtrack featuring two new singles from the band The Flesheaters. 10 line drawings.",394
What Is Gnosticism?,"A distinctive Christian heresy? A competitor of burgeoning Christianity? A pre-Christian folk religion traceable to Oriental syncretism? How do we account for the disparate ideas, writings and practices that have been placed under the Gnostic rubric? To do so, Karen King says, we must first disentangle modern historiography from the Christian discourse of orthodoxy and heresy that has pervaded - and distorted - the story.",425
Miss Switch to the Rescue,"School isn't the same for Rupert Brown and Amelia Daley without Miss Switch, their incredible broomstick-riding, spell-casting teacher! February's sooooo boring without her. A mysterious package for Rupert promises to add a little excitement to their dreary lives, but neither Amelia nor Rupert expect what's inside: a mysterious warlock with a thunderous roar, a ""huge"" temper, and a tendency to turn kids into toads!",418
"Gabriel (Blood and Snow, #15)","A Blood and Snow short story told from Gabe's point of view.
Summary:
Keeping the peace between humans and magical creatures is a job Gabe never wanted. As the leader of the Chayot--considered by some to be Angels bound to Earth--he doesn't have a choice. Especially when a rogue group of trolls leaves Sharra and takes over the Redwood Forest.",344
"Twice Bitten (Broad Gate Pack, #1)","Abnormally attracted to the moon, medical examiner Fia Ruiz discovers her true nature when she's bit not once but twice as two supernatural rivals fight to claim her. Torn between her crush, an enigmatic detective and a fugitive who seems to have all the answers, she must take matters into her own hands to survive.",316
"Right to Bear Arms (Major Crimes Task Force series, #2)","Tracking a mass murderer from the backwoods of Pennsylvania to the state and nation's capitals, the skill and determination of the task force will be tested. However, for one member the hunt will dredge up old memories, better left buried. Clock ticking down, the killer's motive and the key to solving the case are inextricably bound in one man's belief in an inalienable right to bear arms.",392
Mystery of the Feather Burglar,"After her parents' divorce, Shari is angry, frustrated, and feeling helpless, until she joins the Starlight Kids Club. Who is that strange man packing boxes late at night in the attic of the house across the street? Why doesn't the home attendant want any kids visiting Mrs. Broderick? Shari is determined to find out. With the help of her friends, Shari gets her chance to turn a boring summer vacation into a fantastic action packed adventure.",445
Toussaint L'Ouverture: The Fight for Haiti's Freedom,"Toussaint L'Ouverture was a freed slave who became general of a Haitian slave army that rose up against the French in 1791, liberating the country. These captivating illustrations by Jacob Lawrence, paired with text by Newbery Honor author Walter Dean Myers, open the doors to Haiti's early history. Full color.",311
Winnetou the Apache Knight,"Winnetou the Apache Knight is a western novel by Karl May about German-American, Old Shatterhand, who is able to outwit and outshoot both Yanks and Indians but finds himself a friend in Winnetou, who is an Apache Indian Chief. This is an important novel which deals with friendship among individuals who come from different backgrounds. This title is highly recommended for those interested in early American and Native American tales, as well as fans of the writings of Karl May.",480
The Garden of Happiness,"A littered lot in New York's Alphabet City is transformed into a lush garden by people of the neighborhood. Young Marisol finds a small patch of her own, where she plants a large, flat seed. As it grows up and up, it surprises everyone and becomes the most special plant in the Garden of Happiness. ""A book with the welcome message that beauty can be everywhere.""--Booklist",373
Many Servants: An Introduction to Deacons,"In this newly updated and revised introduction to the permanent diaconate, Plater includes a history of deacons in the early church, a survey of deacons from the Reformation to the present, stories of modern diaconal ministries, including first-hand accounts, and a discussion of the formation, training, and deployment of deacons. This book is a basic, essential text for discernment committees and commissions on ministry, and a comprehensive look at a vital ministry in the church today.",490
NICKY,"The perfect story for those first days at school
A little girl is terrified of going to school: ""I won't know anyone. . . . School dinners will make me sick . . . the teachers will bite me. . . . I'll be the littlest,"" she complains. But school is a hit and she even makes a friend. However, the two new friends are horrified to discover that they are expected to go to school the next day too!
From the Trade Paperback edition.",428
Khaufnaak Imarat ( Imran Series; Volume 1),"Imran series starts with the book Khaufnaak Imarat, this book introduces Imran to the readers. This story basically revolves around the people who are ready to cheat even the nation for money. Read the book to know how top secret documents are handed over to the enemies and how Imran unfolds the mystery and gets to the man behind the crime.",342
Practical Mysticism: A Little Book for Normal People,"The complete title is Practical Mysticism: A Little Book for Normal People and Abba: Meditations Based on the Lord's Prayer. Underhill is a leading authority on modern mysticism. This book was written just before World War 1 and includes reviews of Julian of Norwich, Thomas & Kempis, and Teresa of Avila. The author wants the reader to obtain mystical consciousness and to be able to see eternal beauty.",404
Crickets,"Some of our world's most intriguing animals are among its creepiest. This new series spotlights six mini-beasts that scurry, crawl, wriggle, or hop. Each book matches clear text with up-close (and often startling) photos to give young readers an easy-to-follow introduction to the featured creature's body, growth process, behavior, food sources, and common habitats. Each title concludes with an activity that emphasizes a defining physical characteristic.",457
Coyote Waits,"The bestselling author of Skinwalker and Talking God, and former president of the Mystery Writers of America, Tony Hillerman returns with another spellbinding mystery featuring the popular Jim Chee and Joe Leaphorn. The two detectives must unravel the complex clues in the gruesome murder of an Apache County sheriff.",317
Ancient Ways (Hayle Coven #15),"Second year is finally over and Syd is happily back at home in Wilding Springs. Her new love with Liam has yet to be explored very far, thanks to his meddling and over-protective mother, and Syd is beginning to lose patience with the whole thing. But when a desperate call for help comes from an unlikely place, Syd finds herself once again charging into danger, a danger that puts every single witch at risk.",409
"@Full Moon, Vol. 2","CAN'T MAN UP!
Half vampire, half werewolf, Marlo is a bit of an anomaly. When exposed to the light of the full moon, HE becomes a SHE! To make matters worse, it seems as though his rivals have plans to keep Marlo trapped as a woman - FOREVER! Join us as this epic vampire romance reaches its dramatic conclusion in this final volume of At Full Moon!
Includes special extras after the story!",390
Lone Sloane: Volume 2: Delirius,"Lone Sloane is still stuck on the planet aptly named Delirius, one of the strangest places in the galaxy. The lonely traveler is in trouble: he was struck by an erasure arrow by the fanatical monks of the Red Redemption. He is accompanied by Mali, the daughter of his friend Yearl Martian, first in his travels to the destitute underground world of Delirius then to find Yearl and Lance, Mali's lover and then in the mission to save the inhabitants of Delirius from the spreading madness!",488
Bang the Drummer,"Jill Kennedy has plans for a Christmas wedding. She's put down deposits for the flowers, photos, and venue. Now all she needs is a groom. A drummer who'll keep her life as steady as he keeps the beat to his music. With her good friend Charlie Costello as her wingman, she'll interview percussionists, one per month until she finds the right tempo. But with Christmas approaching and no groom in sight, she's starting to wonder if she'll ever bang the drummer of her dreams.",473
Being Layla Hart,"April Collins is freaking out. She completely embarrassed herself in front of the most crushable guy in school. There's no way she's returning to school, like, EVER. Why can't she be pretty, popular and perfect like Layla Hart? Layla is a phony online profile - that is, until April wakes up as her! Will popularity prove as easy as it seems? And what happens when April's crush finally notices her...as Layla?",410
Good Grief: Story of Charles M Schulz,"An American icon, brilliant and notoriously private, Charles Schulz is a fascinating paradox. He owns an ice arena, a plane, and is a regular on Forbes' list of top money makers--yet his roots are firmly planted in the snows of St. Paul and the preachings of the church. This fully authorized portrait explores the Peanuts creator's extraordinary life.",352
"Broken Crowns (Shadows in the Nursery, #1)",Jill Lyons' life turns upside down the day she walks into her office to find her boss sprawled across his desk with a bullet hole between his eyes. Jeff Siegle's past catches up to him the moment he finds out his children are kidnapped. A riddle and a shadow from the past pull them relentlessly towards death's door as they struggle to find answers... before it's too late.,374
Working Wood: A Complete Bench-Top Reference,"This handy bench reference tells what kinds of jig make a table saw more efficient or accurate, what's the best drill-bit speed to use to drill a one-inch hole in hardwood, what clamps and fixtures to use if you're lamin-ating curved pieces, and many more tricks. At last, a comprehensive, accessible, and easy-to-understand guide you can pull off the shelf whenever you're stumped.",382
The High School Student's Guide to Life AFTER High School,"A simple, direct guide for high school students and non-traditional students to navigate their path to college or technical school. A unique feature of this book are sets of questions designed to assist the reader in thinking critically about their choices when it comes to their furthering their education.",307
"Snail and Worm Again (Snail & Worm, #2)","In this silly sequel to Snail and Worm, the dynamic duo are back for more fun and giggles in three new comic shorts brimming with quirky humor and unflappable friendship. At turns clever and sweet, these laugh-out-loud stories are perfect for readers coming out of their own shells and making the transition between picture books and chapter books.",348
Ellen's war: Blue Skies and Tiger Moths,"Ellie Simpson is a flying instructor and good at her job, but war is coming and when it does she will no longer be able to do what she loves most - fly. The arrival of flying officer Gregory Dunlop, and the nephew of her boss, Jack Reynolds, in her life only complicates matters. When she can no longer take to the skies in her beloved Tiger Moth she decides to join the WAAF's. Then tragedy strikes and she is forced to rethink her life.",438
"Alejandro's Sorceress (The Cardinal Witches, #1)","Initial release to be in the anthology, , with release as a separate ebook tentatively scheduled for May 2014.
He's a warrior, hardened by years of protecting his town from vampire attack. She's a garden witch who sees the world in shades of sunshine and delight. Opposites don't only attract, they go supernova in this sizzling tale of magic and mayhem.",355
"Diary of a Traveling Preacher, Vol. 1 & 2","Within you will find two precious gems -- Volumes 1 and 2 of Diary of a Traveling Preacher. Experience the excitement, danger, and successes of the early preaching exploits of Indradyumna Swami and the devotees as they travel through war torn areas of Russia and its former provinces. Read about the beginnings of Polish Woodstock and festival tour. These rare volumes, which have been out of print for years, are now available.",428
"Orange, Triangle, Fox","A humorous and innovative introduction to colors, shapes, and backyard animals
Common animals, such as red square owl and yellow star frog, teach young readers multiple, basic concepts at once in this educational concept book. An ideal read for bedtime or story time, this book's rich watercolor illustrations and delightful animals will engage children and become a family favorite.",383
"The Longer Bodies (Mrs. Bradley, #3)","90-year-old Great Aunt Puddequet devises a novel means to determine which of her young nephews is to inherit her estate--her fortune goes to the one who best performs on her homemade olympic field. When the javelin turns up with blood on its point, it's time for Mrs. Bradley to step in. First published in 1930.",312
Madra Rising,"This is an alternate cover edition for ASIN: B019KFXS68
For five years, the Kingdom of Madra has been at war. In a last effort to save his people, the prince travels toward Eldale, a city of dragon tamers. Unaware of this, Eldale has sent its most valued dragon tamer to the dying city with the one thing that can save them. In this tale of harrowing danger and destiny where the two must keep their missions secret, they cross paths and join forces to recover the stolen treasure.",481
The Komarovs,"Charley Zriny wished he hadn't hired the Siamese twins. Sure, they were a great draw, but they acted as if they were queen of the damn carnival. And that's just the start. Besides the zombie there is a werewolf, a necromancer and ghosts. A maze of mirrors. And more zombies. Captain da Silva is at the centre of this - and all he wanted was a day out with his family.",367
Blackfeather (Blackfeather #1),"When Kate's life is saved by a mysterious handsome stranger she can't help but fall for him, but he is not what he appears to be. Now evil is on their trail & she is faced with the most important dilemma of her life. Can she save their souls from a 500 year old curse or will she send an angel to Hell? Either way she will lose the man she loves.",346
The Rule of Standing on Tiptoe,"A new student enrolls in Kosuke's sophomore class in high school. As a perfect foil to Kosuke's short stature, Raku is tall, manly and popular with girls. Although Kosuke initially feels jealous, he soon learns of Raku's secret and is asked to keep it a secret. Raku finds himself taking an interest in Kosuke and they begin to grow closer. This is a high school romantic comedy about an odd couple!",399
Crochet Step by Step,"A complete introduction to the art of crochet, Crochet Step by Stepis an essential resource for any yarn aficionado. With clear photographic step-by-step tutorials on key stitches and 20 easy-to complete projects, Crochet Step by Stephelps to master the basics while gaining confidence. Brimming with useful tips, advice, and ideas, Crochet Step by Stepcontains everything needed to get started on developing a passion and skill set that will last a lifetime.",459
Web of Deceit: A DI Sally Parker novella.,"DI Sally Parker is called to one of the best hotels in the area after one of the guests, Megan Carmen, reports her friend, Tina, missing.
Sally investigates Megan's background when the woman reveals that she has just arrived from France and Tina is a woman she met on the Internet. Do genuine people truly arrange to innocently meet people they've only just met online? Or, in light of Tina's disappearance, is there something far more sinister afoot?",451
"The Secrets Of Seldom Seen (Inspector McClennan, #2)","It is May 2003. In Underhill Woods, near the remote Cumbrian village of Seldom Seen, two children find the body of a man. He is identified as Kyle Johnson, a local who was apparently well-liked. As Detective Inspector David McClennan and his team, first introduced to us in THE AYTON SWANS, set about investigating the strange circumstances surrounding his death, they very quickly make another gruesome discovery and begin to uncover a decade of secrets.",455
NURTURE,"Prereaders and young readers will enjoy the rymes as well as the pictures. However, parents and grandparents will appreciate and enjoy the bonding relationships of the charecters. This is a good book to read to or with children at storytime or bedtime. The pictures will help to hold the attention of young readers.",315
The Enchanter's Spell: Five Famous Tales,"Gennady Spirin has used his magical palette to find the common enchantment and humanity in five tales from as many countries: Little Daylight by George Macdonald, The Princess and the Seven Brothers by Alexander Pushkin, The Nutcracker by E.T.A. Hoffman, The Beautiful Kitchen Maid by Miguel de Cervantes, and The Emperor's New Clothes by Hans Christian Andersen. 73 full-color illustrations.",392
"Lessons From The Art Of Juggling: How to Achieve Your Full Potential in Business, Learning, and Life","Featuring simple, illustrated instructions for learning to juggle, this book focuses on the valuable lessons this lighthearted pastime offers, from learning to keep a number of things ""up in the air"" at the same time to coping gracefully with mistakes by learning to ""drop the ball"" from time to time. Illustrations.",316
"Before the Fall (Aron Angels, #0.5)","This is a short story prequel to A World Without Angels.
Before angel Jerome fell to Earth, he was just an ordinary angel in the village. And before Leila started her adventure, she was a prisoner in her own home as the world crumbled around her.
In the prequel to A World Without Angels, see how life was for the angel and his girl before the adventure began.",360
"The Statesman's Yearbook 2013: The Politics, Cultures and Economies of the World","Now in its 149th edition, The Statesman's Yearbook continues to be the reference work of choice for accurate and reliable information on every country in the world. Covering political, economic, social and cultural aspects, the Yearbook is also available online for subscribing institutions: www.statesmansyearbook.com.",319
This Land I Love: Waterloo County,"Hiebert has been flying over Waterloo County, the heart of southwestern Ontario's traditional Mennonite country, for the past twelve years. Season after season, he returns from his global travels to photograph this and its people. In This Land I Love, he documents his long-term love affair and, in doing so, presents us with a new way of seeing and appreciating Mennonite life in this quiet rural county.",405
Angel Tears,"Ezra, a homeless young man on the edge of throwing it all away and Ana, a beautiful and mysterious doctor at a run-down hospital, are star-crossed lovers in this passionate and suspenseful new-adult classic.
From opposite sides of the tracks, drawn to each other by fate, Ezra must save the woman he loves before her menacing boyfriend, Dr. Vito Kreas, discovers Ana holds the key to saving the world.
~
Follow the author on Twitter, Vine, & Instagram @MDCisME",460
Proto Zoa: Five Early Short Stories,"A delightful collection of Lois McMaster Bujold s early stories and a comprehensive introduction by this ""New York Times"" bestselling author
Protozoa is a word from biology via the Greek meaning first animals. These short stories were indeed among the first life spontaneously generated in Lois McMaster Bujold s nascent writing career. Along with an introduction by the author, this collection features the short stories Barter, Garage Sale, The Hole Truth, Dreamweaver s Dilemma, and Aftermaths.",497
Jesus and the Word,"The kernel of Bultmann's work is a discussion of the life & message of Jesus. Bultmann's work is strictly historical. The reader will not find a sentimental or romantic pictures of Jesus of Nazareth. Instead, we are bound to the text of the New Testament, & to the historical circumstances in which the text arose, & with all the resources of Bultmann's immense learning are faced with the living historical reality of Jesus' life.",431
Karl of Erbach - A Tale of Lichtenstein and Solgau,"This early works was originally published in 1903, it is a fascinating tale of the period and still an interesting read today. Many of the earliest books, particularly those dating back to the 1900's and before, are now extremely scarce and increasingly expensive. We are republishing these classic works in affordable, high quality, modern editions, using the original text and artwork.",387
"Run, Bong-Gu, Run!","A kid and his mother, in Seoul from a small seaside town to find his long lost father. From desperation, the outcome of this story, however, will bring warmth to any heart, showing that the hope and love of humanity can even melt the cold indifference of our urban societies. A beautifully, poetically illustrated little manhwa lit.",332
Insights on John,"Insights on John, volume two in the brand-new landmark Swindoll's New Testament Insights series, provides a wealth of colorful, detailed, and easy-to-understand insights into the gospel of John. Drawing on his vast experience as a communicator of God's Word, Chuck Swindoll presents his legacy to all who read and love the Bible.",329
Me: Five Years from Now: The Life-Planning Book You Write Yourself!,"This guide offers self-affirmations to help see readers through the process. The perfect gift for young people just starting out, as well as a welcome resource for anyone who cant seem to get out of a rut, Me: Five Years from Now is a unique decision-making aid that is certain to transform the lives of its readers, and writers.",329
Out of the Ashes  (A Strong and Sudden Thaw #2),"In this sequel to A Strong & Sudden Thaw, the world after the Ice remains a dangerous place. Callum and David have survived the dragons but rebuilding lives is no easy task. The army comes to enforce an evacuation with claims of tainted groundwater and radiation. The Brethren, a crazed religious order, seeks to control the new world through preaching intolerance and forced conversion.",387
Just My Lost Treasure,"Little Critter(R) is searching for a missing sock inside, outside--everywhere! From a little red wagon to a trumpet, even Little Critter is surprised by all of the lost treasures he finds during his hunt. Old toys become new in this brand-new 8x8 storybook. Staring Mercer Mayer's classic loveable character, this is the perfect book for those forgetful little adventurers!",373
"Securing Civil Rights: Freedmen, the Fourteenth Amendment, and the Right to Bear Arms","Unique and well-researched, this study concentrates on the right to keep and bear arms and analyzes the incorporation of the Bill of Rights into the Fourteenth Amendment. Examining the history of the recognition of the right of freedmen to keep and bear arms in the period between 1866 and 1876, this comprehensive volume analyzes the extent to which American political society was willing to secure the same civil rights to all without regard to race or previous condition of slavery.",485
Recipe for a Productive Day,"Have you ever fallen into bed at the end of a long day, frustrated
because you didn't finish half the items on your to-do list, only to
go through the same routine the next day? It's like you're trapped
in your own private Groundhog Day.
Well, it doesn't have to be that way. You really can be more
productive. But it won't just happen. Like most things, you have to
be intentional to set yourself up for success.",413
Inevitable Revolutions,"s/t: The United States in Central America
The first edition of Inevitable Revolutions, published in 1983, was widely hailed and quickly became a bestseller. Now, completely revised and updated--one third of its contents are entirely new--Walter LaFeber brings to a new generation of readers the story, in Arthur Schlesinger's words, 'of a long and squalid history of U.S. exploitation and intervention combined with neglect-a history whose consequences we are reaping today.'",475
"JLA, Vol. 11: The Obsidian Age, Vol. 1","A 160-page trade paperback collecting the first half of the ""Obsidian Age: The Hunt for Aquaman"" saga from JLA #66-71! BOOK ONE introduces Faith and the enigmatic Manitou Raven and the threat of the Ancients. Plus, a new cover by Mahnke and a sketchbook section that shows how Kelly and Mahnke designed the Ancients.",316
El Contrato Social/ The Social Contract,"""Man is born free; and everywhere he is in chains."" The cry for human liberty sparked the French Revolution and questions the role of government in democracy. Includes two discourses. Origin of Inequalitythat inequality is the natural result of civilization. Political Economyexamines how politics affects people.",313
What Was America's Deadliest War?: And Other Questions About The Civil War,"Who fired the first shots in the American Civil War? Where were the fiercest battles fought? How did Lincoln free millions of slaves with one document? Acclaimed author Martin Sandler answers all these and other ""must-know"" questions about the war that pitted brother against brother and tore the United States apart.",317
Birds Make Nests,"Birds make many kinds of nests in many kinds of places--to keep their eggs safe and to keep chicks safe. In this exquisitely illustrated picture book, created with both traditional woodcut and digital tools, acclaimed artist Michael Garland celebrates animals that are both beautiful and resourceful. This text is accessible to new readers and the birds are labeled with their American English common names.",407
Spectacular Selection of Sea Critters,"What might you see if you swam in the sea? Dive on in to encounter everything from dolphins and octopuses to sea turtles and squirrel fish. This clever book features concrete poems about a spectacular selection of sea critters.
The award-winning duo behind A Curious Collection of Cats and A Dazzling Display of Dogs created this collection of twenty-nine visual poems celebrating creatures of the sea. Ocean observers and animal aficionados are sure to find these selections sensational!",488
Wildfire #1,"Is genetically modified food an end to world hunger or a first class ticket to the apocalypse? Dan Miller is a plant biologist working with a small team perfecting an accelerated plant growth process. When things go wrong, Los Angeles pays the price in a disaster story unlike any before. See the preview here: Wildfire #1 Preview.",331
"The Mote in God's Eye (Moties, #1)","Writing separately, Larry Niven and Jerry Pournelle are responsible for a number of science fiction classics, such as the Hugo and Nebula Award-winning Ringworld, Debt of Honor,and The Integral Trees.Together they have written the critically acclaimed bestsellers Inferno, Footfall,and The Legacy of Heorot,among others.
The Mote In God's Eyeis their acknowledged masterpiece, an epic novel of mankind's first encounter with alien life that transcends the genre.",462
The Poems Of Richard Wilbur,"This collection includes Advice to a Prophet and Other Poems, Things of This World, Ceremony and Other Poems, and The Beautiful Changes and Other Poems. ""One of the best poets of his generation, Richard Wilbur has imagined excellence, and has created it"" (Richard Eberhart, New York Times Book Review).",302
The Best of Caf Lit 2011,"Each story in this little volume is the right length and quality for enjoying as you sip the assigned drink in your favourite Creative Cafe. You need never feel alone again in a cafe. So what's the mood today? Espresso? Earl Grey tea? Hot chocolate with marshmallows? You'll find most drinks in our drinks index. If you're reading the cafe's copy and you have your Kindle or iPhone with you, why not download the Kindle version? Or browse the CafeLit web site for more examples of CafeLit stories?",497
Letters to Loretta from the Radio Shack: A True WWII Teenage Love Story,"Non-fiction WWII letters between a young radioman on the USS Signet minesweeper and his teenage girl back home. Poignant, tender, funny, violent and heartbreaking, ""Letters to Loretta"" has been described as a delightful time capsule of star-crossed love during the war of all wars. Recipient of the multiple Five Star awards from ""Reader's Favorite."" Also includes historical documentation of the USS Signet's activities leading to and including D-Day and the Battle of Okinawa.",478
Dead Links,"What if the Internet could kill you?
Araknee is one of the most popular websites ever made, and its competitors are dying under mysterious circumstances. When investigative journalist Amanda Katt decides to research Araknee, she discovers it has a mysterious power over its visitors. Amanda finds herself drawn into a conspiracy that could threaten the world.
Fans of William Gibson and Michael Crichton will appreciate this exciting technothriller.",449
"Commissioned in White (Art of Love, #4)","What do multiple weddings, a new career for Ellen, several characters moving, and a gallery opening have in common? They're all in this new 44k word novella in the Art of Love series. There are also scenes that will reveal the characters for Books 5 and 6 coming next year. For max enjoyment, reading the previous 3 books is highly recommended.",344
"Her Scoundrel, Bad Luck Wedding #7","After tragedy touches her life, Kat McBride fully intends to put aside her mischievous ways--until she meets a scoundrel that calls to her inner Menace.Legendary adventurer Jake Kimball is dashing, daring, and dangerous to brokenhearted Kat McBride. After searching the world over for lost treasures, he discovers the most valuable prize of all in a peaceful English garden.",374
God Dies by the Nile and Other Novels,"God Dies by the Nile is Saadawi's attempt to square religion with a society in which women are respected as equals; Searchingexpresses the poignancy of loss and doubt with the hypnotic intensity of a remembered dream; while in The Circling Song, Saadawi pursues the conflicts of sex, class, gender and military violence deep into the psyche.",341
My Favorite Year: A Collection of Football Writing,"Roddy Doyle's account of the Republic of Ireland's triumphant journey through Italia '90 is just one of the many first-class pieces in this anthology of original football writing. Contributors include Harry Pearson, Harry Ritchie, Ed Horton, Olly Wicken, D.J. Taylor, Huw Richards, Nick Hornby, Chris Pierson, Matt Nation, Graham Brack, Don Watson, and Giles Smith.",365
Ox-Tales Water,"Ox-Tales is a set of four compelling and collectible books, each themed on one of the elements. Waterfeatures stories by Esther Freud, David Park, Heri Kunzru, Zoe Heller, Michel Faber, William Boyd, Joanna Trollope, Giles Foden and Michael Morpurgo, and a poem by Vikram Seth.
The idea behind Ox-Tales is to raise money for Oxfam and along the way to highlight the charity's work in project areas: agriculture in Earth, water projects in Water, conflict aid in Fire, and climate change in Air.",494
Confirming Justice (Justice Series #2),"Followup to bestselling Facing Justice. In Confirming Justice, an Indian tribe demands justice from a Federal judge in a bribery case that could reach the White House. The son of the Secretary of Interior is charged with taking money from the tribe to influence his father. When the star witness suddenly disappears the FBI is called in setting in motion events which could topple the President's Supreme Court nominee. The Munsons unravel the mysteries of Washington as only insiders can.",489
Constantine: A History,"Who is Constantine, King of Dragon Kings? It's a question asked by many. Here is your chance to learn some of this enigmatic leader's history - and get a unique look inside the Dragon Kings.
This is a short story involving Constantine from the New York Times bestselling Dark Kings series from Donna Grant.",306
Winter's Heart,"The Wheel of Time, Robert Jordan's internationally bestselling fantasy series, has captured the imaginations of millions of readers worldwide. Now, Winter's Heart, will be available in trade paperback for the first time. This new edition will feature cover art from award-winning artist Scott M. Fischer. This stunning cover art debuted on the eBook and will now grace book shelves for the first time on this handsome new edition.",430
How to Be a Good Dog,"Bobo really wants to be a good dog. It's just that being good takes ""so"" much effort. When his owner finally has enough and sends him packing, it's silent Cat who misses him the most. Armed with a how-to book and quiet determination, Cat begins to instruct Bobo in proper dog etiquette. ""Shake,"" ""fetch,"" and ""roll over"" all go well. But can Cat really turn this incorrigible canine around?",390
Into Dust and Other Strange Tales,"'In the darkness the harbinger sings, Of death, destruction, The end of all things.' An injured soldier crosses a moor in the midst of a storm, a man chases an elusive woman through the streets of York, four children play in an abandoned house on a crumbling cliff top... Containing eight chilling stories of love, despair, loneliness and redemption, Into Dust is a collection of supernatural tales which will have you lighting a fire, reaching for a drink and, of course, locking your door.",491
Something of Myself,"Offers an insight into the mind of Rudyard Kipling, who upheld the Victorian imperialist values of duty, patriotism and obedience, and yet sympathized with outlaws and children. This memoir describes his bitter childhood years in the 'House of Desolation', his beloved parents and his pride in his own work.",307
A Sea of Words: A Lexicon and Companion for Patrick O'Brian's Seafaring Tales,"Called ""the best historical novels ever written"" by The New York Times, O'Brian's saga of the British navy during the Napoleonic Wars has developed an enormous following of late. This volume defines more than 2,000 terms found in the books and provides short essays, maps, and diagrams to further help readers relate.",317
Virgins of God: The Making of Asceticism in Late Antiquity,"Many of the institutions fundamental to the role of men and women in today's society have their origins in late antiquity. This revisionist study offers a comprehensive look at how Christian women of this time initiated alternative, ascetic ways of living, both with and without men. The author studies how these practices were institutionalized, and why they were later either eliminated or transformed by a new Christian Roman elite of men now thought of as the founding fathers.",481
Saragossa - The Vampire Legacy,"A somewhat fictionalize account of factual events in Colorado in 1976. Dracula, Prince of Evil, plots to gain world domination by unleashing a super-plague as the first step in a scheme to reduce humanity to pre-industrial revolution technology. Countering his plans are Saragossa, master vampire, and his cabal of vampires and werewolves. The book is packed with information not elsewhere available - including the true history and real science of these amazing beings.",470
Magenta: Noir Fatale,"A raucous mix of femme fatales, bondage and noir, this very handsome new series is vintage risque and kinky, and just as teasing and campy as the best burlesque. When 'Kinky Winky' bondage models Magenta and Lucretia hear of fellow models disappearing at an alarming rate, they volunteer to investigate, uncovering the seamy underbelly of London of the sixties. With embossed and foil stamped cover.",399
That Way Lies Madness,"DEEP SPACE.
The void does not care if you live or die.
It's TERRIFYING.
How do you survive an EVIL that lives on the empty edge of the universe? This is a Science Fiction Lovecraftian Horror novel. Elder Gods in space! What more could you want?
Includes the back up story is ""He Stopped Loving Her Today"" a twisted zombie love story.",333
From Turnberry to Tasmania: Adventures of a Traveling Golfer,"From Turnberry to Tasmania is an invitation to travel with award-winning journalist John Steinbreder on a global golf trek. From putting alongside tawny wallabies and blue-tongued lizards in Tasmania to literary pub crawls in Dublin after rounds at nearby links, this book contains remarkable golf adventures from Steinbreder s nearly two decades of tee-time wanderlust.""",371
Megalodon Lives,"In the chaotic, racially charged summer of 1992, a failing New York aquarium attempts a bold effort to capture a Great White Shark to lure more customers. The crew takes advantage of a terrible tragedy to capture a fantastic beast, a Carcharodon Megalodon. The supposedly extinct ancestor of the Great White is very much alive. Finding the monster was only half the battle.",373
The Glimpses of the Moon by Pulitzer Prize Winning Author Edith Wharton,"Set in the 1920s, The Glimpses of the Moondetails the romantic misadventures of Nick Lansing and Susy Branch, a couple with the right connections but not much in the way of funds. They devise a shrewd bargain: they'll marry and spend a year or so sponging off their wealthy friends, honeymooning in their mansions and villas.How their plan unfolds is a comedy of eros that will charm all fans of Wharton's work.",411
The Great Wall Revisited: From the Jade Gate to Old Dragon's Head,"A journey along the Great Wall in the past and present, this landmark volume offers an extraordinary portrait of perhaps the world's most famous structure. The Great Wall Revisited presents 72 of the most elucidating then-and-now comparisons accompanied by concise histories of the sites that Lindesay's images revisit.",319
War Brothers,"Sharon McKay's novel is set in Uganda, where Joseph Kony's Lord's Resistance Army (LRA) has, since 1987, abducted up to 30,000 children from their villages and homes for use as soldiers and slaves. It is in these nightmarish times that the fates of five boys and a girl are entwined. Captured from their school by the LRA, the boys wait for rescue only to discover that if they are to survive they must rely on themselves. But friendship, courage, and resilience might not be enough to save them.",496
For Sale or for Rent,"""For Sale or For Rent"" is a thought provoking book for single men and women. The reader will be challenged to reevaluate their dating relationships. In every relationship we have to decide if we are for sale or for rent. If you have ever rented a home or car then you will understand the danger of being in a rented relationship. ""For Sale or For Rent"" will encourage you to insist on being for sale!",400
Cher inconnu,"It was only once, but she's pregnant. When Helen discovers she is expecting a baby, she cuts off her relationshop with Chris, the boyfriend she loves very much. She's confused and tormented, and so is he. Separately, the two high school seniors must come to terms with their childs future-- and their own. A riveting and unforgettable love story.",346
"Hurry Home, Candy","The dog was lost. He had no name, and no one to love him. He has only the silent, empty countryside, and a few crumbs and bare bones he could pick up. He had only himself, and he was afraid. Along the way, the little dog found a few friends, people who gave him shelter for a while, but always he moved on -- until he found a place he could call home forever.",359
Vegetarian Times Fast and Easy: Great Food You Can Make in Minutes,"A new cookbook from the editors of ""Vegetarian Times"" makes it a cinch to prepare tasty meatless meals in record time. Most of the 250 recipes can be ready in 15 or 30 minutes, and none take longer than 45. With recipes for breakfasts, lunches, and dinners--plus a special chapter devoted to kid-friendly fare--there won't be a shortage of ideas for easy crowd-pleasing meals.",376
"Beyond The Borders (The Robert E. Howard Library, Vol. VII)","The world we know is comfortable and predictable, yet it has sharply-defined borders beyond which dwell dark forces defying human comprehension and creatures so terrifying and deadly as to imperil human sanity itself. Many travel into this strange realm by accident and return - ""if"" they return - broken and deranged.",318
Encuentrame en el Cupcake Cafe,"Issy Randall can bake. No, more than that, Issy can create stunning, mouth-wateringly divine cakes. After a childhood spent in her beloved Grampa Joes bakery she has undoubtedly inherited his talent. So when shes made redundant from her safe but dull City job, Issy decides to seize the moment and open up her own cafe. It should be a piece of cake, right?",356
"Angel & Faith: Those Who Can't Teach, Teach Gym, Part 1 (Season 10, #16)","While Angel is stateside, Faith is suddenly the go-to adviser for London's Magic Town police detective. She enlists Fred to help scope out a situation, and the girls stumble onto some teenage vampires at Cuthbert Prep. Who better to delve further into the situation--from the inside--than a vampire slayer?
*An all-Faith, all-Fred vampire adventure!",349
The Daniel Cure: The Daniel Fast Way to Vibrant Health,"The Daniel Cure by Susan Gregory, author of bestselling The Daniel Fast, and Dr. Richard J. Bloomer will help readers take the next step by focusing on the health benefits of the Daniel Fast. By doing so, it will transform the Daniel Fast from a once-a-year spiritual discipline into a new way of life that can begin any time of the year, one with the potential of transforming our bodies as well as our spirits.",412
Fanny Crosby (1820-1915): The Hymn Writer (Heroes of the Faith),"Amidst the millions of committed Christians in each generation, a handful rise to special prominence. Learn more about their exciting and inspiring lives in Barbour's ""Heroes of the Faith"" series.Crosby was destined to encourage generations to come as she became the author of hundreds of hymns such as ""Blessed Assurance"" and ""Sweet Hour of Prayer"".",350
The Family Unit and Other Fantasies,"A superb collection of darkly comic, deeply compassionate, largely fantastical stories set in our jittery, polarized, increasingly impersonal age. Whether it's the tale of a corporation that buys a man's family; two supposed survivors of a super-storm who are given shelter by a gullible couple; an erotic adventure set during an urban terrorist alert.",352
How to Publish Your Novel: A Complete Guide to Making the Right Publisher Say Yes,"How to Publish Your Novel is like having a friend in the business. It provides the knowledge and strategies needed to get a work of fiction into print. You'll learn how to locate a literary agent, develop an effective proposal package, and understand contracts. You'll also discover how to perfect your craft and promote your latest work. An extensive resource section guides you to valuable source books, writers' groups, websites, and more.",442
Beyond Planets (Beyond Earth #2),"As the brave warriors continue their search for the heir to the throne of Ardor, a few become infected by the darkness and they begin to battle each other. They question not only their journey, but also where each person's loyalties lie. With growing tensions and mounting questions, they have to cure the planet, crown the king and fight off the darkness before they are consumed by it.",387
Casting Crowns - Lifesong,"(Easy Piano Personality). 11 contemporary rock/worship songs from this popular band's 2005 album, following up on the incredible success of their debut release. Includes: And Now My Lifesong Sings * Does Anybody Hear Her * Father, Spirit, Jesus * In Me * Lifesong * Love Them like Jesus * Praise You in This Storm * Prodigal * Set Me Free * Stained Glass Masquerade * While You Were Sleeping.",392
Seven Lies,"Dreaming of a life of glory and freedom in America, East German youth Stefan Vogel engages in a series of increasingly dangerous adventures to attain his goal, which involves his marriage to the woman of his dreams and an escape from dark secrets hidden behind the Berlin Wall. By the author of The Horned Man. 25,000 first printing.",333
"Marvel Adventures Iron Man, Volume 3: Hero by Design","The Armored Avenger blasts through the third arc of his solo title in the critically acclaimed, best-selling Marvel Adventures line Featuring an army of gray Iron Man armor automatons; the Chameleon; the spectacular Spider-Woman; the Living Laser; Canada's greatest super heroes, Alpha Flight; Kiber the Cruel; and the return of Tony Stark's missing father Collects Marvel Adventures Iron Man #9-12.",399
"Higurashi When They Cry: Abducted by Demons Arc, Vol. 2","Up until now, Keiichi's been having the time of his life with his new friends in Hinamizawa. But when their good-natured pranks take a deadly turn, Keiichi grows more and more suspicious about their involvement with the so-called ""Oyashiro-sama's Curse."" Turning to Ooishi-san for reassurance only confirms Keiichi's worst fears as dark secrets about Rena's past are revealed. Is it just his imagination? Or do his friends really mean to kill him?",447
Vermintide,"When Erwin Rohmer is asked to investigate a set of mysterious thefts, little does he realise that he will be plunged into a nightmare world of intrigue. No one will believe his tales of malevolent, walking ratmen. Branded madman and heretic, he is forced to run for his life. His last option is to turn to the dwarfs - but will this proud, taciturn warrior-race agree to help him?",380
"Nura: Rise of the Yokai Clan, Vol. 01 (Nura: Rise of the Yokai Clan, #1)","While the day belongs to humans, the night belongs to yokai, supernatural creatures that thrive on human fear. Caught between these worlds is Rikuo Nura. He's three-quarters human, but his grandfather is none other than Nurarihyon, the supreme commander of the Nura clan, a powerful yokai consortium. So, Rikuo is an ordinary teenages three quarters of the time, until his yokai blood awakens. Then Rikuo transforms into the future leader of the Nura clan, leading a hundred demons.",482
Your Infinite Power to Be Rich,"As astonishing as it is true! No longer need you wish or dream about the things you've always wanted - and deserved in life! For as surely as a never-ending stream of air is sent for you to breathe...so may you enjoy wealth, happiness, health, love - a life full of luxuries...beautiful country homes ...travel to far off exotic places...expensive cars...rare and priceless works of art - all this and more, once you learn the secret of projecting ""mind rays.""",460
Elmer and the Hippos,"The elephants are not very happy: the hippos have come to live in their river because their own has dried up. When the elephants complain to Elmer that the river is over-crowded, Elmer sets off to see what he can do. He soon discovers that the problem can easily be solved, but only if the hippos and the elephants work together!",329
Pirate Pete's Giant Adventure,"Pete is in search of the Sea-Fairy Sapphire, which he's been instructed to return to the sea. Pete must face danger, intrigue, and a particularly unfriendly giant as he tricks and sings his way to safety. A sequel to the Pirate Pete, this book features Pirate Pete and the gang; and is intended for children.",308
"The Twelve, Volume 2","It's the return of Captain Wonder's time-lost sidekick, Tim But, while the Captain spent the intervening years locked away in cryogenic deep-freeze in a Nazi time-vault, Tim was forced to live every torturous moment of those six long decades Now he's back - with a life-changing question for his one-time mentor Plus: the birth of the most unlikely twosome on television: The Blue Blaze and Electro Collects The Twelve #7-12.",425
A Knight to Remember (Merriweather Sisters Time Travel #1),"Fall through time... Vacation to England. Check. Haunting castle ruins. Check. Proper English lord for a boyfriend. Well, almost check. Be careful what you wish for... Lucy Merriweather's supposedly perfect boyfriend attempted to murder her during a visit to Blackford Castle. Falling through time to 1300s medieval England, she lands in a tangled heap at the feet of a tarnished grumpy knight with secrets of his own and no time to spare for a crazy damsel in distress.",470
Silent Power,"Silent Power, like its bestselling predecessor Life Was Never Meant to be a Struggle, is a tiny book filled with practical advice on living more fully using your ""silent power."" Author Stuart Wilde claims that there is a silent power within you, an inner knowing that grows because you understand its infinity. Silent power teaches you hour by hour; it is with you this very minute! As you begin to trust your power, it can lead you step by step to the next person and place in your life.",488
Stranded: Stories from the Edge of Infinity...,"Stranded, in a place, in a time, in one's mind...
Stories and tales from the richly perplexing, philosophical, and downright hilarious. And some just for the fun of it. A collection of stories published around the globe, in one carry-along companion!
Many stories can be found at www.silverthought.com",301
The Divining (Sapient Salvation #3),"In the most controversial challenge ever, each Obligate will spend a night with Lord Toric. Maya must find a way to prevail in spite of her inexperience and without compromising her innocence. Meanwhile, Akantha is spreading information that's stirring up religious fury throughout Calisto. Someone will have to pay with blood, and it will take a miracle for Maya to survive. Does she have enough allies on Calisto, or will Akantha finally win?
Heat level: Mild",461
Heir of Skies,"Stella Day must save the world and fight evil. She is a Star, assigned to Earth in order to push back the aggressive Darkness that threatens to destroy the only home she's ever known. Torn between the Counterpart she is destined to be with and the human boy she's loved her entire life, she battles Fallen Angels and her heart all at the same time.",348
Riviera Cocktail,"The French Riviera of the Fifties was an exciting place with much change in the air. Rock and roll and the bikini, existentialism and the atom bomb. Edward Quinn chronicled a playground that was influenced by international trends, but very much its own universe. On the Riviera every night was a party. Also available as Collector's Edition",340
I Trust When Dark My Road: A Lutheran View of Depression,"Delving into the somewhat taboo topic of clergy and mental illness, this 100-page book published by LCMS World Relief and Human Care offers a rare glimpse into one LCMS pastor's personal journey through depression while remaining reliant upon God's grace. The book also offers suggestions to help a loved one battling depression.",329
Most Unpopular Workday of the Year,"Andy is the new nurse and has to work on Christmas Day. She's part of a skeleton crew taking care of one little boy with end-stage Muscular Dystrophy. As she reads to him, Jeff, a young intern, visits. Through their love of this little boy, Andy and Jeff discover a deep connection and love for each other.",306
The Mower,"The Mower introduces the poetry of British poet laureate Andrew Motion to American readers for the first time. This selection, chosen by Andrew Motion himself, is an outstanding representation of the poet's varied body of work--elegies, sonnets, poems of social and political observation, and unsentimental poems about childhood, post-war England, and natural life--composed over the course of three decades.",408
Reluctant Voyager,"Freya had joined this cruise to Portugal and North Africa to convalesce from a bad bout of 'flu - but it was hardly going to help the recovery process when the first man she met - the Captain himself - turned out to be Derek Leighton, whom she had put out of her life a year ago. And he soon made it clear that he wanted to stay out of her life.",345
Original Sin: Thor & Loki: The Tenth Realm,"Thanks to the events of Original Sin, the deepest secret of the Nine Realms has been revealed: namely, the existence of a Tenth Realm! Now, Thor and Loki must embark on a quest to discover this strange new world - and to discover the sister that Thor never knew he had: Angela! But can Loki be trusted? And will brother and sister murder each other before the truth comes out?
Collecting: Original Sin5.1-5.5: Thor & Loki: The Tenth Realm",438
The Gift of a Rose,"The Gift of a Rose is a romantic voyage around a love filled world. Love is the invisible thread that ties the world together. These poems follow the threads to the four corners of the world, unraveling love stories and celebrating the passion and joy of a world in love. The Gift of a Rose is a fragrant bouquet of poetry for the romantics of this world to discover and enjoy. An ideal gift for the one you love!",413
Gitanjali: Song Offerings,"""Gitanjali,"" or Song Offerings, is a collection of poems translated by the author, Rabindranath Tagore, from the original Bengali. This collection won the Nobel prize for Tagore in 1913. This volume includes the original introduction by William Butler Yeats that accompanied the 1911 English language version. ""Gitanjali"" is a collection of over 100 inspirational poems by India's greatest poet.",395
Star Sword,"Valka the Wolf Slayer tumbles into the underground kingdom of Agartha. The Master of Masters asks him to battle a black magician plotting to usurp his position. Fighting the dark forces the magician sends against him, Valka breaks his sword. He must descend still further to the underworld forge of Wayland the Great Smith. Wayland and Valka construct a new sword from the fragment of a star. Armed with the star sword, Valka faces the magician in an epic battle to the death.",476
Alaska Justice,"Trooper Jack Blake pilots Bush plans, mushes dogteams, and climbs on snowshoes to catch the bad guy. With horrible weather, blood-thirsty grizzly bears, politics and plane crashes, his job to find real justice is hard enough. The Blake learns that one particulary powerful guy is making it his job to kill him in action with the unlimited resources of his wealth and power.",373
Yo' Mama's Disfunktional!: Fighting the Culture Wars in Urban America,"In this vibrant, thought-provoking book, Kelley, ""the preeminant historian of black popular culture writing today"" (Cornel West) shows how the multicolored urban working class is the solution to the ills of American cities. He undermines widespread misunderstandings of black culture and shows how they have contributed to the failure of social policy to save our cities.",371
Skeleton for Dinner,"Big Witch and Little Witch have made stew, and now they want to have their friends for dinner! But when Skeleton mistakes the guest list for a menu, he takes off running, and soon Ghost and Ghoul join him too! But poor Little Witch has no idea there's a misunderstanding. Luckily there's one creature in the haunted forest who can help everyone figure it all out.
This spooky and silly read-aloud is just right for Halloween.",425
"Zipping, Zapping, Zooming Bats","Bats fly into the spotlight in this exploration of such basics as where the live, how mothers raise their pups, and how they hunt for food. Included as well is a simple plan for a building a backyard bat house. 1995 ""Pick of the Lists"" (ABA)
Best Children's Science Books 1995 (Science Books and Films)",302
Tengo un monstruo en el bolsillo,"Suggested age: 10 years oldHaving a live and biting monster reside in such an intimate place as one's pocket may perhaps scare some, but not Ines. Ines welcomes it in fact. Because Ines, so skinny and quiet, so hesitant, so small, has a very big wish to experience Wonderful, Terrible and Extraordinary things. A personal, secret and private monster is just what she was looking for. However, life with a monster is never easy... and Ines seems determined not to leave her side.",478
"The Fall of Interpretation,Philosophical Foundations for a Creational Hermeneutic","In this provocative book James K. A. Smith, one of the most engaging Christian scholars of our day, offers an innovative approach to hermeneutics. The second edition of Smith's well-received debut book provides updated interaction with contemporary hermeneutical discussions and responds to criticisms.",302
On Her Majesty's Secret Service,"In his Alpine base, Blofeld is developing biological weapons that will devastate Britain. Unaware of the danger, James Bond is about to marry Teresa di Vicenzo, the daughter of a Corsican Mafioso. But then he is sent to Switzerland. Bond's marriage and Blofeld's schemes disintegrate in a blizzard of gunfire and high-explosives from which neither man emerges the victor.This audiobook includes an exclusive bonus interview with David Tennant.",443
Ask Me Anything About the Presidents,Which President killed a man in a duel? Who was arrested while holding office? What did Lincoln dream the night before his assassination. A fun and fascinating guide to the U.S. Presidents from Washington to Clinton-with a portrait of each one and a description of each man's life and accomplishments.,301
"Inuyasha, Volume 02","In both the past and the present, Kagome and Inuyasha face new enemies while on their search for the shards of the Shikon Jewel. As they grow closer, Kagome learns that Inuyasha harbors a carefully guarded secret that makes him vulnerable with the rising of the new moon. Then an evil ogress plans to resurrect Kikyo. If Kikyo returns, will she seek vengeance against Inuyasha? And will Inuyasha be forced to choose between Kikyo and Kagome?",441
"Winter Jacket (Winter Jacket, #1)","It all started with a broken classroom heater...
Graduate school prepares you for many things - the rigor of academic life, how to pull consecutive all-nighters, and living off a meager stipend without having to be roommates with cockroaches.
Elle Graft might have made it through six years of graduate school, but she's not convinced she'll survive her first position as an Assistant Professor.
Because for all she learned, graduate school never prepared her for dealing with a student crush.",493
Gary Gianni's Monstermen and Other Scary Stories,"In a world plagued by zombie cowboys, squid pirates, abominable snowmen, mustachioed skulls, movie phantoms, and fat, flying demons, only millionaire film director Lawrence St. George and his associate, Benedict of the venerable guild of Corpus Monstrum, have the capabilities and the wit to bring these horrors down",316
Essential Blake,"From the introduction by Stanley Kunitz:
Blake speaks more directly to us, anticipating the issues, conflicts, and anxieties of the modern world, than any of his contemporaries. It could be argued that he dared, in fact, to be the first modern poet. . . .
Above all, Blake teaches us that the imagination is a portion of the divine principle, that ""Energy is Eternal Delight,"" and that ""everything that lives is Holy."" Human liberty and imagination have never been better served.",479
"The Lumberjacks' Ball (Christy Lumber Camp, #2)","A decade after surviving a brutal attack, a mercantile owner's daughter begins her life anew in Michigan's Upper Peninsula. A gifted craftsman wishes to leave the lumber camp and seeks employment at her new store. When his presence dredges up memories she wishes to suppress, the proprietress must learn to face her past and open her heart. When complications arise, will they overcome adversity in time for The Lumberjack's Ball?",430
Chronospace,"When two 24th century chrononauts from the timeship Oberon travel back to May 6th, 1937, to investigate the destruction of the Hindenburg over Lakehurst, New Jersey, the disaster is somehow averted and the airship lands safely. Now, lost in a parallel universe, their mistake will be felt by every single human being.",317
Death Scene (Henry Johnstone Mystery #2),"1928. Cissie Rowe had died many times on screen but this time it's for real. DCI Henry Johnstone and DS Mickey Hitchens investigate. Shoreham is home to a film studio and thriving theatrical community, but who wanted Cissie dead? The two London detectives discover that no one is what they seem as the make-believe continues both on and offstage.",346
Somewhere!,"I lived a normal life, just like yours. My dreams remained far from reach, never materializing. And then, suddenly, I found myself Somewhere.
I was bound and totally immersed into the depths of my dreams. I lived in them and all of their details... one after another. All of this could not just be a dream or a hallucination... I had never felt awake as I did Somewhere.
Only one last dream remained and it was to return to my humble life and to return to... Somewhere.",469
"The Witness / The Assassin / The Murderers (Badge Of Honor, #4, #5, #6)","Millions of readers have been swept away by W.E.B. Griffin's remarkable military novels in his Brotherhood of War and Corps series. Millions more have read the first six novels of his equally dramatic bestselling saga of the Philadelphia police force, Badge of Honor.And now, complete and unabridged, here are three of the most exciting novels of that saga, the first two never before in hardcover.",398
"Wizard (Gaea, #2)","One of the greatest science fiction epics ever written, John Varley's Titan, Wizard, and Demon comprise a groundbreaking trilogy that will live forever. Human explorers have entered the sprawling mind of Gaea. Now they must fight her will. For she is much too powerful...and definitely insane.""These books are going to be around for a long time."" --Locus",354
A Taste of Midnight,"Stephen Lewis's days are as predictable and boring as the tax law he practices. That is until he meets Xavier Dumont, a mysterious and dead sexy younger man. After having his heart broken by his long-time lover, Stephen is going through the motions and burying himself in his work instead of following his dreams. But if Xavier has his way, Stephen will seize the day--and the night.",383
It's a Joke,"First Published in Great Britain as four separate titles by Carousel Books.
1000 Jokes: The Greatest Book of Jokes Ever Known
1000 Laughs: The Silliest Book of Laughs Ever Known
1000 Riddles: The Greatest Book of Riddles Ever Known
1000 Twisters: The Greatest Book of Tongue-Twisters Ever Known
The Omnibus edition first published in Great Britain in 1989 by
Treasure Press
Michelin House
81 Fulham Road
London SW3 6RB
ISBN 1 85051 479 8
Printed in Czechoslovakia",463
"Peter and the Starcatchers (Peter and the Starcatchers, #1)","When Peter Pan, along with his fellow orphans, boards the Never Land, it is only the start of his adventures. Befriending Molly, he discovers a treasure chest of starstuff - the most magical substance ever known to man. Peter and Molly must stop it falling into the hands of a dastardly pirate and his murderous crew.",317
Geraldine and Mrs. Duffy,"Geraldine and Willy do not want Mrs. Duffy to baby-sit for them. So when she arrives, they arrange a surprise or her. Almost anyone would find the sight of a large iguana in the bathtub unnerving.
But Mrs. Duffy surprises them. And at the end of the evening the two troublemakers surprise themselves by hoping Mrs. Duffy will come and baby-sit again soon!",355
Six Yards of Silk,"Though set in New Zealand, this tantalising novel is redolent with memories of India. It gently weaves through times and countries, criss-crossing tastes, colours and sensations - reflecting on what we take with us and what we imagine we is left behind. Sharmila, immobilised by the mysterious disappearance of her brother, finally seeks to gather the strands of her life and try to escape the past.",399
People I've Never Met & Conversations I've Never Had,"Collages of vintage magazine cuttings and found materials create surreal, humorous imagery that evokes nostalgia for the golden years of printed ephemera. Portraits of fictitious characters and graphical records of bizarre conversations that have never happened fill this colorful book. Nick White skillfully creates playful anecdotes in his unique style.",355
"Adolf Hitler: My Part in His Downfall (War Memoirs, #1)","'At Victoria station the R.T.O. gave me a travel warrant, a white feather and a picture of Hitler marked 'This is your enemy'. I searched every compartment, but he wasn't on the train'. Spike Milligan's on the march, blitzing friend and foe alike with his uproarious recollections of army life from enlistment to the landing at Algiers in 1943. Bathos, pathos and gales of drunken laughter, and insane military goonery explode in superlative Milliganese.",454
"A Diet of Austerity: Class, Food and Climate Change","Received wisdom is increasingly that we all have to eat less to save the planet, but received wisdom is wrong. A Diet of Austerity argues that, just as the poor are blamed for the economic crisis, Malthusian conceptions about food and ecology are being used to hold the working class responsible for climate change and global hunger. Challenging existing dogmas about overconsumption and personal responsibility, it shows that what we need to stop climate change is system change.",480
"Daredevil, Volume 18: Cruel & Unusual","Matt Murdock takes a new case! Still reeling from the conclusion of his battle with Mr. Fear, an old friend drags Matt Murdock back into the light of day by bringing him the last-minute appeal of a Marvel villain now sitting on death row. What will Matt do when confronted with a bad guy who is completely innocent of the crime of which he was convicted?
Collecting: Daredevil106-110",383
The Black Angel: A Novel,"In this classic crime novel, a panic-stricken young wife races against time to prove that her convicted husband did not murder his mistress. Writing in first person from the wife's viewpoint, Woolrich evokes her love and anguish and, finally, desperation as she becomes an avenging angel in her attempt to rescue her husband from execution.",340
Mr. Merlin and the Turtle,"In this interactive and absorbing fold-out book, Mr. Merlin turns his pet turtle into a monkey . . . and a camel . . . and an elephant--but first he needs help! Young readers can be magicians, too, by turning the fold-out pages to reveal the wonderful tricks and transformations of Mr. Merlin's turtle. Full color.",314
The Anthropology of Globalization: A Reader,"The Anthropology of Globalizationfocuses simultaneously on the large-scale processes through which various cultures are becoming increasingly interconnected, and on the ways that people around the world - from Africa and Asia to the Caribbean and North America - mediate these processes in culturally specific ways.",315
Bush Games and Knucklebones,"This book is a playful yet powerful journey into the imaginative world of the children of the stolen generation and the games they invented to buffer the realities of institutional life. A very special collaboration between Doris Kartinyeri and June McInerney, who both spent time at Colebrook Children's Home in South Australia in the 1950s, this is a picture book that will appeal to all ages.",395
One Bad Apple 2,"Zeke and Piper are at it again but this time another woman wants a piece of the big man on campus. A woman that will do just about anything to have him. Will Zeke and Piper stand strong or will temptation get the best of them? Add a baby mama, an ex, a dope boy and a bad ass stripper to the mix and things start to really heat up. College is where you will learn some of your most valuable lessons but in Piper and B's case, some lessons will end in the worst way.",465
Backspring,"Eduardo, an architect from Lisbon, has come to Montreal to be with his wife Genevieve. Genevieve researches fungi and likes to catalog her orgasms. But when Eduardo is caught in an explosion and rumors of arson begin to circulate, both his marriage and his fledgling architecture firm verge on collapse. Gorgeous, colorful, and richly described, Backspringis a sensual taxonomy of desire.",388
The Essential Dracula,"Here is the complete original text of Bram Stoker's classic 1897 novel, fully annotated with thousands of fascinating facts. Includes: background on Stoker's classic, and the literary history of the vampire novel; commentary by leading contemporary writers; a selected filmography of major vampire films; and dozens of illustrations.",333
Sensual Scenarios Erotic Kindle Shorts,"These three short erotic stories were written to fire the imaginations, and the loins of readers, and inspire them to turn their love lives into something wonderful, lusty and fun! In the first short story, an invitation turns naughty in the story 'Hide and Seek'!
In the second story, 'Dirty Dancer', the art of pole dancing has never been so fulfilling. And, in 'Tight Squeeze', the final short story, a shopping trip turns out to be an adventure!",449
Busy Buddies: Silly Stuff That Goes Together,"In this funny, lighthearted board book, little readers will love seeing familiar object duos spring to life - and guessing what the final pairings will be.
What would shoes do without socks? With cheerful quirkiness, Cece Bell illustrates the bonds that exist between special friends. In BUSY BUDDIES, Brush finds Pencil and Paper, Fork and Knife, and lots of other busy buddies playing in the park. But where is Brush's favorite buddy?",436
"Into the Hills, the Garden","A dark gift allows Paul Sizemore to see things he shouldn't. He knows every secret in every heart in the eastern Kentucky holler he was raised in. His family's Pentecostal faith marks him as something evil--can he overcome a witch's destiny to do right by the sister he adores, or will the darkness within him destroy everything he knows and loves?",348
Not Inside This House!,"Meet Livingstone Columbus Magellan Crouse, a curious boy who loves to explore!
You'd expect a boy with a name like Livingstone Columbus Magellan Crouse to explore. But Livingstone Columbus Magellan Crouse doesn't stop there. He comes home with specimens from his travels! First a bug, and then a moose-what will Livingstone Columbus Magellan Crouse show up with next? Curious readers are in for a fun adventure.
""Livingstone Columbus Magellan Crouse,
why is that hog inside this house?""",486
Dying Day. Robert Ryan,"Determined to avenge the killing of her sister Diana, Special Operations Executive spy Laura McGill travels to Berlin to confront James Hadley Webb. But someone is killing Webb's agents, and Laura is about to get caught up in the crossfire of a bloody turf war fought between the East and the West for control of the city.",322
The Darkness Inside,"Sergeant Calloway deals with evil on a daily basis and knows the depths of human depravity. Or so he thinks. That is before he receives the 911 call and meets Page and Ross, two innocent children caught up in a world of horror. Is evil contagious? Calloway will have the chance to find out as he stares into the abyss and faces the darkness inside.",348
Superman Science: The Real-World Science Behind Superman's Powers,"Superman is the World's Greatest Hero! With super-strength, lightning speed, laser vision, and the ability to fly, he keeps Earth safe. But what is the science behind strength, speed, sight, and flight? And does anything or anyone in our world have similar abilities to Superman? Superman Science explores how real-life science and engineering relates to the Man of Steel's famous powers--and the real-world connections may surprise you.",437
The Innocent (Jack Marconi #1),"Getting caught is simply not an option. It's been a year since Jack Marconi's wife was killed. Ever since, he's been slipping up at his job as warden at an upstate New York prison. It makes him the perfect patsy when a cop-killer breaks out--with the help of someone on the inside. Throwing himself into the hunt for the fleeing con, Jack doesn't see what's coming.",365
The Short & Sincere Life of Ellory James,"Seventeen-year-old Ellory James has six months to live. To appease her mother, Ellory reluctantly agrees to create a bucket list. She recruits her neighbor, Pete, to help her make it appear as though she's carrying out ten life-dreams. Ellory is a bucket list faker--until she surprises herself by completing one item on her list and perhaps it's the most important one of all.
What if life, however long we have left, isn't so much about the things we do as why we do them--and who we do them with?",499
Gauntlet of Time,"Xalo believes that he and his best friend, Jirnik, are destined to spend the rest of their days barely eking out a living as poor scavengers--until a lost princess reveals his destiny as a Wielder.
Wielding his newly bonded magical gauntlet, Xalo and Jirnik are soon pulled into a perilous quest to reunite the lost princess with her family, all while being chased by the corrupted emperor and his minions...",408
Squirrel and the Moon,"In an exploration of the cycles of the moon and the cycles of growth in the natural world, Schmid presents a story about a squirrel name Tifi who is dazzled by the beauty of the full moon. When it wanes, she is sure it must be hungry so she buries her secret store of hazelnuts for the moon to help make grow. Though Tifi goes hungry herself, her devoted sacrifice will be greatly rewarded. Full color.",402
"Christmas Getaway (The Panthera Agency, #0.5)","In the introduction book to Panthera Agency: The brothers look for their sister, who is missing and along the way, one brother finds his mate. However, the mate comes with a family problem. The brothers step up the pace in their efforts to work everything out before Christmas so they can celebrate with their family.",317
999 Reasons to Laugh at Infertility,"If you relaxed and it didn't happen, this is the book for you! Based on the popular blog, 999 Reasons to Laugh at Infertility, this book explores the humorous side to making a baby. From early morning fertility appointments to getting mad at your husband because he took a business trip when you were ovulating, this inspirational book is a reminder to laugh through life's challenges and to keep believing when your uterus says ""I've had enough.""",447
The Squaw,"""The Squaw"" was first published in book form in 1914 in Stoker's third collection of short stories Dracula's Guest And Other Weird Stories. In 1973 it appeared in The Bram Stoker Bedside Companion edited by Charles Osborne, in 1990 it appeared in Midnight Tales edited by Peter Haining and in 1997 it appeared in Best Ghost and Horror Stories edited by Richard Dalby, Stefan Dziemianowicz and S. T. Joshi.",405
Igniting the Passion for Life,"One of Hall's Christian Maturity Series self-published by his ministry.
Blurb reads, ""Life on the highest plane requires an energy which is only released when love is ignited. Passionless living will never produce holiness or liberty. However, life with passion will bring a fullness which liberates and satisfies.""",315
Maid-sama! Vol. 04 (Maid-sama! #4),"The rogue hypnotist strikes again! Post-hypnosis, if Misaki sleeps, she will wake up hating Usui! Well, hating him more than usual... Usui fights to keep Misaki's rage at bay by keeping her awake as long as possible. Later, Misaki and Cafe Maid Latte take a trip to the beach. Even with Aoi along for the ride, it's all fun in the sun -- with a bit of danger and romance thrown into the mix!",391
The Morville Hours,"The book takes the reader on a journey through time, from 1988 when the author arrived to make a new garden of her own, back to the forces which shaped the garden, linking the stories of those who lived in the same Shropshire house and tended the same red Shropshire soil with the stories of those who live and work there today.",328
Tacky Goblin,"An aimless twenty-something struggles to make sense of reality after he moves to Los Angeles to live with his older sister. His legs are rotting, his apartment is haunted, and he's in charge of taking care of a human baby that might actually be a dog. On top of it all, he has trouble making friends. Tacky Goblin blunders through particularly strange but familiar misadventures to remind us that, ultimately, learning to take care of yourself is hard.",452
Who Was William Shakespeare?,"The beloved plays of Shakespeare are still produced everywhere, yet the life of the world's most famous playwright remains largely a mystery.
Young Will left the town of Stratford to pursue theater in London, where his work eventually thrived and made him a famous and wealthy man.
With black-and-white illustrations that include a diagram of the famous Globe theater, Celeste Davidson Mannis puts together the pieces of Shakespeare's life and work for young readers.",467
Guri and Gura,"Guri and Gura CD Edition is the first in a series of eight animal story books about two adorable field mice and their adventures. In this story, the friends find a giant egg on their walk in the forest, which they use to bake a giant sponge cake. Smelling the cake, the animals gather around to share the freshly baked, fluffy treat. A story of resourcefulness, friendship, and sharing this fully illustrated CD edition of a favorite classic is sure to capture the imagination of young children.",495
Battles Of Smolensk & Roslavl 1941 (Warrior Series 6536),"6536: Battles of Smolensk & Roslavl 1941 This volume by Hans Seidler is brimming with black and white photographs showing soldiers from Heeresgruppe Mitte. The focus is on the Battles of Smolensk and Roslavl, conflicts that readers may not be terribly familiar with. These twin battles were among the most decisive and swiftest of all German successes on the Eastern Front. Full description",390
The Saturated Self: Dilemmas Of Identity In Contemporary Life,"Today's ever-expanding communications technologies force us to relate to more people and institutions than ever before, challenging the way we view ourselves and our relationships. This powerful and provocative book draws from a wide range of disciplines--from anthropology to psychoanalysis, from film and fiction to literary theory--to explore these profound changes in our understanding of self-identity and their implications for cultural and intellectual life.",465
The Sign in Mendel's Window,"Mendel's sign has the whole town asking questions! Times are tough, so Mendel must rent out half his butcher shop. When a stranger arrives needing a room, he seems the answer to Mendel's prayers. But someone in the village is a thief, and only Mendel's wife can tell who the villain might be. Margot Zemach's illustrations brim over with keen humor and storytelling in this classic tale of life in a small European village.",423
Kids Sure Rite Funny,"This book is dedicated to the School Kids of America. In their running leaps at the high jump bar of knowledge, they sometimes come a cropper- and some of their best ""croppers"" are included in this book-but thank goodness they always dust themselves off, set the bar a notch higher, and try, try again....Art Linkletter",319
DK Baby Fun: Humpty Dumpty,"A favorite nursery rhyme brought up to date with stylish photography - the perfect way to have fun with your baby.
Baby Funbooks combine rhyming verses and simple pictures to entertain the newest minds. Familiar text and bright, fresh designs spark baby's intellectual development and make reading time an important bonding opportunity.",336
"I Can Cook ""Light Lunches""","A beginners cook book I Can Cook ""Light Lunches"" ideal for your children who will instantly learn to make these simple light luncheon recipes with adult guidance and supervision. In NO time your children will be making these delicious fun Light Lunches and more just like my grand daughter ""Imsi"" did. Enjoy your time cooking with kids.",336
365 Reasons Why I'm Still Single,"The winning duo behind How to Lose a Guy in 10 Days and its wildly popular film adaptation are branching out with their latest project, a book of justifications for singledom. This book provides laughter in any awkward situation for those who haven't quite met ""the one."" Rather than skipping out on those uncomfortable Thanksgiving dinners or New Year's Eve couples' parties, sum up your status with a single line: ""Single is the new married!""",444
El Dios En Quien No Creo/ the God I Do Not Believe in,"This is the twenty-fourth edition of a book which has become a classic in Ediciones Sigueme. It includes several reflections on God. In light of the Gospel, the author offers brief comments on key religious issues: faith, authority, justice, freedom, love, fidelity, obedience, friendship, prayer, hope...",305
I Accuse: Jimmy Carter and the Rise of Militant Islam,"Philip Pilevsky argues that President Jimmy Carter's failure to support the Shah of Iran led to the 1979 revolution that legitimized and provided a base of operations for militant Islamists across the Middle East. Since the Khomeini revolution, radical Islamists have grown bolder in attacking the West and more sophisticated in their tactics. This historical progression can be traced to Carter's unwillingness to head off Iran's Islamic threat in its nascent stages.",468
48 Shades of Brown,"Australian teenager Dan Bancroft had a choice to make: go to Geneva with his parents for a year, or move into a house with his bass-playing aunt Jacq and her friend Naomi. He chose Jacq's place, and his life will never be the same. This action-packed and laugh-out-loud-funny novel navigates Dan's chaotic world of calculus, roommates, birds, and love.",352
The Family of Woman,"""The Family of Woman"" comes from thousands of extraordinary photographs by 180 of the world's photographers. It shows the unique yet universal experiences of contemporary women in dozens of countries around the globe in their progress from infancy to old age. It has been created to join ""The Family of Man"" and ""The Family of Children"".",337
A Heart So True: A Southern Love Story (Among the Fair Magnolias),"A Pawley's Island celebration turns heavy as Abigail makes the choice of a lifetime.
Abigail knows all too well what is expected of her: to marry her distant cousin Charles and take her place in society. But her heart belongs to another. A terrible incident forces Abby to choose between love and duty.",302
Readings in Philosophy of Religion: Ancient to Contemporary,"Comprised of readings from ancient to modern times, this volume offers a comprehensive introduction to the central questions of the philosophy of religion.
Provides a history of the philosophy of religion, from antiquity up to the twentieth century Each section is preceded by extensive commentary written by the editors, followed by readings that are arranged chronologically Designed to be accessible to both undergraduate and graduate students",446
Against the Rules,"When Cathryn Ashe was seventeen, she ran away to the anonymity of the city after a romantic encounter with Rule Jackson, the manager of her father's ranch. Now, eight years later, her father has passed away, leaving her the ranch, and Cathryn returns to claim what's hers...and to challenge Rule like never before.",314
Red Wolf (2015-) #1,"Frontier boomtown Timely has more than its share of scoundrels: it takes a hero to keep them in line. Red Wolf- the Cheyenne who crossed the desert and stood up to Mayor Wilson Fisk in Secret Wars' 1872- is the only man who can fill fallen Sheriff Steve Rogers' boots. As an outsider and an honest man, Red is going to need all his wits, and both his fists, to serve and protect. The tale of how Red Wolf wins the West starts in 1872, and will take him farther than he could ever imagine!",488
Hiking to Siberia: Curious Tales of Travel and Travelers,"Literary Nonfiction. Travel Writing. In HIKING IN SIBERIA, Lawrence Millman follows the trail of a woman who once tried to walk (and row) from New York City to Siberia. He also gets a ride from an apparent ghost in Iceland and attends a feast in Micronesia where the piece de resistance is fruit bat penis. This stylish, often very funny collection of essays affirms Millman's place among the very best living travel writers.",425
God Created the Dinosaurs of the World,"A combination coloring and sticker book, God Created the Dinosaurs of Worldalso contain information that will help children understand the chronology of creation, and the reasons we are to care for what He has entrusted us with. The center of this book contains 32 full-color stickers that match the drawings. Children can place the sticker with the drawing, giving young artists a color guide. For ages 4 and up.",413
"Jughead, Vol. 1","Collects issues #1-6.
In the grand tradition of comic book reboots like ARCHIE VOL. 1, Archie Comics proudly presents... JUGHEAD VOL. 1 -- from the comics dream team of Chip Zdarsky and Erica Henderson! Riverdale High provides a quality education and quality hot lunches, but when one of those is tampered with, Jughead Jones swears vengeance! Well, I mean, he doesn't ""swear."" This is still Archie Comics after all.",416
Final Destination,"The Black Flame novelization of the first Final Destination movie to accompany the newest in the series. A gang of young students headed for France somehow escape certain death when one of their number has an eerie premonition. But Death is not denied so easily, and the hunt begins as he sets out to collect their souls.",321
The Best Canadian Essays 2016,"Featuring trusted series editor Christopher Doda and acclaimed guest editor Joseph Kertes, this eighth installment of Canada's annual volume of essays showcases diverse nonfiction writing from across the country. Culled from leading Canadian magazines and journals, The Best Canadian Essays 2016 contains award-winning and award-nominated nonfiction articles that are topical and engaging and have their finger on the pulse of our contemporary psyches.",452
Star Wars: Riptide,"In the process of vanquishing a shipload of Sith from the distant past, Jedi Knight Jaden Korr uncovered the frozen results of a horrific cloning experiment: insane Jedi-Sith clones. Only some of those clones thawed...and now they're loose in a galaxy that has enough to deal with under the tightening grip of the evil Darth Caedus. Jaden Korr will have to hunt them down, and if he can't save them, he will have to destroy them!",429
The Prayer for Eternal Life,"This prayer is dedicated to anyone without Christ, without hope, without eternal life. Jesus Christ had you personally in mind when He went to the cross. Every sin that you have ever committed--past, present or future--was imputed to Him and judged so that at this moment you can have eternal life.
This title is also available:
In Spanish",339
"Shifting Fate (The Chronicles of Fate, Book 1)","Times in the mystic realm of Lizon are changing. The Great War remains a distant past for many, but for others, the bleak past is all too clear. When the royal family of Alii is targeted, the kingdom's only Princess begins a quest to set things right. In a world completely controlled by fate, Brynn of Alii must fight against the Shifters, bent on altering the predestined future, to save the world she knows and secure destiny.",429
Fools Die,"""A page-flipping tale of power, brutality and glamour (Library Journal) from the bestselling author of The Godfather.
Played out in the underground worlds of high-stakes gambling, publishing, and the film industry, this epic thriller follows two brothers, Merlyn and Arite, as they delve into the dangerous underbelly of American life. From Las Vegas to New York to Hollywood, there is one thing that remains constant: organized crime and the law are simply two sides of the same coin...",487
Quarter-Life Philosophies: On Dreams that Leave Quietly,"Quarter-Life Philosophies: On Dreams that Leave Quietly is a collection of guiding ideas for your years in bloom.
It is for growing, contributing and searching for all the light in between. It is for climbing out of the cave and into your own self.
Weaving personal philosophies into prose and poetry, Quarter-Life Philosophies explores our deepest fragilities as young people navigating this surreal world--like tangled identity, sadness without sense and a thing we call love.",478
Baize-Covered Table with Decanter,"The hero of Baize-Covered Table undergoes a searching bureaucratic investigation, that staple of the old Soviet and even older Russian police state. With the naked intensity of personal nightmare, the hero visits and returns to the stark scene of his inquisition: the bare room, the table, the ever-present decanter, and behind the table those recurring phantoms, 'The Party Man,' 'The Young Wolf,' 'The Almost Pretty Woman,' 'The One Who Asks the Questions.'.",460
Catfish Kate and the Sweet Swamp Band,"Catfish Kate and her all-girl band liven up the bayou with their rockin' tunes, but the Skunktail Boys are demanding a little peace and quiet. The boys want to read. The girls want to play. And the swamp's not big enough for the both of them! Or is it? A rhythmic read-aloud about the power of compromise from bestselling author Sarah Weeks. Catfish Kate is a pure swampy delight, full of sass appeal for crooners, rockers, and readers alike.",442
Otherwise Known as Sheila the Great,"Sheila Tubman sometimes wonders who she really is-the outgoing, witty, andcapable Sheila the Great or the secret Sheila, who's afraid of the dark, spiders, swimming, and dogs. When her family spends the summer in Tarrytown, Sheila has to face some of her worst fears. Not only does a dogcome with the rented house, but her parents expect Sheila to take swimming lessons!",370
Gentlemen's Agreement,Chad Henderson and Jon Lasiter were best friends and business partners. Their taste in women always caused a problem. They always went after the same woman. Cleo Davenport was older and sophisticated with a bevy of men at her fingertips. She was a high priced Madame. Chad rejected the lifestyle and Jon embraced it. Both wanted the beautiful older woman in their bed. Could they reach an agreement that would suit all their needs?,431
Jody's Beans,"When Jody's grandfather comes to visit, he brings along a packet of seeds for them to plant. Through spring, summer, and fall, Jody watches her plants sprout, flower, and grow lots of beans. Soon, as Jody's parents await a new baby, Granda and Jody are picking the beans - and waiting for next spring.
From the Trade Paperback edition.",335
"Dissociative Identity Disorder: Diagnosis, Clinical Features, and Treatment of Multiple Personality","The book thoroughly examines the complex and disturbing disorder popularly known as Multiple Personality Disorder, renamed Dissociative Identity Disorder in the new DSV-IV. It covers the diagnosis and treatment of this disorder and presents significant new research findings. Features new clinical data from the American Psychiatric Association.",345
Ten North Frederick,"To all outward appearances Joseph Chapin lives an exemplary life. As husband, father and successful lawyer, his life was an American success story. But that was only the surface. Underneath, unprotected by old money and social standing lay sexual secrets that, even in death, could tear apart a family, and a town.",314
Bylines and Bracelets,"Fandoms: DCUWonder Woman (Comics)Wonder Woman - All Media Types
Relationship: Diana (Wonder Woman)/Lois Lane
Lois Lane never believed in love at first sight but that was before Metropolis gained a Wonder Woman.
Notes:
This is a very alternate universe story that starts with the proposal of what if Lois Lane was a lesbian and what if Wonder Woman was Metropolis' chosen hero. It goes on from there. I hope you find my weird idea enjoyable
Words: 24,812",453
Red Truck,"The perfect board book for toddlers who love trucks!
Can Red Truck make it up the hill?
Red Truck can! Red Truck will!
ZOOOOM!
This simply told read-aloud tells the story of Red Truck saving a school bus from a mud puddle. Toddlers fascinated by vehicles will love following the candy-colored illustrations, mimicking Red Truck's sounds (""ZOOOOM!"" ""VROOOOOM!""), and hearing this favorite book read to them over and over again.",426
"Away At War (Perfect Soldier, #4)","When Colt leaves for active duty, curvy Cat is feeling more alone than ever, worried about her soldier's safe return.
She finds solace in the letters they write each other, but trouble arises when Colt is shot in an attack by insurgents.
Will their love be able to stand the ultimate test?
Perfect Soldier: Away At War is Part 4 of the Perfect Soldier Series, but can be read as a standalone story.",398
"Testing Women, Testing the Fetus: The Social Impact of Amniocentesis in America","Rayna Rapp, one of the leading feminist anthropologists in the United States, explores the complex and contradictory nature of prenatal diagnosis and its social impact and cultural meaning, through the narratives of the people who have experienced it. Rich with the voices and stories of participants, these firsthand accounts examine how women of diverse racial, ethnic, class and religious backgrounds perceive prenatal testing.",430
Linus to the Rescue,"This is the third book in Petra Lloyd's Blue Books series. Her first two books, ""Blue"" and ""Linus"" tell the story of two dogs, one that is offered as a 'Free to Good Home' dog and her pup. In book three, ""Linus to the Rescue,"" Blue's pup is growing up and proves to have a talent for search and rescue work but all does not run smoothly for poor Linus.",352
The Episode at Toledo,"Readers of The Portuguese Escape will remember Hetta Paloczy, the young Hungarian girl who eventually marries Richard Atherley of the British Diplomatic Service. The Episode at Toledo takes us to Spain, not only to the world of Embassies, Military Intelligence, and Cold War intrigue, but into a little-known area of Spanish life. Here Hetta accidentally uncovers a Communist plot to assassinate an American Admiral during his visit to inspect a NATO base.",456
"Bee and Puppycat, Vol. 2","Bee just wants to enjoy the good things in life like delicious food and the sweet entertainment of television, too bad money gets in the way. Join Bee and PuppyCat as they take up magical temp jobs, lose library books, and learn the importance of cleaning up after themselves in this cute collection of stories.",311
Mob Rule,"Hannah Evans has three small boys. In her world, farting is so much more interesting than phonics, dam-building trumps damsels in distress any day and, astonishingly, she now instinctively knows the difference between a Frontloader and a JCB. It's a world of mud - and just occasionally blood - sweat and tears. It is also a world of indescribable joy. 'MOB Rule' is the funny, honest and eye-opening account of Hannah's experiences.",433
Reflections on a Leaf Floating: A Collection of Poetry and Reflections,Reflections on a Leaf Floating is a collection of poetry and reflections that may be enjoyed by readers of all ages. The poems and reflections are intended to remind the reader of the beauty and wonder we are all surrounded with every day and to provide a moment of peaceful reflection and contemplation of their own sacred and unique spiritual journey.,353
An American Year,"From the dust jacket:
""An American Year"" is the reflective journal of a man who is concerned chiefly with the slow rhythms and quiet, ordered ways of nature in the American countryside -- stars in their places, the turning seasons, blossom before fruit, and after planting, harvest. In times of stress and upheaval, of confusion and questioning, of far-reaching decisions and dubious certainties, it returns to those things which endure and pass beyond change and stress and disagreement.",488
The Bird Woman,"Ellen McKinnon, red-haired, clairvoyant, finds her marriage, her health, her sanity threatened when she 'sees' the death of a man in a bomb attack before it has really occurred. Terrified by what's happening to her, she leaves her home, her husband, to live with a man she barely knows in Southern Ireland.",306
Favorite Parables from the Bible: Stories Jesus Told,"Jesus was a wonderful storyteller.
His stories helped people see new things and to understand God's love in new ways. Superbly retold and delightfully illustrated by Nick Butterworth and Nick Inkpen, this collection of eight Biblical parables invites young children to experience the simplicity, humor, and inspiration of Jesus' artful storytelling.
Featuring:
The Lost Sheep
The Precious Pearl
The House on the Rock
The Two Sons
The Rich Farmer
The Little Gate
The Good Stranger
Ten Silver Coins",496
How to Look After Your Kitten,"How do you choose a kitten? What sort of basket should you get it? What food will it like, and how much? How do you train it and keep it happy? What should you do if your cat looks ill?
Find answers to all your questions in this guide to cat care written specially for young pet owners. With illustrations that are simple and fresh, cute and funny accompanied by informative texs from well-known animal writer, Helen Piers, this book has everything you need to join the Pet Cadet Club.",485
Let There Be Peace: Prayers from Around the World,"The world's need for peace is more urgent than ever before. In this book, Jeremy Brooks gathers together prayers from Bosnia to Northern Ireland, from China to World War II Germany. They range from Taoist and Hindu lines to a prayer by St. Francis of Assisi, and from words by Archbishop Desmond Tutu to a daily prayer said by Muslims everywhere. With beautiful illustrations that depict varied lands and cultures, this thought-provoking collection makes a perfect prayer book for any child.",491
Mel Blanc: The Man of a Thousand Voices,"Mel Blanc needs no introduction to cartoon and radio fans. He was The Master of the funny voice. For the first time ever, here is the ultimate biography, encompassing Noel Blanc's unpublished biography, with an introduction by Bugs Bunny, plus a complete (and Huge) credit list and discography. Over 700 pages. Indexed.",319
Ximena,"This story is no longer available as a standalone title.
It can be found in the short story collection ""Juarez Square and Other Stories""
When free-spirited Ximena starts a robot sex business in her home town of Madrid, her image-conscious husband threatens to leave her. But Ximena's not the kind of woman who'll give up without a fight. She wants it all: the man she adores and the new career she loves. And she won't stop until she gets it.",442
"Break and Enter (Chloe & Levesque, #5)","First it's cheating on a test, then breaking into her teacher's car... Somebody is trying to set Chloe up, but who'd want to get her into trouble? As she tries to figure out who's framing her, Chloe hears about a series of break and enters...and ultimately stumbles upon a dead body and a big mystery.",301
Animal Tracks of Washington and Oregon,"Concise descriptions of the animals and their tracks are combined with detailed drawings of the front and back prints, stride patterns and other important identifying aspects. Each animal is captured in accurate black-and-white illustrations, including pattern and print comparisons. A perfect guide for teachers, parents, hikers and urban adventurers.",352
"New Generation (The Deadliners, #2)","An alternate cover edition exists .
They're Deadliners, they're spirits and they're learning to play fate with human lives.
The old group has gone and the new deadliners have arrived.
Amy is a detector. Jen is trying to bring the group together to help Amy detect the negative spirits and move them to a safe place. The negative spirits are stronger than they expected and the group faces their toughest lesson since dying: Working together.",442
Boys Who Love Men,"Boys Who Love Men offers three erotic tales, each about a young man overcoming his fears while seeking what he needs most in his life: love from an older man. Meet Jeff, a country boy yearning to escape his small town world. Get to know Sebastian, a Berlin rent boy whose brother bullies him. Learn of Nick, a disowned youth who burglarizes homes to pay his bills. And meet the men they fall in love with.",405
"The First Law Trilogy Boxed Set: The Blade Itself, Before They Are Hanged, Last Argument of Kings","THE FIRST LAW trilogy is a fantasy masterpiece, now available in a single digital edition. It's a perfect gift for fans of A GAME OF THRONES and a great way for new readers to discover one of the most highly acclaimed fantasy trilogies of the past decade. This ebook contains three novels: THE BLADE ITSELF, BEFORE THEY ARE HANGED and LAST ARGUMENT OF KINGS.",358
Reiki Stories: My Hot Hands,"What's Reiki? What about the changes and shifts in our world? In this poppin' party of a book, Meredith Kendall explores the practice and philosophy of this popular modern modality.Author Mark LaFlamme says, ""Maybe only a nurse can take you from hilarity to horror to humility... I read her stuff and find myself smiling, wincing, laughing aloud, and then clearing my throat because there seems to be something caught in it.""",425
The Old Joke,"Mim Lyons is a retired film actress, occasionally still recognised from her last great starring role in the late 1960s. But when her agent calls out of the blue with a job offer, her husband begins to have his own dreams and schemes about the possibility of a comeback, in a part that unsettles Mim's perception of how her husband sees her.",340
The Last Thing Standing,"In The Last Thing Standing, Shin pulls away floors and ceilings in a thoughtful meditation on the concept of home. From the many lives contained within four walls of a house, to the mortar and beams that keep it standing, she is a telling witness to the love, anger, and poignant solitudes that form the spaces we inhabit and make our own.",339
Nutrition and Physical Degeneration,"At the end 20th century, the idea that the food we eat affects our physical structure for good or ill is almost universally accepted. Sixty years ago it wasn't, and the publication of Nutrition and Physical Degeneration rocked the worlds of science and nutrition with Dr. Price's irrefutable evidence and documentation of this concept. Even today, this outstanding book remains the basic text and essential reading for anyone concerned with nutrition and disease prevention.",474
Paddington at the Carnival,"A funny picture book about Paddington, the beloved, classic bear from darkest Peru - soon to be a major movie star!
Paddington has never been to a carnival before, so Mr Gruber takes him down to the canal to join in the fun. Hoping to win a boat ride for two, the friends enter the Busy Bee Adventure Trail. Paddington soon discovers that he's very good at spotting things beginning with the letter B, but it seems that he's not the only one with his eye on the prize...",470
"Tomb Raider, Vol. 2: Mystic Artifacts","In this collection, Lara must figure out how to survive against both a Tyrannosaurus Rex as well as the Midnight Squires. This mysterious group is after an artifact in Lara's possession called the Eye of Shaharettin, an orb that allows you to see the future. When the Eye shows Lara what will happen if the Squires gain possession of it, the chase to end all chases begins",372
"InuYasha, Volume 51","Historical action and romance from one of Japan's most beloved creators!
Reads R to L (Japanese Style). Historical action and romance from one of Japan's most beloved creators!
Outfoxed Byakuya transports Inuyasha and Sesshomaru to another dimension where no friends can come to their aid--and then Naraku joins the battle! Plus, Shippo enters a fox demon competition. Have his skills improved or deteriorated since he started hanging out with Inuyasha?",453
Lover's Knot of Four,"For Carry, life was normal and quiet. She was a commercial artist whose goal was to get a great contract and do what she loved best, design art for others. But fate has a way of taking a girl who had never traveled and mixing in big money, National Security badges, greedy people and four of the hottest men she had ever met. Could she cope, would she crumble or would she end up running the show?",397
Her Lover,"aka Boless
This story is about a male student whose poor, illiterate neighbor, Teresa, asks him to write a letter to her boyfriend back home. Soon after, she asks him to write a letter, as a young man, to his girlfriend, Teresa. The student then realizes that Teresa has created the boyfriend, and her relationship with him, out of loneliness and despair.",355
The Pilgrim's Regress,"The first book written by C.S. Lewis after his conversion, The Pilgrim's Regress is the record of Lewis's own search for meaning and spiritual satisfaction, a search that eventually led him to Christianity. This brilliant, Bunyanesque allegory tells a fascinating story and constitutes an effective Christian apologia.",318
The Encyclopedia of Demons and Demonology,The Encyclopedia of Demons and Demonology explores this dark aspect of folklore and religion and the role that demons play in the modern world. This comprehensive resource presents more than 400 entries and more than 80 black-and-white photographs documenting beliefs about demons and demonology from ancient history to the present.,332
Revolution at the Checkout Counter: The Explosion of the Bar Code,"The Universal Product Code (UPC), a small rectangle of black and white bars, adorns virtually every retail item we purchase. Yet 25 years ago, the UPC was a mere kernel of an idea shared by a small cadre of manufacturing and chain store executives. Here Stephen Brown, the legal counsel of those executives, traces its origin and evolution.",340
"Emergency in Escape Pod Four (Star Wars: Science Adventures, #1)","Meet Stuart Zissu, a twelve-year-old Rebel, and 4B-X, a super-smart droid who can answer almost every scientific question. They join the famous droids R2-D2 and C-3PO on a top secret mission for the Rebellion. After stormtroopers attack their ship, Stuart and the droids must use 4B-X's scientific knowledge in order to pilot and land their runaway escape pod -- or else.",371
Pathfinder Module: We Be Goblins!,"We Be Goblins! is an adventure for 1st-level characters in which the PCs play a horde of malicious and murderous goblins, written for the Pathfinder Roleplaying Game and compatible with the 3.5 edition of the world's oldest RPG. The adventure takes place outside the town of Sandpoint in the Pathfinder campaign setting, but can easily be adapted for any campaign world. (From back cover)",388
The Caregiving Trap: Solutions for Life's Unexpected Changes,"Straightforward information and step-by-step exercises to: 1) support caregivers to recognize early signs that loved ones will require special care and advocacy, 2) initiate caregiving conversations, 3) acknowledge the challenges caregiving brings to family interactions and relationships, 4) set caregiving boundaries, 5) identify actions for clear and open communication and 6) gain awareness of the personal and financial obligations resulting from the role of caregiving.",475
"The Hillwalker: a Tale of Magick, Love Potions, Vampyrs and Public Footpaths","The Hillwalker: a Tale of Magick, Love Potions, Vampyrs and Public Footpaths is a comic fantasy novella set in London and rural England. I'm not going to give much of the story away, as that would spoil the read - the fun of this kind of book lies in the unexpected! It should appeal to fans of Terry Pratchett and Douglas Adams, and also anyone with a sense of humour and imagination who loves walking and the countryside.",423
Empyrean,"None of them were ready to let go.
None of them were ready to move on.
Then the Domes collapsed.
Samantha Dupres and several others wake up in a deadly maze, their last memory being of their own deaths. Holograms of their dead parents guide their way as the challenges mount. The deeper into the labyrinth they go, the closer they come to learning about their parents desperate plan and why they have to stop it.",412
"Tidings of Comfort & Joy: A Tender Story of Love, Loss, and Reunion","As the questions begin, an extraordinary story unfolds. A story of love and loss and caring, of separation and reunion. Of small acts of heroism in a distant and war-weary English village, now half a century ago.
As her grandmother shares this story with Marissa, the two discover that the most precious gift of Christmas is that of the present. And the season of giving is not limited to once a year.",401
Ancient Rome: From Romulus and Remus to the Visigoth Invasion,"Echoes of ancient Roman concepts of governance, law, and society still ring throughout the world today. A stranger to neither war nor wealth, ancient Rome was shaped as much by strife as it was by prosperity. The expansion of the Roman Empire was buoyed by this cultures tendency to embrace traditions of its newly assimilated peoples, making Rome a cradle of endless and enduring possibilities. The history of an exceptional empire is recounted in this sweeping volume.",470
Potty Hero,"A playful and fun potty book for boys!
This sturdy board book with a die-cut cover is perfect for encouraging little boys to use the potty with confidence. With humorous rhyming text, this book takes a playful yet practical approach to potty training. As the boys make the transition from diapers to big-boy underpants, they become potty heroes!",345
The Boy with the Patang,"On a rooftop in Sikimpur, a young boy and girl fly kites. Some years later they meet again on their wedding day. So begins the story of enigmatic Sahira and solid Sami and what should have been their happy life together. But Sahira finds she cannot love Sami and Sami has a secret, which Sahira cannot ignore. Sami's work takes them to the idyll of Andalusia where, on the shores of Lake Bermejalis, Sahira and her young nephew chance upon a stranger...",453
God Took Me by the Hand: A Story of God's Unusual Providence,"Jerry Bridges' life is a remarkable story of God's providence. From -a most unpromising beginning- as a poor kid from the wrong side of the tracks, he joined the Navy, went to college, became an engineer, joined The Navigators as a missionary, and eventually became a best-selling author. In this book, Jerry illustrates through his story--and then summarizes for the reader--seven key -spiritual lessons- that God has taught him through his 83 years. These lessons can be passed on to any believer.",499
Dear Virgil,"Two men: one white, one black; one in the North and one in the South. Their correspondence reveals secrets that could damn them both but what really happened one hot night in Mississippi?
Tags:
murder, confessions, police, mississippi, racism in america, grief, letters, secrets, philadelphia, mourning, regrets, southern baptist, black white, 1960s south, epistolary novel,",374
"Multiplied by seven (By and By, #2)","Sterek
Derek isn't exactly like other people. Stiles doesn't say that because he's in love with him, or whatever. He's not like Scott, who thinks Allison hung the freaking moon, or was the first girl to ever let a guy under her bra. Derek isn't like other people. Sometimes he's not exactly sane.
psychopaths in love - the story from Derek & Stiles's side.
companion fic to 'hear his alibis'
Words: 26340 complete",413
The Nonprofit Board Therapist: A Guide to Unlocking Your Organization's True Potential,"The Non-Profit Therapist is a must-read for any non-profit board member or CEO. Dennis' book contains numerous nuggets of wisdom that would assist any non-profit organization. The suggestions are practical and easy to implement. If your organization is experiencing issues around good governance and leadership, make the time to read this book.",344
I - A Short Story,"Heat, cold, loneliness, and fear... One man's journey as his soul rediscovers the path his life has followed. Memories of transgressions... Torment for false repentance... Excusing bad behavior... The sought after salvation slips from his grasp. Will he find triumph or tragedy? ""I""; one man's story. Will it be yours as well?",326
Flack Jacket Love,"Rig has a secret. Sometimes, when he's alone, he put on one of Rock or Dick's old camo jackets and gets off wearing it. What happens when he's caught in the middle of things by Rock and Dick themselves?
All proceeds for the sale of this book will go to the OutServe charity organization, whose mission it is to assist those affected by ""don't ask, don't tell, don't pursue.""",374
Mistletoe Kisses/Christmas Rendezvous/Midwinter Heat,"A seasonal collection of erotic novellas from the Secret Library series. In this collection of erotic romance novellas, different women find love and lust during the holidays. These stories are specially commissioned from Xcite's stable of top writers in the genre. They offer romance with plenty of passion and discreet covers Ideal for readers who like strong characterisation with explicit, passionate sex.",409
The Busy Scrapper: Making the Most of Your Scrapbooking Time,"Here's the real secret: Scrapbooking does not have to be time-consuming. With The Busy Scrapper, readers will learn these valuable time-saving techniques: buying only what you need; organizing to keep supplies and photos handy; using time-saving tools; scrapping with page kits; changing your favorite layout designs and much more! The Busy Scrapper will inspire readers to take action and over 90 layouts provide ideas on how to implement the tips and techniques suggested.",474
